{"t":{"$date":"2026-02-24T01:43:07.901+05:30"},"s":"I",  "c":"CONTROL",  "id":23285,   "ctx":"-","msg":"Automatically disabling TLS 1.0, to force-enable TLS 1.0 specify --sslDisabledProtocols 'none'"}
{"t":{"$date":"2026-02-24T01:43:07.916+05:30"},"s":"I",  "c":"NETWORK",  "id":4915701, "ctx":"-","msg":"Initialized wire specification","attr":{"spec":{"incomingExternalClient":{"minWireVersion":0,"maxWireVersion":17},"incomingInternalClient":{"minWireVersion":0,"maxWireVersion":17},"outgoing":{"minWireVersion":6,"maxWireVersion":17},"isInternalClient":true}}}
{"t":{"$date":"2026-02-24T01:43:07.922+05:30"},"s":"I",  "c":"NETWORK",  "id":4648602, "ctx":"thread1","msg":"Implicit TCP FastOpen in use."}
{"t":{"$date":"2026-02-24T01:43:07.927+05:30"},"s":"I",  "c":"REPL",     "id":5123008, "ctx":"thread1","msg":"Successfully registered PrimaryOnlyService","attr":{"service":"TenantMigrationDonorService","namespace":"config.tenantMigrationDonors"}}
{"t":{"$date":"2026-02-24T01:43:07.928+05:30"},"s":"I",  "c":"REPL",     "id":5123008, "ctx":"thread1","msg":"Successfully registered PrimaryOnlyService","attr":{"service":"TenantMigrationRecipientService","namespace":"config.tenantMigrationRecipients"}}
{"t":{"$date":"2026-02-24T01:43:07.928+05:30"},"s":"I",  "c":"REPL",     "id":5123008, "ctx":"thread1","msg":"Successfully registered PrimaryOnlyService","attr":{"service":"ShardSplitDonorService","namespace":"config.tenantSplitDonors"}}
{"t":{"$date":"2026-02-24T01:43:07.928+05:30"},"s":"I",  "c":"CONTROL",  "id":5945603, "ctx":"thread1","msg":"Multi threading initialized"}
{"t":{"$date":"2026-02-24T01:43:07.929+05:30"},"s":"I",  "c":"CONTROL",  "id":4615611, "ctx":"initandlisten","msg":"MongoDB starting","attr":{"pid":67409,"port":27017,"dbPath":"/usr/local/var/mongodb","architecture":"64-bit","host":"Shivams-MacBook-Air-2.local"}}
{"t":{"$date":"2026-02-24T01:43:07.929+05:30"},"s":"I",  "c":"CONTROL",  "id":23403,   "ctx":"initandlisten","msg":"Build Info","attr":{"buildInfo":{"version":"6.0.16","gitVersion":"1bbe71e91a41b097b19d036dee47b861b3f27181","modules":[],"allocator":"system","environment":{"distarch":"x86_64","target_arch":"x86_64"}}}}
{"t":{"$date":"2026-02-24T01:43:07.929+05:30"},"s":"I",  "c":"CONTROL",  "id":51765,   "ctx":"initandlisten","msg":"Operating System","attr":{"os":{"name":"Mac OS X","version":"23.6.0"}}}
{"t":{"$date":"2026-02-24T01:43:07.929+05:30"},"s":"I",  "c":"CONTROL",  "id":21951,   "ctx":"initandlisten","msg":"Options set by command line","attr":{"options":{"net":{"bindIp":"localhost","port":27017},"processManagement":{"fork":true},"replication":{"replSet":"rs0"},"storage":{"dbPath":"/usr/local/var/mongodb"},"systemLog":{"destination":"file","path":"/Users/shivamtiwari/Ai-Workout-Tracker/AI-Workout-Tracker/backend/mongod.log"}}}}
{"t":{"$date":"2026-02-24T01:43:07.933+05:30"},"s":"I",  "c":"NETWORK",  "id":5693100, "ctx":"initandlisten","msg":"Asio socket.set_option failed with std::system_error","attr":{"note":"acceptor TCP fast open","option":{"level":6,"name":261,"data":"00 04 00 00"},"error":{"what":"set_option: Invalid argument","message":"Invalid argument","category":"asio.system","value":22}}}
{"t":{"$date":"2026-02-24T01:43:07.936+05:30"},"s":"I",  "c":"STORAGE",  "id":22270,   "ctx":"initandlisten","msg":"Storage engine to use detected by data files","attr":{"dbpath":"/usr/local/var/mongodb","storageEngine":"wiredTiger"}}
{"t":{"$date":"2026-02-24T01:43:07.936+05:30"},"s":"I",  "c":"STORAGE",  "id":22315,   "ctx":"initandlisten","msg":"Opening WiredTiger","attr":{"config":"create,cache_size=3584M,session_max=33000,eviction=(threads_min=4,threads_max=4),config_base=false,statistics=(fast),log=(enabled=true,remove=true,path=journal,compressor=snappy),builtin_extension_config=(zstd=(compression_level=6)),file_manager=(close_idle_time=600,close_scan_interval=10,close_handle_minimum=2000),statistics_log=(wait=0),json_output=(error,message),verbose=[recovery_progress:1,checkpoint_progress:1,compact_progress:1,backup:0,checkpoint:0,compact:0,evict:0,history_store:0,recovery:0,rts:0,salvage:0,tiered:0,timestamp:0,transaction:0,verify:0,log:0],"}}
{"t":{"$date":"2026-02-24T01:43:08.068+05:30"},"s":"I",  "c":"WTRECOV",  "id":22430,   "ctx":"initandlisten","msg":"WiredTiger message","attr":{"message":{"ts_sec":1771877588,"ts_usec":68066,"thread":"67409:0x208a01240","session_name":"txn-recover","category":"WT_VERB_RECOVERY_PROGRESS","category_id":30,"verbose_level":"DEBUG","verbose_level_id":1,"msg":"Recovering log 17 through 18"}}}
{"t":{"$date":"2026-02-24T01:43:08.107+05:30"},"s":"I",  "c":"WTRECOV",  "id":22430,   "ctx":"initandlisten","msg":"WiredTiger message","attr":{"message":{"ts_sec":1771877588,"ts_usec":107235,"thread":"67409:0x208a01240","session_name":"txn-recover","category":"WT_VERB_RECOVERY_PROGRESS","category_id":30,"verbose_level":"DEBUG","verbose_level_id":1,"msg":"Recovering log 18 through 18"}}}
{"t":{"$date":"2026-02-24T01:43:08.140+05:30"},"s":"I",  "c":"WTRECOV",  "id":22430,   "ctx":"initandlisten","msg":"WiredTiger message","attr":{"message":{"ts_sec":1771877588,"ts_usec":140838,"thread":"67409:0x208a01240","session_name":"txn-recover","category":"WT_VERB_RECOVERY_PROGRESS","category_id":30,"verbose_level":"DEBUG","verbose_level_id":1,"msg":"Main recovery loop: starting at 17/1191808 to 18/256"}}}
{"t":{"$date":"2026-02-24T01:43:08.197+05:30"},"s":"I",  "c":"WTRECOV",  "id":22430,   "ctx":"initandlisten","msg":"WiredTiger message","attr":{"message":{"ts_sec":1771877588,"ts_usec":197767,"thread":"67409:0x208a01240","session_name":"txn-recover","category":"WT_VERB_RECOVERY_PROGRESS","category_id":30,"verbose_level":"DEBUG","verbose_level_id":1,"msg":"Recovering log 17 through 18"}}}
{"t":{"$date":"2026-02-24T01:43:08.232+05:30"},"s":"I",  "c":"WTRECOV",  "id":22430,   "ctx":"initandlisten","msg":"WiredTiger message","attr":{"message":{"ts_sec":1771877588,"ts_usec":232801,"thread":"67409:0x208a01240","session_name":"txn-recover","category":"WT_VERB_RECOVERY_PROGRESS","category_id":30,"verbose_level":"DEBUG","verbose_level_id":1,"msg":"Recovering log 18 through 18"}}}
{"t":{"$date":"2026-02-24T01:43:08.260+05:30"},"s":"I",  "c":"WTRECOV",  "id":22430,   "ctx":"initandlisten","msg":"WiredTiger message","attr":{"message":{"ts_sec":1771877588,"ts_usec":260481,"thread":"67409:0x208a01240","session_name":"txn-recover","category":"WT_VERB_RECOVERY_PROGRESS","category_id":30,"verbose_level":"DEBUG","verbose_level_id":1,"msg":"recovery log replay has successfully finished and ran for 193 milliseconds"}}}
{"t":{"$date":"2026-02-24T01:43:08.261+05:30"},"s":"I",  "c":"WTRECOV",  "id":22430,   "ctx":"initandlisten","msg":"WiredTiger message","attr":{"message":{"ts_sec":1771877588,"ts_usec":261048,"thread":"67409:0x208a01240","session_name":"txn-recover","category":"WT_VERB_RECOVERY_PROGRESS","category_id":30,"verbose_level":"DEBUG","verbose_level_id":1,"msg":"Set global recovery timestamp: (0, 0)"}}}
{"t":{"$date":"2026-02-24T01:43:08.261+05:30"},"s":"I",  "c":"WTRECOV",  "id":22430,   "ctx":"initandlisten","msg":"WiredTiger message","attr":{"message":{"ts_sec":1771877588,"ts_usec":261237,"thread":"67409:0x208a01240","session_name":"txn-recover","category":"WT_VERB_RECOVERY_PROGRESS","category_id":30,"verbose_level":"DEBUG","verbose_level_id":1,"msg":"Set global oldest timestamp: (0, 0)"}}}
{"t":{"$date":"2026-02-24T01:43:08.261+05:30"},"s":"I",  "c":"WTRECOV",  "id":22430,   "ctx":"initandlisten","msg":"WiredTiger message","attr":{"message":{"ts_sec":1771877588,"ts_usec":261681,"thread":"67409:0x208a01240","session_name":"txn-recover","category":"WT_VERB_RECOVERY_PROGRESS","category_id":30,"verbose_level":"DEBUG","verbose_level_id":1,"msg":"recovery rollback to stable has successfully finished and ran for 0 milliseconds"}}}
{"t":{"$date":"2026-02-24T01:43:08.266+05:30"},"s":"I",  "c":"WTCHKPT",  "id":22430,   "ctx":"initandlisten","msg":"WiredTiger message","attr":{"message":{"ts_sec":1771877588,"ts_usec":266140,"thread":"67409:0x208a01240","session_name":"WT_SESSION.checkpoint","category":"WT_VERB_CHECKPOINT_PROGRESS","category_id":6,"verbose_level":"DEBUG","verbose_level_id":1,"msg":"saving checkpoint snapshot min: 1, snapshot max: 1 snapshot count: 0, oldest timestamp: (0, 0) , meta checkpoint timestamp: (0, 0) base write gen: 556601"}}}
{"t":{"$date":"2026-02-24T01:43:08.292+05:30"},"s":"I",  "c":"WTRECOV",  "id":22430,   "ctx":"initandlisten","msg":"WiredTiger message","attr":{"message":{"ts_sec":1771877588,"ts_usec":292817,"thread":"67409:0x208a01240","session_name":"txn-recover","category":"WT_VERB_RECOVERY_PROGRESS","category_id":30,"verbose_level":"DEBUG","verbose_level_id":1,"msg":"recovery checkpoint has successfully finished and ran for 30 milliseconds"}}}
{"t":{"$date":"2026-02-24T01:43:08.293+05:30"},"s":"I",  "c":"WTRECOV",  "id":22430,   "ctx":"initandlisten","msg":"WiredTiger message","attr":{"message":{"ts_sec":1771877588,"ts_usec":293149,"thread":"67409:0x208a01240","session_name":"txn-recover","category":"WT_VERB_RECOVERY_PROGRESS","category_id":30,"verbose_level":"DEBUG","verbose_level_id":1,"msg":"recovery was completed successfully and took 225ms, including 193ms for the log replay, 0ms for the rollback to stable, and 30ms for the checkpoint."}}}
{"t":{"$date":"2026-02-24T01:43:08.299+05:30"},"s":"I",  "c":"STORAGE",  "id":4795906, "ctx":"initandlisten","msg":"WiredTiger opened","attr":{"durationMillis":363}}
{"t":{"$date":"2026-02-24T01:43:08.299+05:30"},"s":"I",  "c":"RECOVERY", "id":23987,   "ctx":"initandlisten","msg":"WiredTiger recoveryTimestamp","attr":{"recoveryTimestamp":{"$timestamp":{"t":0,"i":0}}}}
{"t":{"$date":"2026-02-24T01:43:08.409+05:30"},"s":"W",  "c":"CONTROL",  "id":22120,   "ctx":"initandlisten","msg":"Access control is not enabled for the database. Read and write access to data and configuration is unrestricted","tags":["startupWarnings"]}
{"t":{"$date":"2026-02-24T01:43:08.427+05:30"},"s":"I",  "c":"NETWORK",  "id":4915702, "ctx":"initandlisten","msg":"Updated wire specification","attr":{"oldSpec":{"incomingExternalClient":{"minWireVersion":0,"maxWireVersion":17},"incomingInternalClient":{"minWireVersion":0,"maxWireVersion":17},"outgoing":{"minWireVersion":6,"maxWireVersion":17},"isInternalClient":true},"newSpec":{"incomingExternalClient":{"minWireVersion":0,"maxWireVersion":17},"incomingInternalClient":{"minWireVersion":17,"maxWireVersion":17},"outgoing":{"minWireVersion":17,"maxWireVersion":17},"isInternalClient":true}}}
{"t":{"$date":"2026-02-24T01:43:08.428+05:30"},"s":"I",  "c":"REPL",     "id":5853300, "ctx":"initandlisten","msg":"current featureCompatibilityVersion value","attr":{"featureCompatibilityVersion":"6.0","context":"startup"}}
{"t":{"$date":"2026-02-24T01:43:08.428+05:30"},"s":"I",  "c":"STORAGE",  "id":5071100, "ctx":"initandlisten","msg":"Clearing temp directory"}
{"t":{"$date":"2026-02-24T01:43:08.448+05:30"},"s":"I",  "c":"CONTROL",  "id":20536,   "ctx":"initandlisten","msg":"Flow Control is enabled on this deployment"}
{"t":{"$date":"2026-02-24T01:43:08.449+05:30"},"s":"I",  "c":"FTDC",     "id":20625,   "ctx":"initandlisten","msg":"Initializing full-time diagnostic data capture","attr":{"dataDirectory":"/usr/local/var/mongodb/diagnostic.data"}}
{"t":{"$date":"2026-02-24T01:43:08.463+05:30"},"s":"I",  "c":"REPL",     "id":6015317, "ctx":"initandlisten","msg":"Setting new configuration state","attr":{"newState":"ConfigStartingUp","oldState":"ConfigPreStart"}}
{"t":{"$date":"2026-02-24T01:43:08.463+05:30"},"s":"I",  "c":"REPL",     "id":6005300, "ctx":"initandlisten","msg":"Starting up replica set aware services"}
{"t":{"$date":"2026-02-24T01:43:08.463+05:30"},"s":"I",  "c":"-",        "id":4939300, "ctx":"monitoring-keys-for-HMAC","msg":"Failed to refresh key cache","attr":{"error":"ReadConcernMajorityNotAvailableYet: Read concern majority reads are currently not possible.","nextWakeupMillis":200}}
{"t":{"$date":"2026-02-24T01:43:08.464+05:30"},"s":"I",  "c":"REPL",     "id":4280500, "ctx":"initandlisten","msg":"Attempting to create internal replication collections"}
{"t":{"$date":"2026-02-24T01:43:08.464+05:30"},"s":"I",  "c":"STORAGE",  "id":20320,   "ctx":"initandlisten","msg":"createCollection","attr":{"namespace":"local.replset.oplogTruncateAfterPoint","uuidDisposition":"generated","uuid":{"uuid":{"$uuid":"803e8a09-8c06-4233-bc3c-275649a66f6d"}},"options":{}}}
{"t":{"$date":"2026-02-24T01:43:08.486+05:30"},"s":"I",  "c":"INDEX",    "id":20345,   "ctx":"initandlisten","msg":"Index build: done building","attr":{"buildUUID":null,"collectionUUID":{"uuid":{"$uuid":"803e8a09-8c06-4233-bc3c-275649a66f6d"}},"namespace":"local.replset.oplogTruncateAfterPoint","index":"_id_","ident":"index-1-909338163176940354","collectionIdent":"collection-0-909338163176940354","commitTimestamp":null}}
{"t":{"$date":"2026-02-24T01:43:08.487+05:30"},"s":"I",  "c":"STORAGE",  "id":20320,   "ctx":"initandlisten","msg":"createCollection","attr":{"namespace":"local.replset.minvalid","uuidDisposition":"generated","uuid":{"uuid":{"$uuid":"036a50f7-648f-4889-bbd9-1f7c6ad87df5"}},"options":{}}}
{"t":{"$date":"2026-02-24T01:43:08.506+05:30"},"s":"I",  "c":"INDEX",    "id":20345,   "ctx":"initandlisten","msg":"Index build: done building","attr":{"buildUUID":null,"collectionUUID":{"uuid":{"$uuid":"036a50f7-648f-4889-bbd9-1f7c6ad87df5"}},"namespace":"local.replset.minvalid","index":"_id_","ident":"index-3-909338163176940354","collectionIdent":"collection-2-909338163176940354","commitTimestamp":null}}
{"t":{"$date":"2026-02-24T01:43:08.508+05:30"},"s":"I",  "c":"STORAGE",  "id":20320,   "ctx":"initandlisten","msg":"createCollection","attr":{"namespace":"local.replset.election","uuidDisposition":"generated","uuid":{"uuid":{"$uuid":"ed171f67-0c24-4544-a8e6-b79b6b0ab4b7"}},"options":{}}}
{"t":{"$date":"2026-02-24T01:43:08.534+05:30"},"s":"I",  "c":"INDEX",    "id":20345,   "ctx":"initandlisten","msg":"Index build: done building","attr":{"buildUUID":null,"collectionUUID":{"uuid":{"$uuid":"ed171f67-0c24-4544-a8e6-b79b6b0ab4b7"}},"namespace":"local.replset.election","index":"_id_","ident":"index-5-909338163176940354","collectionIdent":"collection-4-909338163176940354","commitTimestamp":null}}
{"t":{"$date":"2026-02-24T01:43:08.534+05:30"},"s":"I",  "c":"REPL",     "id":4280501, "ctx":"initandlisten","msg":"Attempting to load local voted for document"}
{"t":{"$date":"2026-02-24T01:43:08.535+05:30"},"s":"I",  "c":"REPL",     "id":21311,   "ctx":"initandlisten","msg":"Did not find local initialized voted for document at startup"}
{"t":{"$date":"2026-02-24T01:43:08.535+05:30"},"s":"I",  "c":"REPL",     "id":4280502, "ctx":"initandlisten","msg":"Searching for local Rollback ID document"}
{"t":{"$date":"2026-02-24T01:43:08.535+05:30"},"s":"I",  "c":"REPL",     "id":21312,   "ctx":"initandlisten","msg":"Did not find local Rollback ID document at startup. Creating one"}
{"t":{"$date":"2026-02-24T01:43:08.535+05:30"},"s":"I",  "c":"STORAGE",  "id":20320,   "ctx":"initandlisten","msg":"createCollection","attr":{"namespace":"local.system.rollback.id","uuidDisposition":"generated","uuid":{"uuid":{"$uuid":"c57865ca-b6c6-4677-b2a7-0dab7e769c7a"}},"options":{}}}
{"t":{"$date":"2026-02-24T01:43:08.557+05:30"},"s":"I",  "c":"INDEX",    "id":20345,   "ctx":"initandlisten","msg":"Index build: done building","attr":{"buildUUID":null,"collectionUUID":{"uuid":{"$uuid":"c57865ca-b6c6-4677-b2a7-0dab7e769c7a"}},"namespace":"local.system.rollback.id","index":"_id_","ident":"index-7-909338163176940354","collectionIdent":"collection-6-909338163176940354","commitTimestamp":null}}
{"t":{"$date":"2026-02-24T01:43:08.557+05:30"},"s":"I",  "c":"REPL",     "id":21531,   "ctx":"initandlisten","msg":"Initialized the rollback ID","attr":{"rbid":1}}
{"t":{"$date":"2026-02-24T01:43:08.558+05:30"},"s":"I",  "c":"REPL",     "id":21313,   "ctx":"initandlisten","msg":"Did not find local replica set configuration document at startup","attr":{"error":{"code":47,"codeName":"NoMatchingDocument","errmsg":"Did not find replica set configuration document in local.system.replset"}}}
{"t":{"$date":"2026-02-24T01:43:08.558+05:30"},"s":"I",  "c":"REPL",     "id":6015317, "ctx":"initandlisten","msg":"Setting new configuration state","attr":{"newState":"ConfigUninitialized","oldState":"ConfigStartingUp"}}
{"t":{"$date":"2026-02-24T01:43:08.558+05:30"},"s":"I",  "c":"STORAGE",  "id":20320,   "ctx":"initandlisten","msg":"createCollection","attr":{"namespace":"local.system.views","uuidDisposition":"generated","uuid":{"uuid":{"$uuid":"32399c20-268e-4089-8cad-49ba730b151e"}},"options":{}}}
{"t":{"$date":"2026-02-24T01:43:08.583+05:30"},"s":"I",  "c":"INDEX",    "id":20345,   "ctx":"initandlisten","msg":"Index build: done building","attr":{"buildUUID":null,"collectionUUID":{"uuid":{"$uuid":"32399c20-268e-4089-8cad-49ba730b151e"}},"namespace":"local.system.views","index":"_id_","ident":"index-9-909338163176940354","collectionIdent":"collection-8-909338163176940354","commitTimestamp":null}}
{"t":{"$date":"2026-02-24T01:43:08.584+05:30"},"s":"I",  "c":"STORAGE",  "id":22262,   "ctx":"initandlisten","msg":"Timestamp monitor starting"}
{"t":{"$date":"2026-02-24T01:43:08.585+05:30"},"s":"I",  "c":"REPL",     "id":40440,   "ctx":"initandlisten","msg":"Starting the TopologyVersionObserver"}
{"t":{"$date":"2026-02-24T01:43:08.585+05:30"},"s":"I",  "c":"REPL",     "id":40445,   "ctx":"TopologyVersionObserver","msg":"Started TopologyVersionObserver"}
{"t":{"$date":"2026-02-24T01:43:08.586+05:30"},"s":"I",  "c":"NETWORK",  "id":23015,   "ctx":"listener","msg":"Listening on","attr":{"address":"/tmp/mongodb-27017.sock"}}
{"t":{"$date":"2026-02-24T01:43:08.586+05:30"},"s":"I",  "c":"NETWORK",  "id":23015,   "ctx":"listener","msg":"Listening on","attr":{"address":"127.0.0.1"}}
{"t":{"$date":"2026-02-24T01:43:08.586+05:30"},"s":"I",  "c":"NETWORK",  "id":23016,   "ctx":"listener","msg":"Waiting for connections","attr":{"port":27017,"ssl":"off"}}
{"t":{"$date":"2026-02-24T01:43:08.587+05:30"},"s":"I",  "c":"CONTROL",  "id":8423403, "ctx":"initandlisten","msg":"mongod startup complete","attr":{"Summary of time elapsed":{"Startup from clean shutdown?":true,"Statistics":{"Transport layer setup":"3 ms","Run initial syncer crash recovery":"0 ms","Create storage engine lock file in the data directory":"0 ms","Create storage engine lock file in the data directory":"0 ms","Get metadata describing storage engine":"0 ms","Get metadata describing storage engine":"0 ms","Validate options in metadata against current startup options":"0 ms","Validate options in metadata against current startup options":"0 ms","Create storage engine":"0 ms","Create storage engine":"472 ms","Write current PID to file":"0 ms","Write current PID to file":"0 ms","Initialize FCV before rebuilding indexes":"0 ms","Initialize FCV before rebuilding indexes":"19 ms","Drop abandoned idents and get back indexes that need to be rebuilt or builds that need to be restarted":"0 ms","Drop abandoned idents and get back indexes that need to be rebuilt or builds that need to be restarted":"0 ms","Rebuild indexes for collections":"0 ms","Rebuild indexes for collections":"0 ms","Build user and roles graph":"0 ms","Set up the background thread pool responsible for waiting for opTimes to be majority committed":"2 ms","Start up cluster time keys manager with a local/direct keys client":"0 ms","Start up the replication coordinator":"96 ms","Create an oplog view for tenant migrations":"26 ms","Start transport layer":"0 ms","_initAndListen total elapsed time":"657 ms"}}}}
{"t":{"$date":"2026-02-24T01:43:08.587+05:30"},"s":"I",  "c":"CONTROL",  "id":20714,   "ctx":"LogicalSessionCacheRefresh","msg":"Failed to refresh session cache, will try again at the next refresh interval","attr":{"error":"NotYetInitialized: Replication has not yet been configured"}}
{"t":{"$date":"2026-02-24T01:43:08.588+05:30"},"s":"I",  "c":"CONTROL",  "id":20711,   "ctx":"LogicalSessionCacheReap","msg":"Failed to reap transaction table","attr":{"error":"NotYetInitialized: Replication has not yet been configured"}}
{"t":{"$date":"2026-02-24T01:43:08.669+05:30"},"s":"I",  "c":"-",        "id":4939300, "ctx":"monitoring-keys-for-HMAC","msg":"Failed to refresh key cache","attr":{"error":"ReadConcernMajorityNotAvailableYet: Read concern majority reads are currently not possible.","nextWakeupMillis":400}}
{"t":{"$date":"2026-02-24T01:43:09.070+05:30"},"s":"I",  "c":"-",        "id":4939300, "ctx":"monitoring-keys-for-HMAC","msg":"Failed to refresh key cache","attr":{"error":"ReadConcernMajorityNotAvailableYet: Read concern majority reads are currently not possible.","nextWakeupMillis":600}}
{"t":{"$date":"2026-02-24T01:43:09.675+05:30"},"s":"I",  "c":"-",        "id":4939300, "ctx":"monitoring-keys-for-HMAC","msg":"Failed to refresh key cache","attr":{"error":"ReadConcernMajorityNotAvailableYet: Read concern majority reads are currently not possible.","nextWakeupMillis":800}}
{"t":{"$date":"2026-02-24T01:43:10.480+05:30"},"s":"I",  "c":"-",        "id":4939300, "ctx":"monitoring-keys-for-HMAC","msg":"Failed to refresh key cache","attr":{"error":"ReadConcernMajorityNotAvailableYet: Read concern majority reads are currently not possible.","nextWakeupMillis":1000}}
{"t":{"$date":"2026-02-24T01:43:11.486+05:30"},"s":"I",  "c":"-",        "id":4939300, "ctx":"monitoring-keys-for-HMAC","msg":"Failed to refresh key cache","attr":{"error":"ReadConcernMajorityNotAvailableYet: Read concern majority reads are currently not possible.","nextWakeupMillis":1200}}
{"t":{"$date":"2026-02-24T01:43:12.689+05:30"},"s":"I",  "c":"-",        "id":4939300, "ctx":"monitoring-keys-for-HMAC","msg":"Failed to refresh key cache","attr":{"error":"ReadConcernMajorityNotAvailableYet: Read concern majority reads are currently not possible.","nextWakeupMillis":1400}}
{"t":{"$date":"2026-02-24T01:43:14.091+05:30"},"s":"I",  "c":"-",        "id":4939300, "ctx":"monitoring-keys-for-HMAC","msg":"Failed to refresh key cache","attr":{"error":"ReadConcernMajorityNotAvailableYet: Read concern majority reads are currently not possible.","nextWakeupMillis":1600}}
{"t":{"$date":"2026-02-24T01:43:15.695+05:30"},"s":"I",  "c":"-",        "id":4939300, "ctx":"monitoring-keys-for-HMAC","msg":"Failed to refresh key cache","attr":{"error":"ReadConcernMajorityNotAvailableYet: Read concern majority reads are currently not possible.","nextWakeupMillis":1800}}
{"t":{"$date":"2026-02-24T01:43:17.500+05:30"},"s":"I",  "c":"-",        "id":4939300, "ctx":"monitoring-keys-for-HMAC","msg":"Failed to refresh key cache","attr":{"error":"ReadConcernMajorityNotAvailableYet: Read concern majority reads are currently not possible.","nextWakeupMillis":2000}}
{"t":{"$date":"2026-02-24T01:43:18.420+05:30"},"s":"I",  "c":"NETWORK",  "id":22943,   "ctx":"listener","msg":"Connection accepted","attr":{"remote":"127.0.0.1:51321","uuid":"a9d4486c-0951-4f0d-b7ef-9eb2007f1e9a","connectionId":1,"connectionCount":1}}
{"t":{"$date":"2026-02-24T01:43:18.424+05:30"},"s":"I",  "c":"NETWORK",  "id":51800,   "ctx":"conn1","msg":"client metadata","attr":{"remote":"127.0.0.1:51321","client":"conn1","negotiatedCompressors":[],"doc":{"application":{"name":"mongosh 2.3.2"},"driver":{"name":"nodejs|mongosh","version":"6.9.0|2.3.2"},"platform":"Node.js v22.9.0, LE","os":{"name":"darwin","architecture":"x64","version":"23.6.0","type":"Darwin"}}}}
{"t":{"$date":"2026-02-24T01:43:18.576+05:30"},"s":"I",  "c":"NETWORK",  "id":22943,   "ctx":"listener","msg":"Connection accepted","attr":{"remote":"127.0.0.1:51323","uuid":"652269b5-acc6-4720-a77d-b08df4d71956","connectionId":2,"connectionCount":2}}
{"t":{"$date":"2026-02-24T01:43:18.576+05:30"},"s":"I",  "c":"NETWORK",  "id":22943,   "ctx":"listener","msg":"Connection accepted","attr":{"remote":"127.0.0.1:51324","uuid":"c417d067-21a3-4444-bce5-2471525c1ac2","connectionId":3,"connectionCount":3}}
{"t":{"$date":"2026-02-24T01:43:18.583+05:30"},"s":"I",  "c":"NETWORK",  "id":51800,   "ctx":"conn2","msg":"client metadata","attr":{"remote":"127.0.0.1:51323","client":"conn2","negotiatedCompressors":[],"doc":{"application":{"name":"mongosh 2.3.2"},"driver":{"name":"nodejs|mongosh","version":"6.9.0|2.3.2"},"platform":"Node.js v22.9.0, LE","os":{"name":"darwin","architecture":"x64","version":"23.6.0","type":"Darwin"}}}}
{"t":{"$date":"2026-02-24T01:43:18.584+05:30"},"s":"I",  "c":"NETWORK",  "id":51800,   "ctx":"conn3","msg":"client metadata","attr":{"remote":"127.0.0.1:51324","client":"conn3","negotiatedCompressors":[],"doc":{"application":{"name":"mongosh 2.3.2"},"driver":{"name":"nodejs|mongosh","version":"6.9.0|2.3.2"},"platform":"Node.js v22.9.0, LE","os":{"name":"darwin","architecture":"x64","version":"23.6.0","type":"Darwin"}}}}
{"t":{"$date":"2026-02-24T01:43:18.587+05:30"},"s":"I",  "c":"NETWORK",  "id":22943,   "ctx":"listener","msg":"Connection accepted","attr":{"remote":"127.0.0.1:51325","uuid":"9a44e4dd-1b53-46c0-abf6-8dbf095ccde7","connectionId":4,"connectionCount":4}}
{"t":{"$date":"2026-02-24T01:43:18.591+05:30"},"s":"I",  "c":"NETWORK",  "id":22943,   "ctx":"listener","msg":"Connection accepted","attr":{"remote":"127.0.0.1:51326","uuid":"36d34542-72cd-44a3-a6d6-377a3b8f87f0","connectionId":5,"connectionCount":5}}
{"t":{"$date":"2026-02-24T01:43:18.593+05:30"},"s":"I",  "c":"NETWORK",  "id":51800,   "ctx":"conn4","msg":"client metadata","attr":{"remote":"127.0.0.1:51325","client":"conn4","negotiatedCompressors":[],"doc":{"application":{"name":"mongosh 2.3.2"},"driver":{"name":"nodejs|mongosh","version":"6.9.0|2.3.2"},"platform":"Node.js v22.9.0, LE","os":{"name":"darwin","architecture":"x64","version":"23.6.0","type":"Darwin"}}}}
{"t":{"$date":"2026-02-24T01:43:18.593+05:30"},"s":"I",  "c":"NETWORK",  "id":51800,   "ctx":"conn5","msg":"client metadata","attr":{"remote":"127.0.0.1:51326","client":"conn5","negotiatedCompressors":[],"doc":{"application":{"name":"mongosh 2.3.2"},"driver":{"name":"nodejs|mongosh","version":"6.9.0|2.3.2"},"platform":"Node.js v22.9.0, LE","os":{"name":"darwin","architecture":"x64","version":"23.6.0","type":"Darwin"}}}}
{"t":{"$date":"2026-02-24T01:43:18.599+05:30"},"s":"I",  "c":"COMMAND",  "id":21577,   "ctx":"conn5","msg":"Initiate: no configuration specified. Using a default configuration for the set"}
{"t":{"$date":"2026-02-24T01:43:18.600+05:30"},"s":"I",  "c":"COMMAND",  "id":21578,   "ctx":"conn5","msg":"Created configuration for initiation","attr":{"config":{"_id":"rs0","version":1,"members":[{"_id":0,"host":"localhost:27017"}]}}}
{"t":{"$date":"2026-02-24T01:43:18.601+05:30"},"s":"I",  "c":"REPL",     "id":21356,   "ctx":"conn5","msg":"replSetInitiate admin command received from client"}
{"t":{"$date":"2026-02-24T01:43:18.601+05:30"},"s":"I",  "c":"REPL",     "id":6015317, "ctx":"conn5","msg":"Setting new configuration state","attr":{"newState":"ConfigInitiating","oldState":"ConfigUninitialized"}}
{"t":{"$date":"2026-02-24T01:43:18.603+05:30"},"s":"I",  "c":"NETWORK",  "id":22943,   "ctx":"listener","msg":"Connection accepted","attr":{"remote":"127.0.0.1:51327","uuid":"9e15e33e-4495-4af6-8518-795808b10dd0","connectionId":7,"connectionCount":6}}
{"t":{"$date":"2026-02-24T01:43:18.604+05:30"},"s":"I",  "c":"REPL",     "id":21357,   "ctx":"conn5","msg":"replSetInitiate config object parses ok","attr":{"numMembers":1}}
{"t":{"$date":"2026-02-24T01:43:18.605+05:30"},"s":"I",  "c":"NETWORK",  "id":22944,   "ctx":"conn7","msg":"Connection ended","attr":{"remote":"127.0.0.1:51327","uuid":"9e15e33e-4495-4af6-8518-795808b10dd0","connectionId":7,"connectionCount":5}}
{"t":{"$date":"2026-02-24T01:43:18.605+05:30"},"s":"I",  "c":"REPL",     "id":21251,   "ctx":"conn5","msg":"Creating replication oplog","attr":{"oplogSizeMB":192}}
{"t":{"$date":"2026-02-24T01:43:18.605+05:30"},"s":"I",  "c":"STORAGE",  "id":20320,   "ctx":"conn5","msg":"createCollection","attr":{"namespace":"local.oplog.rs","uuidDisposition":"generated","uuid":{"uuid":{"$uuid":"163edd5d-99c3-437b-8457-14b85c04230b"}},"options":{"capped":true,"size":201326592,"autoIndexId":false}}}
{"t":{"$date":"2026-02-24T01:43:18.616+05:30"},"s":"I",  "c":"STORAGE",  "id":22383,   "ctx":"conn5","msg":"The size storer reports that the oplog contains","attr":{"numRecords":0,"dataSize":0}}
{"t":{"$date":"2026-02-24T01:43:18.616+05:30"},"s":"I",  "c":"STORAGE",  "id":22382,   "ctx":"conn5","msg":"WiredTiger record store oplog processing finished","attr":{"durationMillis":0}}
{"t":{"$date":"2026-02-24T01:43:18.626+05:30"},"s":"I",  "c":"WTCHKPT",  "id":22430,   "ctx":"conn5","msg":"WiredTiger message","attr":{"message":{"ts_sec":1771877598,"ts_usec":626706,"thread":"67409:0x30f3f8000","session_name":"WT_SESSION.checkpoint","category":"WT_VERB_CHECKPOINT_PROGRESS","category_id":6,"verbose_level":"DEBUG","verbose_level_id":1,"msg":"saving checkpoint snapshot min: 71, snapshot max: 71 snapshot count: 0, oldest timestamp: (0, 0) , meta checkpoint timestamp: (0, 0) base write gen: 556601"}}}
{"t":{"$date":"2026-02-24T01:43:18.691+05:30"},"s":"I",  "c":"STORAGE",  "id":20320,   "ctx":"conn5","msg":"createCollection","attr":{"namespace":"local.system.replset","uuidDisposition":"generated","uuid":{"uuid":{"$uuid":"29ceff3d-f2c0-4474-8a66-e663e2c7f903"}},"options":{}}}
{"t":{"$date":"2026-02-24T01:43:18.708+05:30"},"s":"I",  "c":"INDEX",    "id":20345,   "ctx":"conn5","msg":"Index build: done building","attr":{"buildUUID":null,"collectionUUID":{"uuid":{"$uuid":"29ceff3d-f2c0-4474-8a66-e663e2c7f903"}},"namespace":"local.system.replset","index":"_id_","ident":"index-12-909338163176940354","collectionIdent":"collection-11-909338163176940354","commitTimestamp":null}}
{"t":{"$date":"2026-02-24T01:43:18.714+05:30"},"s":"I",  "c":"WTCHKPT",  "id":22430,   "ctx":"conn5","msg":"WiredTiger message","attr":{"message":{"ts_sec":1771877598,"ts_usec":714053,"thread":"67409:0x30f3f8000","session_name":"WT_SESSION.checkpoint","category":"WT_VERB_CHECKPOINT_PROGRESS","category_id":6,"verbose_level":"DEBUG","verbose_level_id":1,"msg":"saving checkpoint snapshot min: 81, snapshot max: 81 snapshot count: 0, oldest timestamp: (0, 0) , meta checkpoint timestamp: (0, 0) base write gen: 556601"}}}
{"t":{"$date":"2026-02-24T01:43:18.748+05:30"},"s":"I",  "c":"REPL",     "id":5872101, "ctx":"conn5","msg":"Taking a stable checkpoint for replSetInitiate"}
{"t":{"$date":"2026-02-24T01:43:18.748+05:30"},"s":"I",  "c":"REPL",     "id":5872100, "ctx":"conn5","msg":"Updating commit point for initiate","attr":{"_lastCommittedOpTimeAndWallTime":"{ ts: Timestamp(1771877598, 1), t: -1 }, 2026-02-24T01:43:18.708+05:30"}}
{"t":{"$date":"2026-02-24T01:43:18.748+05:30"},"s":"I",  "c":"STORAGE",  "id":22310,   "ctx":"conn5","msg":"Triggering the first stable checkpoint","attr":{"initialDataTimestamp":{"$timestamp":{"t":1771877598,"i":1}},"prevStableTimestamp":{"$timestamp":{"t":0,"i":0}},"currStableTimestamp":{"$timestamp":{"t":1771877598,"i":1}}}}
{"t":{"$date":"2026-02-24T01:43:18.749+05:30"},"s":"I",  "c":"WTCHKPT",  "id":22430,   "ctx":"conn5","msg":"WiredTiger message","attr":{"message":{"ts_sec":1771877598,"ts_usec":749234,"thread":"67409:0x30f3f8000","session_name":"WT_SESSION.checkpoint","category":"WT_VERB_CHECKPOINT_PROGRESS","category_id":6,"verbose_level":"DEBUG","verbose_level_id":1,"msg":"saving checkpoint snapshot min: 83, snapshot max: 83 snapshot count: 0, oldest timestamp: (1771877598, 1) , meta checkpoint timestamp: (1771877598, 1) base write gen: 556601"}}}
{"t":{"$date":"2026-02-24T01:43:18.772+05:30"},"s":"I",  "c":"WTCHKPT",  "id":22430,   "ctx":"Checkpointer","msg":"WiredTiger message","attr":{"message":{"ts_sec":1771877598,"ts_usec":772064,"thread":"67409:0x30dd83000","session_name":"WT_SESSION.checkpoint","category":"WT_VERB_CHECKPOINT_PROGRESS","category_id":6,"verbose_level":"DEBUG","verbose_level_id":1,"msg":"saving checkpoint snapshot min: 85, snapshot max: 85 snapshot count: 0, oldest timestamp: (1771877598, 1) , meta checkpoint timestamp: (1771877598, 1) base write gen: 556601"}}}
{"t":{"$date":"2026-02-24T01:43:18.772+05:30"},"s":"I",  "c":"REPL",     "id":6015317, "ctx":"conn5","msg":"Setting new configuration state","attr":{"newState":"ConfigSteady","oldState":"ConfigInitiating"}}
{"t":{"$date":"2026-02-24T01:43:18.772+05:30"},"s":"I",  "c":"REPL",     "id":21392,   "ctx":"conn5","msg":"New replica set config in use","attr":{"config":{"_id":"rs0","version":1,"term":0,"members":[{"_id":0,"host":"localhost:27017","arbiterOnly":false,"buildIndexes":true,"hidden":false,"priority":1,"tags":{},"secondaryDelaySecs":0,"votes":1}],"protocolVersion":1,"writeConcernMajorityJournalDefault":true,"settings":{"chainingAllowed":true,"heartbeatIntervalMillis":2000,"heartbeatTimeoutSecs":10,"electionTimeoutMillis":10000,"catchUpTimeoutMillis":-1,"catchUpTakeoverDelayMillis":30000,"getLastErrorModes":{},"getLastErrorDefaults":{"w":1,"wtimeout":0},"replicaSetId":{"$oid":"699cb4deee249b95966e9cd9"}}}}}
{"t":{"$date":"2026-02-24T01:43:18.777+05:30"},"s":"I",  "c":"REPL",     "id":21393,   "ctx":"conn5","msg":"Found self in config","attr":{"hostAndPort":"localhost:27017"}}
{"t":{"$date":"2026-02-24T01:43:18.779+05:30"},"s":"I",  "c":"REPL",     "id":21358,   "ctx":"conn5","msg":"Replica set state transition","attr":{"newState":"STARTUP2","oldState":"STARTUP"}}
{"t":{"$date":"2026-02-24T01:43:18.779+05:30"},"s":"I",  "c":"REPL",     "id":21306,   "ctx":"conn5","msg":"Starting replication storage threads"}
{"t":{"$date":"2026-02-24T01:43:18.780+05:30"},"s":"I",  "c":"REPL",     "id":4280512, "ctx":"conn5","msg":"No initial sync required. Attempting to begin steady replication"}
{"t":{"$date":"2026-02-24T01:43:18.782+05:30"},"s":"I",  "c":"REPL",     "id":21358,   "ctx":"conn5","msg":"Replica set state transition","attr":{"newState":"RECOVERING","oldState":"STARTUP2"}}
{"t":{"$date":"2026-02-24T01:43:18.783+05:30"},"s":"I",  "c":"STORAGE",  "id":20320,   "ctx":"conn5","msg":"createCollection","attr":{"namespace":"local.replset.initialSyncId","uuidDisposition":"generated","uuid":{"uuid":{"$uuid":"30d5d837-9e4e-4e8d-8980-e28f8c417149"}},"options":{}}}
{"t":{"$date":"2026-02-24T01:43:18.810+05:30"},"s":"I",  "c":"INDEX",    "id":20345,   "ctx":"conn5","msg":"Index build: done building","attr":{"buildUUID":null,"collectionUUID":{"uuid":{"$uuid":"30d5d837-9e4e-4e8d-8980-e28f8c417149"}},"namespace":"local.replset.initialSyncId","index":"_id_","ident":"index-14-909338163176940354","collectionIdent":"collection-13-909338163176940354","commitTimestamp":null}}
{"t":{"$date":"2026-02-24T01:43:18.811+05:30"},"s":"I",  "c":"REPL",     "id":21299,   "ctx":"conn5","msg":"Starting replication fetcher thread"}
{"t":{"$date":"2026-02-24T01:43:18.811+05:30"},"s":"I",  "c":"REPL",     "id":21300,   "ctx":"conn5","msg":"Starting replication applier thread"}
{"t":{"$date":"2026-02-24T01:43:18.811+05:30"},"s":"I",  "c":"REPL",     "id":21301,   "ctx":"conn5","msg":"Starting replication reporter thread"}
{"t":{"$date":"2026-02-24T01:43:18.811+05:30"},"s":"I",  "c":"REPL",     "id":21224,   "ctx":"OplogApplier-0","msg":"Starting oplog application"}
{"t":{"$date":"2026-02-24T01:43:18.811+05:30"},"s":"I",  "c":"REPL",     "id":21358,   "ctx":"OplogApplier-0","msg":"Replica set state transition","attr":{"newState":"SECONDARY","oldState":"RECOVERING"}}
{"t":{"$date":"2026-02-24T01:43:18.812+05:30"},"s":"I",  "c":"COMMAND",  "id":51803,   "ctx":"conn5","msg":"Slow query","attr":{"type":"command","ns":"local.system.replset","appName":"mongosh 2.3.2","command":{"replSetInitiate":{},"lsid":{"id":{"$uuid":"a3a575fa-fe09-4a8f-a7d7-56e9e8e11cc8"}},"$readPreference":{"mode":"primaryPreferred"},"$db":"admin"},"totalOplogSlotDurationMicros":36,"numYields":0,"queryHash":"17830885","reslen":143,"locks":{"ParallelBatchWriterMode":{"acquireCount":{"r":9}},"FeatureCompatibilityVersion":{"acquireCount":{"r":4,"w":6}},"ReplicationStateTransition":{"acquireCount":{"w":10}},"Global":{"acquireCount":{"r":4,"w":4,"W":2}},"Database":{"acquireCount":{"r":2,"w":4,"R":1}},"Collection":{"acquireCount":{"r":2,"w":3}},"Mutex":{"acquireCount":{"r":9}},"oplog":{"acquireCount":{"w":1}}},"flowControl":{"acquireCount":3,"timeAcquiringMicros":1},"readConcern":{"level":"local","provenance":"implicitDefault"},"storage":{},"remote":"127.0.0.1:51326","protocol":"op_msg","durationMillis":212}}
{"t":{"$date":"2026-02-24T01:43:18.812+05:30"},"s":"I",  "c":"ELECTION", "id":4615652, "ctx":"OplogApplier-0","msg":"Starting an election, since we've seen no PRIMARY in election timeout period","attr":{"electionTimeoutPeriodMillis":10000}}
{"t":{"$date":"2026-02-24T01:43:18.813+05:30"},"s":"I",  "c":"ELECTION", "id":21438,   "ctx":"OplogApplier-0","msg":"Conducting a dry run election to see if we could be elected","attr":{"currentTerm":0}}
{"t":{"$date":"2026-02-24T01:43:18.813+05:30"},"s":"I",  "c":"ELECTION", "id":21444,   "ctx":"ReplCoord-0","msg":"Dry election run succeeded, running for election","attr":{"newTerm":1}}
{"t":{"$date":"2026-02-24T01:43:18.814+05:30"},"s":"I",  "c":"ELECTION", "id":6015300, "ctx":"ReplCoord-0","msg":"Storing last vote document in local storage for my election","attr":{"lastVote":{"term":1,"candidateIndex":0}}}
{"t":{"$date":"2026-02-24T01:43:18.819+05:30"},"s":"I",  "c":"ELECTION", "id":21450,   "ctx":"ReplCoord-0","msg":"Election succeeded, assuming primary role","attr":{"term":1}}
{"t":{"$date":"2026-02-24T01:43:18.819+05:30"},"s":"I",  "c":"REPL",     "id":21358,   "ctx":"ReplCoord-0","msg":"Replica set state transition","attr":{"newState":"PRIMARY","oldState":"SECONDARY"}}
{"t":{"$date":"2026-02-24T01:43:18.820+05:30"},"s":"I",  "c":"REPL",     "id":21106,   "ctx":"ReplCoord-0","msg":"Resetting sync source to empty","attr":{"previousSyncSource":":27017"}}
{"t":{"$date":"2026-02-24T01:43:18.820+05:30"},"s":"I",  "c":"REPL",     "id":21359,   "ctx":"ReplCoord-0","msg":"Entering primary catch-up mode"}
{"t":{"$date":"2026-02-24T01:43:18.820+05:30"},"s":"I",  "c":"REPL",     "id":6015304, "ctx":"ReplCoord-0","msg":"Skipping primary catchup since we are the only node in the replica set."}
{"t":{"$date":"2026-02-24T01:43:18.820+05:30"},"s":"I",  "c":"REPL",     "id":21363,   "ctx":"ReplCoord-0","msg":"Exited primary catch-up mode"}
{"t":{"$date":"2026-02-24T01:43:18.820+05:30"},"s":"I",  "c":"REPL",     "id":21107,   "ctx":"ReplCoord-0","msg":"Stopping replication producer"}
{"t":{"$date":"2026-02-24T01:43:18.820+05:30"},"s":"I",  "c":"REPL",     "id":21239,   "ctx":"ReplBatcher","msg":"Oplog buffer has been drained","attr":{"term":1}}
{"t":{"$date":"2026-02-24T01:43:18.821+05:30"},"s":"I",  "c":"REPL",     "id":21343,   "ctx":"RstlKillOpThread","msg":"Starting to kill user operations"}
{"t":{"$date":"2026-02-24T01:43:18.821+05:30"},"s":"I",  "c":"REPL",     "id":21344,   "ctx":"RstlKillOpThread","msg":"Stopped killing user operations"}
{"t":{"$date":"2026-02-24T01:43:18.821+05:30"},"s":"I",  "c":"REPL",     "id":21340,   "ctx":"RstlKillOpThread","msg":"State transition ops metrics","attr":{"metrics":{"lastStateTransition":"stepUp","userOpsKilled":0,"userOpsRunning":1}}}
{"t":{"$date":"2026-02-24T01:43:18.821+05:30"},"s":"I",  "c":"REPL",     "id":4508103, "ctx":"OplogApplier-0","msg":"Increment the config term via reconfig"}
{"t":{"$date":"2026-02-24T01:43:18.822+05:30"},"s":"I",  "c":"REPL",     "id":6015313, "ctx":"OplogApplier-0","msg":"Replication config state is Steady, starting reconfig"}
{"t":{"$date":"2026-02-24T01:43:18.822+05:30"},"s":"I",  "c":"REPL",     "id":6015317, "ctx":"OplogApplier-0","msg":"Setting new configuration state","attr":{"newState":"ConfigReconfiguring","oldState":"ConfigSteady"}}
{"t":{"$date":"2026-02-24T01:43:18.822+05:30"},"s":"I",  "c":"REPL",     "id":21353,   "ctx":"OplogApplier-0","msg":"replSetReconfig config object parses ok","attr":{"numMembers":1}}
{"t":{"$date":"2026-02-24T01:43:18.823+05:30"},"s":"I",  "c":"REPL",     "id":51814,   "ctx":"OplogApplier-0","msg":"Persisting new config to disk"}
{"t":{"$date":"2026-02-24T01:43:18.828+05:30"},"s":"I",  "c":"REPL",     "id":6015315, "ctx":"OplogApplier-0","msg":"Persisted new config to disk"}
{"t":{"$date":"2026-02-24T01:43:18.828+05:30"},"s":"I",  "c":"REPL",     "id":6015317, "ctx":"OplogApplier-0","msg":"Setting new configuration state","attr":{"newState":"ConfigSteady","oldState":"ConfigReconfiguring"}}
{"t":{"$date":"2026-02-24T01:43:18.828+05:30"},"s":"I",  "c":"REPL",     "id":21392,   "ctx":"OplogApplier-0","msg":"New replica set config in use","attr":{"config":{"_id":"rs0","version":1,"term":1,"members":[{"_id":0,"host":"localhost:27017","arbiterOnly":false,"buildIndexes":true,"hidden":false,"priority":1,"tags":{},"secondaryDelaySecs":0,"votes":1}],"protocolVersion":1,"writeConcernMajorityJournalDefault":true,"settings":{"chainingAllowed":true,"heartbeatIntervalMillis":2000,"heartbeatTimeoutSecs":10,"electionTimeoutMillis":10000,"catchUpTimeoutMillis":-1,"catchUpTakeoverDelayMillis":30000,"getLastErrorModes":{},"getLastErrorDefaults":{"w":1,"wtimeout":0},"replicaSetId":{"$oid":"699cb4deee249b95966e9cd9"}}}}}
{"t":{"$date":"2026-02-24T01:43:18.829+05:30"},"s":"I",  "c":"REPL",     "id":21393,   "ctx":"OplogApplier-0","msg":"Found self in config","attr":{"hostAndPort":"localhost:27017"}}
{"t":{"$date":"2026-02-24T01:43:18.829+05:30"},"s":"I",  "c":"NETWORK",  "id":22944,   "ctx":"conn3","msg":"Connection ended","attr":{"remote":"127.0.0.1:51324","uuid":"c417d067-21a3-4444-bce5-2471525c1ac2","connectionId":3,"connectionCount":3}}
{"t":{"$date":"2026-02-24T01:43:18.829+05:30"},"s":"I",  "c":"NETWORK",  "id":22944,   "ctx":"conn2","msg":"Connection ended","attr":{"remote":"127.0.0.1:51323","uuid":"652269b5-acc6-4720-a77d-b08df4d71956","connectionId":2,"connectionCount":0}}
{"t":{"$date":"2026-02-24T01:43:18.829+05:30"},"s":"I",  "c":"NETWORK",  "id":22944,   "ctx":"conn4","msg":"Connection ended","attr":{"remote":"127.0.0.1:51325","uuid":"9a44e4dd-1b53-46c0-abf6-8dbf095ccde7","connectionId":4,"connectionCount":1}}
{"t":{"$date":"2026-02-24T01:43:18.829+05:30"},"s":"I",  "c":"NETWORK",  "id":22944,   "ctx":"conn1","msg":"Connection ended","attr":{"remote":"127.0.0.1:51321","uuid":"a9d4486c-0951-4f0d-b7ef-9eb2007f1e9a","connectionId":1,"connectionCount":4}}
{"t":{"$date":"2026-02-24T01:43:18.829+05:30"},"s":"I",  "c":"NETWORK",  "id":22944,   "ctx":"conn5","msg":"Connection ended","attr":{"remote":"127.0.0.1:51326","uuid":"36d34542-72cd-44a3-a6d6-377a3b8f87f0","connectionId":5,"connectionCount":2}}
{"t":{"$date":"2026-02-24T01:43:18.830+05:30"},"s":"I",  "c":"REPL",     "id":6015310, "ctx":"OplogApplier-0","msg":"Starting to transition to primary."}
{"t":{"$date":"2026-02-24T01:43:18.833+05:30"},"s":"I",  "c":"STORAGE",  "id":20320,   "ctx":"OplogApplier-0","msg":"createCollection","attr":{"namespace":"config.transactions","uuidDisposition":"generated","uuid":{"uuid":{"$uuid":"338a0080-7ccd-4572-993e-4ee512abff30"}},"options":{}}}
{"t":{"$date":"2026-02-24T01:43:18.856+05:30"},"s":"I",  "c":"INDEX",    "id":20345,   "ctx":"OplogApplier-0","msg":"Index build: done building","attr":{"buildUUID":null,"collectionUUID":{"uuid":{"$uuid":"338a0080-7ccd-4572-993e-4ee512abff30"}},"namespace":"config.transactions","index":"_id_","ident":"index-16-909338163176940354","collectionIdent":"collection-15-909338163176940354","commitTimestamp":{"$timestamp":{"t":1771877598,"i":3}}}}
{"t":{"$date":"2026-02-24T01:43:18.868+05:30"},"s":"I",  "c":"INDEX",    "id":20345,   "ctx":"OplogApplier-0","msg":"Index build: done building","attr":{"buildUUID":null,"collectionUUID":{"uuid":{"$uuid":"338a0080-7ccd-4572-993e-4ee512abff30"}},"namespace":"config.transactions","index":"parent_lsid","ident":"index-17-909338163176940354","collectionIdent":"collection-15-909338163176940354","commitTimestamp":{"$timestamp":{"t":1771877598,"i":4}}}}
{"t":{"$date":"2026-02-24T01:43:18.868+05:30"},"s":"I",  "c":"STORAGE",  "id":20320,   "ctx":"OplogApplier-0","msg":"createCollection","attr":{"namespace":"config.image_collection","uuidDisposition":"generated","uuid":{"uuid":{"$uuid":"c92a5787-0c3b-4b49-a899-436b0038f2f1"}},"options":{}}}
{"t":{"$date":"2026-02-24T01:43:18.886+05:30"},"s":"I",  "c":"INDEX",    "id":20345,   "ctx":"OplogApplier-0","msg":"Index build: done building","attr":{"buildUUID":null,"collectionUUID":{"uuid":{"$uuid":"c92a5787-0c3b-4b49-a899-436b0038f2f1"}},"namespace":"config.image_collection","index":"_id_","ident":"index-19-909338163176940354","collectionIdent":"collection-18-909338163176940354","commitTimestamp":{"$timestamp":{"t":1771877598,"i":5}}}}
{"t":{"$date":"2026-02-24T01:43:18.886+05:30"},"s":"I",  "c":"REPL",     "id":6015309, "ctx":"OplogApplier-0","msg":"Logging transition to primary to oplog on stepup"}
{"t":{"$date":"2026-02-24T01:43:18.887+05:30"},"s":"I",  "c":"STORAGE",  "id":20657,   "ctx":"OplogApplier-0","msg":"IndexBuildsCoordinator::onStepUp - this node is stepping up to primary"}
{"t":{"$date":"2026-02-24T01:43:18.887+05:30"},"s":"I",  "c":"STORAGE",  "id":20320,   "ctx":"OplogApplier-0","msg":"createCollection","attr":{"namespace":"config.system.indexBuilds","uuidDisposition":"generated","uuid":{"uuid":{"$uuid":"f8b43cdb-c19d-40c6-ba68-0cf90b3fee64"}},"options":{}}}
{"t":{"$date":"2026-02-24T01:43:18.906+05:30"},"s":"I",  "c":"INDEX",    "id":20345,   "ctx":"OplogApplier-0","msg":"Index build: done building","attr":{"buildUUID":null,"collectionUUID":{"uuid":{"$uuid":"f8b43cdb-c19d-40c6-ba68-0cf90b3fee64"}},"namespace":"config.system.indexBuilds","index":"_id_","ident":"index-21-909338163176940354","collectionIdent":"collection-20-909338163176940354","commitTimestamp":{"$timestamp":{"t":1771877598,"i":7}}}}
{"t":{"$date":"2026-02-24T01:43:18.907+05:30"},"s":"I",  "c":"STORAGE",  "id":20320,   "ctx":"OplogApplier-0","msg":"createCollection","attr":{"namespace":"config.system.preimages","uuidDisposition":"generated","uuid":{"uuid":{"$uuid":"bb2cba62-5d72-4125-b8c5-55f4cb6379bf"}},"options":{"clusteredIndex":true}}}
{"t":{"$date":"2026-02-24T01:43:18.917+05:30"},"s":"I",  "c":"REPL",     "id":21331,   "ctx":"OplogApplier-0","msg":"Transition to primary complete; database writes are now permitted"}
{"t":{"$date":"2026-02-24T01:43:18.917+05:30"},"s":"I",  "c":"STORAGE",  "id":20320,   "ctx":"monitoring-keys-for-HMAC","msg":"createCollection","attr":{"namespace":"admin.system.keys","uuidDisposition":"generated","uuid":{"uuid":{"$uuid":"956ae86a-cfee-43d9-992a-9f1545803f3b"}},"options":{}}}
{"t":{"$date":"2026-02-24T01:43:18.929+05:30"},"s":"I",  "c":"REPL",     "id":5123005, "ctx":"ShardSplitDonorService-0","msg":"Rebuilding PrimaryOnlyService due to stepUp","attr":{"service":"ShardSplitDonorService"}}
{"t":{"$date":"2026-02-24T01:43:18.930+05:30"},"s":"I",  "c":"STORAGE",  "id":20320,   "ctx":"TenantMigrationRecipientService-1","msg":"createCollection","attr":{"namespace":"config.tenantMigrationRecipients","uuidDisposition":"generated","uuid":{"uuid":{"$uuid":"d1497424-6ce9-4e8a-aaa9-69faddc243d9"}},"options":{}}}
{"t":{"$date":"2026-02-24T01:43:18.930+05:30"},"s":"I",  "c":"STORAGE",  "id":20320,   "ctx":"TenantMigrationDonorService-0","msg":"createCollection","attr":{"namespace":"config.tenantMigrationDonors","uuidDisposition":"generated","uuid":{"uuid":{"$uuid":"1946fce5-a798-40e7-b24f-55fed108274a"}},"options":{}}}
{"t":{"$date":"2026-02-24T01:43:18.957+05:30"},"s":"I",  "c":"INDEX",    "id":20345,   "ctx":"monitoring-keys-for-HMAC","msg":"Index build: done building","attr":{"buildUUID":null,"collectionUUID":{"uuid":{"$uuid":"956ae86a-cfee-43d9-992a-9f1545803f3b"}},"namespace":"admin.system.keys","index":"_id_","ident":"index-26-909338163176940354","collectionIdent":"collection-23-909338163176940354","commitTimestamp":{"$timestamp":{"t":1771877598,"i":9}}}}
{"t":{"$date":"2026-02-24T01:43:18.980+05:30"},"s":"I",  "c":"INDEX",    "id":20345,   "ctx":"TenantMigrationRecipientService-1","msg":"Index build: done building","attr":{"buildUUID":null,"collectionUUID":{"uuid":{"$uuid":"d1497424-6ce9-4e8a-aaa9-69faddc243d9"}},"namespace":"config.tenantMigrationRecipients","index":"_id_","ident":"index-27-909338163176940354","collectionIdent":"collection-24-909338163176940354","commitTimestamp":{"$timestamp":{"t":1771877598,"i":14}}}}
{"t":{"$date":"2026-02-24T01:43:18.980+05:30"},"s":"I",  "c":"INDEX",    "id":20345,   "ctx":"TenantMigrationRecipientService-1","msg":"Index build: done building","attr":{"buildUUID":null,"collectionUUID":{"uuid":{"$uuid":"d1497424-6ce9-4e8a-aaa9-69faddc243d9"}},"namespace":"config.tenantMigrationRecipients","index":"TenantMigrationRecipientTTLIndex","ident":"index-29-909338163176940354","collectionIdent":"collection-24-909338163176940354","commitTimestamp":{"$timestamp":{"t":1771877598,"i":14}}}}
{"t":{"$date":"2026-02-24T01:43:18.984+05:30"},"s":"I",  "c":"REPL",     "id":5123005, "ctx":"TenantMigrationRecipientService-1","msg":"Rebuilding PrimaryOnlyService due to stepUp","attr":{"service":"TenantMigrationRecipientService"}}
{"t":{"$date":"2026-02-24T01:43:18.988+05:30"},"s":"I",  "c":"INDEX",    "id":20345,   "ctx":"TenantMigrationDonorService-0","msg":"Index build: done building","attr":{"buildUUID":null,"collectionUUID":{"uuid":{"$uuid":"1946fce5-a798-40e7-b24f-55fed108274a"}},"namespace":"config.tenantMigrationDonors","index":"_id_","ident":"index-28-909338163176940354","collectionIdent":"collection-25-909338163176940354","commitTimestamp":{"$timestamp":{"t":1771877598,"i":15}}}}
{"t":{"$date":"2026-02-24T01:43:18.988+05:30"},"s":"I",  "c":"INDEX",    "id":20345,   "ctx":"TenantMigrationDonorService-0","msg":"Index build: done building","attr":{"buildUUID":null,"collectionUUID":{"uuid":{"$uuid":"1946fce5-a798-40e7-b24f-55fed108274a"}},"namespace":"config.tenantMigrationDonors","index":"TenantMigrationDonorTTLIndex","ident":"index-30-909338163176940354","collectionIdent":"collection-25-909338163176940354","commitTimestamp":{"$timestamp":{"t":1771877598,"i":15}}}}
{"t":{"$date":"2026-02-24T01:43:18.989+05:30"},"s":"I",  "c":"STORAGE",  "id":20320,   "ctx":"TenantMigrationDonorService-1","msg":"createCollection","attr":{"namespace":"config.external_validation_keys","uuidDisposition":"generated","uuid":{"uuid":{"$uuid":"b1530c1d-d1c2-423c-ba15-a550995a4dab"}},"options":{}}}
{"t":{"$date":"2026-02-24T01:43:19.014+05:30"},"s":"I",  "c":"INDEX",    "id":20345,   "ctx":"TenantMigrationDonorService-1","msg":"Index build: done building","attr":{"buildUUID":null,"collectionUUID":{"uuid":{"$uuid":"b1530c1d-d1c2-423c-ba15-a550995a4dab"}},"namespace":"config.external_validation_keys","index":"_id_","ident":"index-32-909338163176940354","collectionIdent":"collection-31-909338163176940354","commitTimestamp":{"$timestamp":{"t":1771877599,"i":1}}}}
{"t":{"$date":"2026-02-24T01:43:19.014+05:30"},"s":"I",  "c":"INDEX",    "id":20345,   "ctx":"TenantMigrationDonorService-1","msg":"Index build: done building","attr":{"buildUUID":null,"collectionUUID":{"uuid":{"$uuid":"b1530c1d-d1c2-423c-ba15-a550995a4dab"}},"namespace":"config.external_validation_keys","index":"ExternalKeysTTLIndex","ident":"index-33-909338163176940354","collectionIdent":"collection-31-909338163176940354","commitTimestamp":{"$timestamp":{"t":1771877599,"i":1}}}}
{"t":{"$date":"2026-02-24T01:43:19.014+05:30"},"s":"I",  "c":"REPL",     "id":5123005, "ctx":"TenantMigrationDonorService-1","msg":"Rebuilding PrimaryOnlyService due to stepUp","attr":{"service":"TenantMigrationDonorService"}}
{"t":{"$date":"2026-02-24T01:43:43.476+05:30"},"s":"I",  "c":"NETWORK",  "id":22943,   "ctx":"listener","msg":"Connection accepted","attr":{"remote":"127.0.0.1:51621","uuid":"238e7cb0-4c24-479e-b78e-74ca64cee6a6","connectionId":8,"connectionCount":1}}
{"t":{"$date":"2026-02-24T01:43:43.477+05:30"},"s":"I",  "c":"NETWORK",  "id":51800,   "ctx":"conn8","msg":"client metadata","attr":{"remote":"127.0.0.1:51621","client":"conn8","negotiatedCompressors":[],"doc":{"driver":{"name":"mongo-rust-driver|Prisma","version":"3.0.0"},"os":{"type":"macos","architecture":"aarch64"},"platform":"rustc 1.82.0 (f6e511eec 2024-10-15) with tokio"}}}
{"t":{"$date":"2026-02-24T01:43:43.478+05:30"},"s":"I",  "c":"NETWORK",  "id":22943,   "ctx":"listener","msg":"Connection accepted","attr":{"remote":"127.0.0.1:51623","uuid":"fa1cf488-caab-460a-ac1a-182b5d177b9c","connectionId":9,"connectionCount":2}}
{"t":{"$date":"2026-02-24T01:43:43.479+05:30"},"s":"I",  "c":"NETWORK",  "id":22943,   "ctx":"listener","msg":"Connection accepted","attr":{"remote":"127.0.0.1:51625","uuid":"5a34f02a-7b74-4b0c-93f5-492e6aa95637","connectionId":10,"connectionCount":3}}
{"t":{"$date":"2026-02-24T01:43:43.479+05:30"},"s":"I",  "c":"NETWORK",  "id":51800,   "ctx":"conn9","msg":"client metadata","attr":{"remote":"127.0.0.1:51623","client":"conn9","negotiatedCompressors":[],"doc":{"driver":{"name":"mongo-rust-driver|Prisma","version":"3.0.0"},"os":{"type":"macos","architecture":"aarch64"},"platform":"rustc 1.82.0 (f6e511eec 2024-10-15) with tokio"}}}
{"t":{"$date":"2026-02-24T01:43:43.479+05:30"},"s":"I",  "c":"NETWORK",  "id":51800,   "ctx":"conn10","msg":"client metadata","attr":{"remote":"127.0.0.1:51625","client":"conn10","negotiatedCompressors":[],"doc":{"driver":{"name":"mongo-rust-driver|Prisma","version":"3.0.0"},"os":{"type":"macos","architecture":"aarch64"},"platform":"rustc 1.82.0 (f6e511eec 2024-10-15) with tokio"}}}
{"t":{"$date":"2026-02-24T01:43:43.483+05:30"},"s":"I",  "c":"STORAGE",  "id":20320,   "ctx":"conn10","msg":"createCollection","attr":{"namespace":"ai-workout-tracker.User","uuidDisposition":"generated","uuid":{"uuid":{"$uuid":"d7729d42-792f-4ed8-88fe-533cb60bf77f"}},"options":{}}}
{"t":{"$date":"2026-02-24T01:43:43.527+05:30"},"s":"I",  "c":"INDEX",    "id":20345,   "ctx":"conn10","msg":"Index build: done building","attr":{"buildUUID":null,"collectionUUID":{"uuid":{"$uuid":"d7729d42-792f-4ed8-88fe-533cb60bf77f"}},"namespace":"ai-workout-tracker.User","index":"_id_","ident":"index-35-909338163176940354","collectionIdent":"collection-34-909338163176940354","commitTimestamp":{"$timestamp":{"t":1771877623,"i":1}}}}
{"t":{"$date":"2026-02-24T01:43:43.532+05:30"},"s":"I",  "c":"STORAGE",  "id":20320,   "ctx":"conn10","msg":"createCollection","attr":{"namespace":"ai-workout-tracker.Workout","uuidDisposition":"generated","uuid":{"uuid":{"$uuid":"48c52aef-3137-4362-a685-38c2c74d0a7e"}},"options":{}}}
{"t":{"$date":"2026-02-24T01:43:43.555+05:30"},"s":"I",  "c":"INDEX",    "id":20345,   "ctx":"conn10","msg":"Index build: done building","attr":{"buildUUID":null,"collectionUUID":{"uuid":{"$uuid":"48c52aef-3137-4362-a685-38c2c74d0a7e"}},"namespace":"ai-workout-tracker.Workout","index":"_id_","ident":"index-37-909338163176940354","collectionIdent":"collection-36-909338163176940354","commitTimestamp":{"$timestamp":{"t":1771877623,"i":2}}}}
{"t":{"$date":"2026-02-24T01:43:43.561+05:30"},"s":"I",  "c":"STORAGE",  "id":20320,   "ctx":"conn10","msg":"createCollection","attr":{"namespace":"ai-workout-tracker.Exercise","uuidDisposition":"generated","uuid":{"uuid":{"$uuid":"131651d6-4dad-4de0-be1e-0579f365016c"}},"options":{}}}
{"t":{"$date":"2026-02-24T01:43:43.582+05:30"},"s":"I",  "c":"INDEX",    "id":20345,   "ctx":"conn10","msg":"Index build: done building","attr":{"buildUUID":null,"collectionUUID":{"uuid":{"$uuid":"131651d6-4dad-4de0-be1e-0579f365016c"}},"namespace":"ai-workout-tracker.Exercise","index":"_id_","ident":"index-39-909338163176940354","collectionIdent":"collection-38-909338163176940354","commitTimestamp":{"$timestamp":{"t":1771877623,"i":3}}}}
{"t":{"$date":"2026-02-24T01:43:43.588+05:30"},"s":"I",  "c":"INDEX",    "id":20438,   "ctx":"conn10","msg":"Index build: registering","attr":{"buildUUID":{"uuid":{"$uuid":"cc28a818-f6ac-4b4c-9eb9-45bfd77f50d9"}},"namespace":"ai-workout-tracker.User","collectionUUID":{"uuid":{"$uuid":"d7729d42-792f-4ed8-88fe-533cb60bf77f"}},"indexes":1,"firstIndex":{"name":"User_email_key"},"command":{"createIndexes":"User","v":2,"indexes":[{"key":{"email":1},"name":"User_email_key","unique":true}],"ignoreUnknownIndexOptions":false}}}
{"t":{"$date":"2026-02-24T01:43:43.598+05:30"},"s":"I",  "c":"INDEX",    "id":20345,   "ctx":"conn10","msg":"Index build: done building","attr":{"buildUUID":null,"collectionUUID":{"uuid":{"$uuid":"d7729d42-792f-4ed8-88fe-533cb60bf77f"}},"namespace":"ai-workout-tracker.User","index":"User_email_key","ident":"index-40-909338163176940354","collectionIdent":"collection-34-909338163176940354","commitTimestamp":{"$timestamp":{"t":1771877623,"i":4}}}}
{"t":{"$date":"2026-02-24T01:43:43.598+05:30"},"s":"I",  "c":"INDEX",    "id":20440,   "ctx":"conn10","msg":"Index build: waiting for index build to complete","attr":{"buildUUID":{"uuid":{"$uuid":"cc28a818-f6ac-4b4c-9eb9-45bfd77f50d9"}},"deadline":{"$date":{"$numberLong":"9223372036854775807"}}}}
{"t":{"$date":"2026-02-24T01:43:43.598+05:30"},"s":"I",  "c":"INDEX",    "id":20447,   "ctx":"conn10","msg":"Index build: completed","attr":{"buildUUID":{"uuid":{"$uuid":"cc28a818-f6ac-4b4c-9eb9-45bfd77f50d9"}}}}
{"t":{"$date":"2026-02-24T01:43:43.604+05:30"},"s":"I",  "c":"NETWORK",  "id":22944,   "ctx":"conn10","msg":"Connection ended","attr":{"remote":"127.0.0.1:51625","uuid":"5a34f02a-7b74-4b0c-93f5-492e6aa95637","connectionId":10,"connectionCount":1}}
{"t":{"$date":"2026-02-24T01:43:43.604+05:30"},"s":"I",  "c":"NETWORK",  "id":22944,   "ctx":"conn9","msg":"Connection ended","attr":{"remote":"127.0.0.1:51623","uuid":"fa1cf488-caab-460a-ac1a-182b5d177b9c","connectionId":9,"connectionCount":2}}
{"t":{"$date":"2026-02-24T01:43:44.589+05:30"},"s":"W",  "c":"NETWORK",  "id":4615610, "ctx":"conn8","msg":"Failed to check socket connectivity","attr":{"error":{"code":6,"codeName":"HostUnreachable","errmsg":"Connection closed by peer"}}}
{"t":{"$date":"2026-02-24T01:43:44.589+05:30"},"s":"I",  "c":"-",        "id":20883,   "ctx":"conn8","msg":"Interrupted operation as its client disconnected","attr":{"opId":1459}}
{"t":{"$date":"2026-02-24T01:43:44.593+05:30"},"s":"I",  "c":"NETWORK",  "id":22944,   "ctx":"conn8","msg":"Connection ended","attr":{"remote":"127.0.0.1:51621","uuid":"238e7cb0-4c24-479e-b78e-74ca64cee6a6","connectionId":8,"connectionCount":0}}
{"t":{"$date":"2026-02-24T01:44:04.322+05:30"},"s":"I",  "c":"NETWORK",  "id":22943,   "ctx":"listener","msg":"Connection accepted","attr":{"remote":"127.0.0.1:51850","uuid":"1534421f-915a-42af-895c-3968024cef4c","connectionId":11,"connectionCount":1}}
{"t":{"$date":"2026-02-24T01:44:04.323+05:30"},"s":"I",  "c":"NETWORK",  "id":51800,   "ctx":"conn11","msg":"client metadata","attr":{"remote":"127.0.0.1:51850","client":"conn11","negotiatedCompressors":[],"doc":{"driver":{"name":"mongo-rust-driver|Prisma","version":"3.0.0"},"os":{"type":"macos","architecture":"aarch64"},"platform":"rustc 1.82.0 (f6e511eec 2024-10-15) with tokio"}}}
{"t":{"$date":"2026-02-24T01:44:04.325+05:30"},"s":"I",  "c":"NETWORK",  "id":22943,   "ctx":"listener","msg":"Connection accepted","attr":{"remote":"127.0.0.1:51852","uuid":"db7de598-6b04-4e20-b54a-cbd356248e88","connectionId":12,"connectionCount":2}}
{"t":{"$date":"2026-02-24T01:44:04.325+05:30"},"s":"I",  "c":"NETWORK",  "id":22943,   "ctx":"listener","msg":"Connection accepted","attr":{"remote":"127.0.0.1:51854","uuid":"063ac8e4-b678-490a-bc83-a2c60ed3c054","connectionId":13,"connectionCount":3}}
{"t":{"$date":"2026-02-24T01:44:04.325+05:30"},"s":"I",  "c":"NETWORK",  "id":51800,   "ctx":"conn12","msg":"client metadata","attr":{"remote":"127.0.0.1:51852","client":"conn12","negotiatedCompressors":[],"doc":{"driver":{"name":"mongo-rust-driver|Prisma","version":"3.0.0"},"os":{"type":"macos","architecture":"aarch64"},"platform":"rustc 1.82.0 (f6e511eec 2024-10-15) with tokio"}}}
{"t":{"$date":"2026-02-24T01:44:04.325+05:30"},"s":"I",  "c":"NETWORK",  "id":51800,   "ctx":"conn13","msg":"client metadata","attr":{"remote":"127.0.0.1:51854","client":"conn13","negotiatedCompressors":[],"doc":{"driver":{"name":"mongo-rust-driver|Prisma","version":"3.0.0"},"os":{"type":"macos","architecture":"aarch64"},"platform":"rustc 1.82.0 (f6e511eec 2024-10-15) with tokio"}}}
{"t":{"$date":"2026-02-24T01:44:18.821+05:30"},"s":"I",  "c":"WTCHKPT",  "id":22430,   "ctx":"Checkpointer","msg":"WiredTiger message","attr":{"message":{"ts_sec":1771877658,"ts_usec":821491,"thread":"67409:0x30dd83000","session_name":"WT_SESSION.checkpoint","category":"WT_VERB_CHECKPOINT_PROGRESS","category_id":6,"verbose_level":"DEBUG","verbose_level_id":1,"msg":"saving checkpoint snapshot min: 205, snapshot max: 205 snapshot count: 0, oldest timestamp: (1771877598, 1) , meta checkpoint timestamp: (1771877644, 1) base write gen: 556601"}}}
{"t":{"$date":"2026-02-24T01:45:19.014+05:30"},"s":"I",  "c":"WTCHKPT",  "id":22430,   "ctx":"Checkpointer","msg":"WiredTiger message","attr":{"message":{"ts_sec":1771877719,"ts_usec":14037,"thread":"67409:0x30dd83000","session_name":"WT_SESSION.checkpoint","category":"WT_VERB_CHECKPOINT_PROGRESS","category_id":6,"verbose_level":"DEBUG","verbose_level_id":1,"msg":"saving checkpoint snapshot min: 225, snapshot max: 225 snapshot count: 0, oldest timestamp: (1771877598, 1) , meta checkpoint timestamp: (1771877708, 1) base write gen: 556601"}}}
{"t":{"$date":"2026-02-24T02:34:23.075+05:30"},"s":"I",  "c":"WTCHKPT",  "id":22430,   "ctx":"Checkpointer","msg":"WiredTiger message","attr":{"message":{"ts_sec":1771880663,"ts_usec":71231,"thread":"67409:0x30dd83000","session_name":"WT_SESSION.checkpoint","category":"WT_VERB_CHECKPOINT_PROGRESS","category_id":6,"verbose_level":"DEBUG","verbose_level_id":1,"msg":"saving checkpoint snapshot min: 242, snapshot max: 242 snapshot count: 0, oldest timestamp: (1771880362, 1) , meta checkpoint timestamp: (1771880662, 1) base write gen: 556601"}}}
{"t":{"$date":"2026-02-24T04:47:28.366+05:30"},"s":"I",  "c":"WTCHKPT",  "id":22430,   "ctx":"Checkpointer","msg":"WiredTiger message","attr":{"message":{"ts_sec":1771888648,"ts_usec":363301,"thread":"67409:0x30dd83000","session_name":"WT_SESSION.checkpoint","category":"WT_VERB_CHECKPOINT_PROGRESS","category_id":6,"verbose_level":"DEBUG","verbose_level_id":1,"msg":"saving checkpoint snapshot min: 260, snapshot max: 260 snapshot count: 0, oldest timestamp: (1771888348, 1) , meta checkpoint timestamp: (1771888648, 1) base write gen: 556601"}}}
{"t":{"$date":"2026-02-24T06:30:25.111+05:30"},"s":"I",  "c":"WTCHKPT",  "id":22430,   "ctx":"Checkpointer","msg":"WiredTiger message","attr":{"message":{"ts_sec":1771894825,"ts_usec":105498,"thread":"67409:0x30dd83000","session_name":"WT_SESSION.checkpoint","category":"WT_VERB_CHECKPOINT_PROGRESS","category_id":6,"verbose_level":"DEBUG","verbose_level_id":1,"msg":"saving checkpoint snapshot min: 282, snapshot max: 282 snapshot count: 0, oldest timestamp: (1771894524, 1) , meta checkpoint timestamp: (1771894824, 1) base write gen: 556601"}}}
{"t":{"$date":"2026-02-24T07:50:33.021+05:30"},"s":"I",  "c":"WTCHKPT",  "id":22430,   "ctx":"Checkpointer","msg":"WiredTiger message","attr":{"message":{"ts_sec":1771899633,"ts_usec":21472,"thread":"67409:0x30dd83000","session_name":"WT_SESSION.checkpoint","category":"WT_VERB_CHECKPOINT_PROGRESS","category_id":6,"verbose_level":"DEBUG","verbose_level_id":1,"msg":"saving checkpoint snapshot min: 304, snapshot max: 304 snapshot count: 0, oldest timestamp: (1771899332, 1) , meta checkpoint timestamp: (1771899632, 1) base write gen: 556601"}}}
{"t":{"$date":"2026-02-24T09:07:00.944+05:30"},"s":"I",  "c":"WTCHKPT",  "id":22430,   "ctx":"Checkpointer","msg":"WiredTiger message","attr":{"message":{"ts_sec":1771904220,"ts_usec":944545,"thread":"67409:0x30dd83000","session_name":"WT_SESSION.checkpoint","category":"WT_VERB_CHECKPOINT_PROGRESS","category_id":6,"verbose_level":"DEBUG","verbose_level_id":1,"msg":"saving checkpoint snapshot min: 322, snapshot max: 322 snapshot count: 0, oldest timestamp: (1771903920, 1) , meta checkpoint timestamp: (1771904220, 1) base write gen: 556601"}}}
{"t":{"$date":"2026-02-24T09:25:12.759+05:30"},"s":"I",  "c":"WTCHKPT",  "id":22430,   "ctx":"Checkpointer","msg":"WiredTiger message","attr":{"message":{"ts_sec":1771905312,"ts_usec":756057,"thread":"67409:0x30dd83000","session_name":"WT_SESSION.checkpoint","category":"WT_VERB_CHECKPOINT_PROGRESS","category_id":6,"verbose_level":"DEBUG","verbose_level_id":1,"msg":"saving checkpoint snapshot min: 337, snapshot max: 337 snapshot count: 0, oldest timestamp: (1771905012, 1) , meta checkpoint timestamp: (1771905312, 1) base write gen: 556601"}}}
{"t":{"$date":"2026-02-24T09:26:12.832+05:30"},"s":"I",  "c":"WTCHKPT",  "id":22430,   "ctx":"Checkpointer","msg":"WiredTiger message","attr":{"message":{"ts_sec":1771905372,"ts_usec":832167,"thread":"67409:0x30dd83000","session_name":"WT_SESSION.checkpoint","category":"WT_VERB_CHECKPOINT_PROGRESS","category_id":6,"verbose_level":"DEBUG","verbose_level_id":1,"msg":"saving checkpoint snapshot min: 352, snapshot max: 352 snapshot count: 0, oldest timestamp: (1771905072, 1) , meta checkpoint timestamp: (1771905372, 1) base write gen: 556601"}}}
{"t":{"$date":"2026-02-24T09:27:12.941+05:30"},"s":"I",  "c":"WTCHKPT",  "id":22430,   "ctx":"Checkpointer","msg":"WiredTiger message","attr":{"message":{"ts_sec":1771905432,"ts_usec":941280,"thread":"67409:0x30dd83000","session_name":"WT_SESSION.checkpoint","category":"WT_VERB_CHECKPOINT_PROGRESS","category_id":6,"verbose_level":"DEBUG","verbose_level_id":1,"msg":"saving checkpoint snapshot min: 367, snapshot max: 367 snapshot count: 0, oldest timestamp: (1771905132, 1) , meta checkpoint timestamp: (1771905432, 1) base write gen: 556601"}}}
{"t":{"$date":"2026-02-24T09:28:13.028+05:30"},"s":"I",  "c":"WTCHKPT",  "id":22430,   "ctx":"Checkpointer","msg":"WiredTiger message","attr":{"message":{"ts_sec":1771905493,"ts_usec":28419,"thread":"67409:0x30dd83000","session_name":"WT_SESSION.checkpoint","category":"WT_VERB_CHECKPOINT_PROGRESS","category_id":6,"verbose_level":"DEBUG","verbose_level_id":1,"msg":"saving checkpoint snapshot min: 382, snapshot max: 382 snapshot count: 0, oldest timestamp: (1771905192, 1) , meta checkpoint timestamp: (1771905492, 1) base write gen: 556601"}}}
{"t":{"$date":"2026-02-24T09:29:13.105+05:30"},"s":"I",  "c":"WTCHKPT",  "id":22430,   "ctx":"Checkpointer","msg":"WiredTiger message","attr":{"message":{"ts_sec":1771905553,"ts_usec":105773,"thread":"67409:0x30dd83000","session_name":"WT_SESSION.checkpoint","category":"WT_VERB_CHECKPOINT_PROGRESS","category_id":6,"verbose_level":"DEBUG","verbose_level_id":1,"msg":"saving checkpoint snapshot min: 397, snapshot max: 397 snapshot count: 0, oldest timestamp: (1771905252, 1) , meta checkpoint timestamp: (1771905552, 1) base write gen: 556601"}}}
{"t":{"$date":"2026-02-24T09:30:13.230+05:30"},"s":"I",  "c":"WTCHKPT",  "id":22430,   "ctx":"Checkpointer","msg":"WiredTiger message","attr":{"message":{"ts_sec":1771905613,"ts_usec":226080,"thread":"67409:0x30dd83000","session_name":"WT_SESSION.checkpoint","category":"WT_VERB_CHECKPOINT_PROGRESS","category_id":6,"verbose_level":"DEBUG","verbose_level_id":1,"msg":"saving checkpoint snapshot min: 412, snapshot max: 412 snapshot count: 0, oldest timestamp: (1771905312, 1) , meta checkpoint timestamp: (1771905612, 1) base write gen: 556601"}}}
{"t":{"$date":"2026-02-24T10:28:51.047+05:30"},"s":"I",  "c":"WTCHKPT",  "id":22430,   "ctx":"Checkpointer","msg":"WiredTiger message","attr":{"message":{"ts_sec":1771909131,"ts_usec":42961,"thread":"67409:0x30dd83000","session_name":"WT_SESSION.checkpoint","category":"WT_VERB_CHECKPOINT_PROGRESS","category_id":6,"verbose_level":"DEBUG","verbose_level_id":1,"msg":"saving checkpoint snapshot min: 430, snapshot max: 430 snapshot count: 0, oldest timestamp: (1771908829, 1) , meta checkpoint timestamp: (1771909129, 1) base write gen: 556601"}}}
{"t":{"$date":"2026-02-24T11:31:30.461+05:30"},"s":"I",  "c":"WTCHKPT",  "id":22430,   "ctx":"Checkpointer","msg":"WiredTiger message","attr":{"message":{"ts_sec":1771912890,"ts_usec":461789,"thread":"67409:0x30dd83000","session_name":"WT_SESSION.checkpoint","category":"WT_VERB_CHECKPOINT_PROGRESS","category_id":6,"verbose_level":"DEBUG","verbose_level_id":1,"msg":"saving checkpoint snapshot min: 448, snapshot max: 448 snapshot count: 0, oldest timestamp: (1771912589, 1) , meta checkpoint timestamp: (1771912889, 1) base write gen: 556601"}}}
{"t":{"$date":"2026-02-24T13:23:49.949+05:30"},"s":"I",  "c":"WTCHKPT",  "id":22430,   "ctx":"Checkpointer","msg":"WiredTiger message","attr":{"message":{"ts_sec":1771919629,"ts_usec":949184,"thread":"67409:0x30dd83000","session_name":"WT_SESSION.checkpoint","category":"WT_VERB_CHECKPOINT_PROGRESS","category_id":6,"verbose_level":"DEBUG","verbose_level_id":1,"msg":"saving checkpoint snapshot min: 466, snapshot max: 466 snapshot count: 0, oldest timestamp: (1771919328, 1) , meta checkpoint timestamp: (1771919628, 1) base write gen: 556601"}}}
{"t":{"$date":"2026-02-24T15:07:44.372+05:30"},"s":"I",  "c":"WTCHKPT",  "id":22430,   "ctx":"Checkpointer","msg":"WiredTiger message","attr":{"message":{"ts_sec":1771925864,"ts_usec":365352,"thread":"67409:0x30dd83000","session_name":"WT_SESSION.checkpoint","category":"WT_VERB_CHECKPOINT_PROGRESS","category_id":6,"verbose_level":"DEBUG","verbose_level_id":1,"msg":"saving checkpoint snapshot min: 484, snapshot max: 484 snapshot count: 0, oldest timestamp: (1771925562, 1) , meta checkpoint timestamp: (1771925862, 1) base write gen: 556601"}}}
{"t":{"$date":"2026-02-24T16:36:31.232+05:30"},"s":"I",  "c":"WTCHKPT",  "id":22430,   "ctx":"Checkpointer","msg":"WiredTiger message","attr":{"message":{"ts_sec":1771931191,"ts_usec":229209,"thread":"67409:0x30dd83000","session_name":"WT_SESSION.checkpoint","category":"WT_VERB_CHECKPOINT_PROGRESS","category_id":6,"verbose_level":"DEBUG","verbose_level_id":1,"msg":"saving checkpoint snapshot min: 501, snapshot max: 501 snapshot count: 0, oldest timestamp: (1771930889, 1) , meta checkpoint timestamp: (1771931189, 1) base write gen: 556601"}}}
{"t":{"$date":"2026-02-24T18:27:35.407+05:30"},"s":"I",  "c":"WTCHKPT",  "id":22430,   "ctx":"Checkpointer","msg":"WiredTiger message","attr":{"message":{"ts_sec":1771937855,"ts_usec":407515,"thread":"67409:0x30dd83000","session_name":"WT_SESSION.checkpoint","category":"WT_VERB_CHECKPOINT_PROGRESS","category_id":6,"verbose_level":"DEBUG","verbose_level_id":1,"msg":"saving checkpoint snapshot min: 520, snapshot max: 520 snapshot count: 0, oldest timestamp: (1771937553, 1) , meta checkpoint timestamp: (1771937853, 1) base write gen: 556601"}}}
{"t":{"$date":"2026-02-24T19:12:11.238+05:30"},"s":"I",  "c":"WTCHKPT",  "id":22430,   "ctx":"Checkpointer","msg":"WiredTiger message","attr":{"message":{"ts_sec":1771940531,"ts_usec":238139,"thread":"67409:0x30dd83000","session_name":"WT_SESSION.checkpoint","category":"WT_VERB_CHECKPOINT_PROGRESS","category_id":6,"verbose_level":"DEBUG","verbose_level_id":1,"msg":"saving checkpoint snapshot min: 536, snapshot max: 536 snapshot count: 0, oldest timestamp: (1771940229, 1) , meta checkpoint timestamp: (1771940529, 1) base write gen: 556601"}}}
{"t":{"$date":"2026-02-24T20:40:42.251+05:30"},"s":"I",  "c":"WTCHKPT",  "id":22430,   "ctx":"Checkpointer","msg":"WiredTiger message","attr":{"message":{"ts_sec":1771945842,"ts_usec":251528,"thread":"67409:0x30dd83000","session_name":"WT_SESSION.checkpoint","category":"WT_VERB_CHECKPOINT_PROGRESS","category_id":6,"verbose_level":"DEBUG","verbose_level_id":1,"msg":"saving checkpoint snapshot min: 554, snapshot max: 554 snapshot count: 0, oldest timestamp: (1771945540, 1) , meta checkpoint timestamp: (1771945840, 1) base write gen: 556601"}}}
{"t":{"$date":"2026-02-24T21:20:26.220+05:30"},"s":"I",  "c":"NETWORK",  "id":22944,   "ctx":"conn12","msg":"Connection ended","attr":{"remote":"127.0.0.1:51852","uuid":"db7de598-6b04-4e20-b54a-cbd356248e88","connectionId":12,"connectionCount":1}}
{"t":{"$date":"2026-02-24T21:20:26.220+05:30"},"s":"I",  "c":"NETWORK",  "id":22944,   "ctx":"conn13","msg":"Connection ended","attr":{"remote":"127.0.0.1:51854","uuid":"063ac8e4-b678-490a-bc83-a2c60ed3c054","connectionId":13,"connectionCount":2}}
{"t":{"$date":"2026-02-24T21:20:26.457+05:30"},"s":"W",  "c":"NETWORK",  "id":4615610, "ctx":"conn11","msg":"Failed to check socket connectivity","attr":{"error":{"code":6,"codeName":"HostUnreachable","errmsg":"Connection closed by peer"}}}
{"t":{"$date":"2026-02-24T21:20:26.457+05:30"},"s":"I",  "c":"-",        "id":20883,   "ctx":"conn11","msg":"Interrupted operation as its client disconnected","attr":{"opId":19699}}
{"t":{"$date":"2026-02-24T21:20:26.459+05:30"},"s":"I",  "c":"NETWORK",  "id":22944,   "ctx":"conn11","msg":"Connection ended","attr":{"remote":"127.0.0.1:51850","uuid":"1534421f-915a-42af-895c-3968024cef4c","connectionId":11,"connectionCount":0}}
{"t":{"$date":"2026-02-24T21:20:58.502+05:30"},"s":"I",  "c":"WTCHKPT",  "id":22430,   "ctx":"Checkpointer","msg":"WiredTiger message","attr":{"message":{"ts_sec":1771948258,"ts_usec":498559,"thread":"67409:0x30dd83000","session_name":"WT_SESSION.checkpoint","category":"WT_VERB_CHECKPOINT_PROGRESS","category_id":6,"verbose_level":"DEBUG","verbose_level_id":1,"msg":"saving checkpoint snapshot min: 570, snapshot max: 570 snapshot count: 0, oldest timestamp: (1771947956, 1) , meta checkpoint timestamp: (1771948256, 1) base write gen: 556601"}}}
{"t":{"$date":"2026-02-24T21:21:58.760+05:30"},"s":"I",  "c":"WTCHKPT",  "id":22430,   "ctx":"Checkpointer","msg":"WiredTiger message","attr":{"message":{"ts_sec":1771948318,"ts_usec":754827,"thread":"67409:0x30dd83000","session_name":"WT_SESSION.checkpoint","category":"WT_VERB_CHECKPOINT_PROGRESS","category_id":6,"verbose_level":"DEBUG","verbose_level_id":1,"msg":"saving checkpoint snapshot min: 585, snapshot max: 585 snapshot count: 0, oldest timestamp: (1771948016, 1) , meta checkpoint timestamp: (1771948316, 1) base write gen: 556601"}}}
{"t":{"$date":"2026-02-24T21:22:58.949+05:30"},"s":"I",  "c":"WTCHKPT",  "id":22430,   "ctx":"Checkpointer","msg":"WiredTiger message","attr":{"message":{"ts_sec":1771948378,"ts_usec":945267,"thread":"67409:0x30dd83000","session_name":"WT_SESSION.checkpoint","category":"WT_VERB_CHECKPOINT_PROGRESS","category_id":6,"verbose_level":"DEBUG","verbose_level_id":1,"msg":"saving checkpoint snapshot min: 600, snapshot max: 600 snapshot count: 0, oldest timestamp: (1771948076, 1) , meta checkpoint timestamp: (1771948376, 1) base write gen: 556601"}}}
{"t":{"$date":"2026-02-24T21:23:59.058+05:30"},"s":"I",  "c":"WTCHKPT",  "id":22430,   "ctx":"Checkpointer","msg":"WiredTiger message","attr":{"message":{"ts_sec":1771948439,"ts_usec":58682,"thread":"67409:0x30dd83000","session_name":"WT_SESSION.checkpoint","category":"WT_VERB_CHECKPOINT_PROGRESS","category_id":6,"verbose_level":"DEBUG","verbose_level_id":1,"msg":"saving checkpoint snapshot min: 615, snapshot max: 615 snapshot count: 0, oldest timestamp: (1771948136, 1) , meta checkpoint timestamp: (1771948436, 1) base write gen: 556601"}}}
{"t":{"$date":"2026-02-24T21:24:59.247+05:30"},"s":"I",  "c":"WTCHKPT",  "id":22430,   "ctx":"Checkpointer","msg":"WiredTiger message","attr":{"message":{"ts_sec":1771948499,"ts_usec":247169,"thread":"67409:0x30dd83000","session_name":"WT_SESSION.checkpoint","category":"WT_VERB_CHECKPOINT_PROGRESS","category_id":6,"verbose_level":"DEBUG","verbose_level_id":1,"msg":"saving checkpoint snapshot min: 630, snapshot max: 630 snapshot count: 0, oldest timestamp: (1771948196, 1) , meta checkpoint timestamp: (1771948496, 1) base write gen: 556601"}}}
{"t":{"$date":"2026-02-24T21:25:59.348+05:30"},"s":"I",  "c":"WTCHKPT",  "id":22430,   "ctx":"Checkpointer","msg":"WiredTiger message","attr":{"message":{"ts_sec":1771948559,"ts_usec":348284,"thread":"67409:0x30dd83000","session_name":"WT_SESSION.checkpoint","category":"WT_VERB_CHECKPOINT_PROGRESS","category_id":6,"verbose_level":"DEBUG","verbose_level_id":1,"msg":"saving checkpoint snapshot min: 645, snapshot max: 645 snapshot count: 0, oldest timestamp: (1771948256, 1) , meta checkpoint timestamp: (1771948556, 1) base write gen: 556601"}}}
{"t":{"$date":"2026-02-24T21:26:59.471+05:30"},"s":"I",  "c":"WTCHKPT",  "id":22430,   "ctx":"Checkpointer","msg":"WiredTiger message","attr":{"message":{"ts_sec":1771948619,"ts_usec":471135,"thread":"67409:0x30dd83000","session_name":"WT_SESSION.checkpoint","category":"WT_VERB_CHECKPOINT_PROGRESS","category_id":6,"verbose_level":"DEBUG","verbose_level_id":1,"msg":"saving checkpoint snapshot min: 660, snapshot max: 660 snapshot count: 0, oldest timestamp: (1771948316, 1) , meta checkpoint timestamp: (1771948616, 1) base write gen: 556601"}}}
{"t":{"$date":"2026-02-24T21:27:59.615+05:30"},"s":"I",  "c":"WTCHKPT",  "id":22430,   "ctx":"Checkpointer","msg":"WiredTiger message","attr":{"message":{"ts_sec":1771948679,"ts_usec":615250,"thread":"67409:0x30dd83000","session_name":"WT_SESSION.checkpoint","category":"WT_VERB_CHECKPOINT_PROGRESS","category_id":6,"verbose_level":"DEBUG","verbose_level_id":1,"msg":"saving checkpoint snapshot min: 675, snapshot max: 675 snapshot count: 0, oldest timestamp: (1771948376, 1) , meta checkpoint timestamp: (1771948676, 1) base write gen: 556601"}}}
{"t":{"$date":"2026-02-24T21:28:59.810+05:30"},"s":"I",  "c":"WTCHKPT",  "id":22430,   "ctx":"Checkpointer","msg":"WiredTiger message","attr":{"message":{"ts_sec":1771948739,"ts_usec":810405,"thread":"67409:0x30dd83000","session_name":"WT_SESSION.checkpoint","category":"WT_VERB_CHECKPOINT_PROGRESS","category_id":6,"verbose_level":"DEBUG","verbose_level_id":1,"msg":"saving checkpoint snapshot min: 690, snapshot max: 690 snapshot count: 0, oldest timestamp: (1771948436, 1) , meta checkpoint timestamp: (1771948736, 1) base write gen: 556601"}}}
{"t":{"$date":"2026-02-24T21:29:59.900+05:30"},"s":"I",  "c":"WTCHKPT",  "id":22430,   "ctx":"Checkpointer","msg":"WiredTiger message","attr":{"message":{"ts_sec":1771948799,"ts_usec":900108,"thread":"67409:0x30dd83000","session_name":"WT_SESSION.checkpoint","category":"WT_VERB_CHECKPOINT_PROGRESS","category_id":6,"verbose_level":"DEBUG","verbose_level_id":1,"msg":"saving checkpoint snapshot min: 705, snapshot max: 705 snapshot count: 0, oldest timestamp: (1771948496, 1) , meta checkpoint timestamp: (1771948796, 1) base write gen: 556601"}}}
{"t":{"$date":"2026-02-24T21:30:59.989+05:30"},"s":"I",  "c":"WTCHKPT",  "id":22430,   "ctx":"Checkpointer","msg":"WiredTiger message","attr":{"message":{"ts_sec":1771948859,"ts_usec":989539,"thread":"67409:0x30dd83000","session_name":"WT_SESSION.checkpoint","category":"WT_VERB_CHECKPOINT_PROGRESS","category_id":6,"verbose_level":"DEBUG","verbose_level_id":1,"msg":"saving checkpoint snapshot min: 720, snapshot max: 720 snapshot count: 0, oldest timestamp: (1771948556, 1) , meta checkpoint timestamp: (1771948856, 1) base write gen: 556601"}}}
{"t":{"$date":"2026-02-24T21:32:00.713+05:30"},"s":"I",  "c":"WTCHKPT",  "id":22430,   "ctx":"Checkpointer","msg":"WiredTiger message","attr":{"message":{"ts_sec":1771948920,"ts_usec":713797,"thread":"67409:0x30dd83000","session_name":"WT_SESSION.checkpoint","category":"WT_VERB_CHECKPOINT_PROGRESS","category_id":6,"verbose_level":"DEBUG","verbose_level_id":1,"msg":"saving checkpoint snapshot min: 735, snapshot max: 735 snapshot count: 0, oldest timestamp: (1771948616, 1) , meta checkpoint timestamp: (1771948916, 1) base write gen: 556601"}}}
{"t":{"$date":"2026-02-24T21:33:01.159+05:30"},"s":"I",  "c":"WTCHKPT",  "id":22430,   "ctx":"Checkpointer","msg":"WiredTiger message","attr":{"message":{"ts_sec":1771948981,"ts_usec":159179,"thread":"67409:0x30dd83000","session_name":"WT_SESSION.checkpoint","category":"WT_VERB_CHECKPOINT_PROGRESS","category_id":6,"verbose_level":"DEBUG","verbose_level_id":1,"msg":"saving checkpoint snapshot min: 750, snapshot max: 750 snapshot count: 0, oldest timestamp: (1771948676, 1) , meta checkpoint timestamp: (1771948976, 1) base write gen: 556601"}}}
{"t":{"$date":"2026-02-24T21:34:01.303+05:30"},"s":"I",  "c":"WTCHKPT",  "id":22430,   "ctx":"Checkpointer","msg":"WiredTiger message","attr":{"message":{"ts_sec":1771949041,"ts_usec":303347,"thread":"67409:0x30dd83000","session_name":"WT_SESSION.checkpoint","category":"WT_VERB_CHECKPOINT_PROGRESS","category_id":6,"verbose_level":"DEBUG","verbose_level_id":1,"msg":"saving checkpoint snapshot min: 765, snapshot max: 765 snapshot count: 0, oldest timestamp: (1771948736, 1) , meta checkpoint timestamp: (1771949036, 1) base write gen: 556601"}}}
{"t":{"$date":"2026-02-24T21:35:01.406+05:30"},"s":"I",  "c":"WTCHKPT",  "id":22430,   "ctx":"Checkpointer","msg":"WiredTiger message","attr":{"message":{"ts_sec":1771949101,"ts_usec":406694,"thread":"67409:0x30dd83000","session_name":"WT_SESSION.checkpoint","category":"WT_VERB_CHECKPOINT_PROGRESS","category_id":6,"verbose_level":"DEBUG","verbose_level_id":1,"msg":"saving checkpoint snapshot min: 780, snapshot max: 780 snapshot count: 0, oldest timestamp: (1771948796, 1) , meta checkpoint timestamp: (1771949096, 1) base write gen: 556601"}}}
{"t":{"$date":"2026-02-24T21:36:01.409+05:30"},"s":"I",  "c":"WTCHKPT",  "id":22430,   "ctx":"Checkpointer","msg":"WiredTiger message","attr":{"message":{"ts_sec":1771949161,"ts_usec":409130,"thread":"67409:0x30dd83000","session_name":"WT_SESSION.checkpoint","category":"WT_VERB_CHECKPOINT_PROGRESS","category_id":6,"verbose_level":"DEBUG","verbose_level_id":1,"msg":"saving checkpoint snapshot min: 795, snapshot max: 795 snapshot count: 0, oldest timestamp: (1771948856, 1) , meta checkpoint timestamp: (1771949156, 1) base write gen: 556601"}}}
{"t":{"$date":"2026-02-24T21:37:01.555+05:30"},"s":"I",  "c":"WTCHKPT",  "id":22430,   "ctx":"Checkpointer","msg":"WiredTiger message","attr":{"message":{"ts_sec":1771949221,"ts_usec":555501,"thread":"67409:0x30dd83000","session_name":"WT_SESSION.checkpoint","category":"WT_VERB_CHECKPOINT_PROGRESS","category_id":6,"verbose_level":"DEBUG","verbose_level_id":1,"msg":"saving checkpoint snapshot min: 810, snapshot max: 810 snapshot count: 0, oldest timestamp: (1771948916, 1) , meta checkpoint timestamp: (1771949216, 1) base write gen: 556601"}}}
{"t":{"$date":"2026-02-24T21:38:01.678+05:30"},"s":"I",  "c":"WTCHKPT",  "id":22430,   "ctx":"Checkpointer","msg":"WiredTiger message","attr":{"message":{"ts_sec":1771949281,"ts_usec":673908,"thread":"67409:0x30dd83000","session_name":"WT_SESSION.checkpoint","category":"WT_VERB_CHECKPOINT_PROGRESS","category_id":6,"verbose_level":"DEBUG","verbose_level_id":1,"msg":"saving checkpoint snapshot min: 825, snapshot max: 825 snapshot count: 0, oldest timestamp: (1771948976, 1) , meta checkpoint timestamp: (1771949276, 1) base write gen: 556601"}}}
{"t":{"$date":"2026-02-24T21:39:01.780+05:30"},"s":"I",  "c":"WTCHKPT",  "id":22430,   "ctx":"Checkpointer","msg":"WiredTiger message","attr":{"message":{"ts_sec":1771949341,"ts_usec":780042,"thread":"67409:0x30dd83000","session_name":"WT_SESSION.checkpoint","category":"WT_VERB_CHECKPOINT_PROGRESS","category_id":6,"verbose_level":"DEBUG","verbose_level_id":1,"msg":"saving checkpoint snapshot min: 840, snapshot max: 840 snapshot count: 0, oldest timestamp: (1771949036, 1) , meta checkpoint timestamp: (1771949336, 1) base write gen: 556601"}}}
{"t":{"$date":"2026-02-24T21:40:01.858+05:30"},"s":"I",  "c":"WTCHKPT",  "id":22430,   "ctx":"Checkpointer","msg":"WiredTiger message","attr":{"message":{"ts_sec":1771949401,"ts_usec":857882,"thread":"67409:0x30dd83000","session_name":"WT_SESSION.checkpoint","category":"WT_VERB_CHECKPOINT_PROGRESS","category_id":6,"verbose_level":"DEBUG","verbose_level_id":1,"msg":"saving checkpoint snapshot min: 855, snapshot max: 855 snapshot count: 0, oldest timestamp: (1771949096, 1) , meta checkpoint timestamp: (1771949396, 1) base write gen: 556601"}}}
{"t":{"$date":"2026-02-24T21:41:01.953+05:30"},"s":"I",  "c":"WTCHKPT",  "id":22430,   "ctx":"Checkpointer","msg":"WiredTiger message","attr":{"message":{"ts_sec":1771949461,"ts_usec":953892,"thread":"67409:0x30dd83000","session_name":"WT_SESSION.checkpoint","category":"WT_VERB_CHECKPOINT_PROGRESS","category_id":6,"verbose_level":"DEBUG","verbose_level_id":1,"msg":"saving checkpoint snapshot min: 870, snapshot max: 870 snapshot count: 0, oldest timestamp: (1771949156, 1) , meta checkpoint timestamp: (1771949456, 1) base write gen: 556601"}}}
{"t":{"$date":"2026-02-24T21:42:02.089+05:30"},"s":"I",  "c":"WTCHKPT",  "id":22430,   "ctx":"Checkpointer","msg":"WiredTiger message","attr":{"message":{"ts_sec":1771949522,"ts_usec":88879,"thread":"67409:0x30dd83000","session_name":"WT_SESSION.checkpoint","category":"WT_VERB_CHECKPOINT_PROGRESS","category_id":6,"verbose_level":"DEBUG","verbose_level_id":1,"msg":"saving checkpoint snapshot min: 885, snapshot max: 885 snapshot count: 0, oldest timestamp: (1771949216, 1) , meta checkpoint timestamp: (1771949516, 1) base write gen: 556601"}}}
{"t":{"$date":"2026-02-24T21:43:02.185+05:30"},"s":"I",  "c":"WTCHKPT",  "id":22430,   "ctx":"Checkpointer","msg":"WiredTiger message","attr":{"message":{"ts_sec":1771949582,"ts_usec":185401,"thread":"67409:0x30dd83000","session_name":"WT_SESSION.checkpoint","category":"WT_VERB_CHECKPOINT_PROGRESS","category_id":6,"verbose_level":"DEBUG","verbose_level_id":1,"msg":"saving checkpoint snapshot min: 900, snapshot max: 900 snapshot count: 0, oldest timestamp: (1771949276, 1) , meta checkpoint timestamp: (1771949576, 1) base write gen: 556601"}}}
{"t":{"$date":"2026-02-24T21:44:02.332+05:30"},"s":"I",  "c":"WTCHKPT",  "id":22430,   "ctx":"Checkpointer","msg":"WiredTiger message","attr":{"message":{"ts_sec":1771949642,"ts_usec":332591,"thread":"67409:0x30dd83000","session_name":"WT_SESSION.checkpoint","category":"WT_VERB_CHECKPOINT_PROGRESS","category_id":6,"verbose_level":"DEBUG","verbose_level_id":1,"msg":"saving checkpoint snapshot min: 915, snapshot max: 915 snapshot count: 0, oldest timestamp: (1771949336, 1) , meta checkpoint timestamp: (1771949636, 1) base write gen: 556601"}}}
{"t":{"$date":"2026-02-24T21:45:02.478+05:30"},"s":"I",  "c":"WTCHKPT",  "id":22430,   "ctx":"Checkpointer","msg":"WiredTiger message","attr":{"message":{"ts_sec":1771949702,"ts_usec":478371,"thread":"67409:0x30dd83000","session_name":"WT_SESSION.checkpoint","category":"WT_VERB_CHECKPOINT_PROGRESS","category_id":6,"verbose_level":"DEBUG","verbose_level_id":1,"msg":"saving checkpoint snapshot min: 930, snapshot max: 930 snapshot count: 0, oldest timestamp: (1771949396, 1) , meta checkpoint timestamp: (1771949696, 1) base write gen: 556601"}}}
{"t":{"$date":"2026-02-24T21:46:02.665+05:30"},"s":"I",  "c":"WTCHKPT",  "id":22430,   "ctx":"Checkpointer","msg":"WiredTiger message","attr":{"message":{"ts_sec":1771949762,"ts_usec":665300,"thread":"67409:0x30dd83000","session_name":"WT_SESSION.checkpoint","category":"WT_VERB_CHECKPOINT_PROGRESS","category_id":6,"verbose_level":"DEBUG","verbose_level_id":1,"msg":"saving checkpoint snapshot min: 945, snapshot max: 945 snapshot count: 0, oldest timestamp: (1771949456, 1) , meta checkpoint timestamp: (1771949756, 1) base write gen: 556601"}}}
{"t":{"$date":"2026-02-24T21:47:02.755+05:30"},"s":"I",  "c":"WTCHKPT",  "id":22430,   "ctx":"Checkpointer","msg":"WiredTiger message","attr":{"message":{"ts_sec":1771949822,"ts_usec":754954,"thread":"67409:0x30dd83000","session_name":"WT_SESSION.checkpoint","category":"WT_VERB_CHECKPOINT_PROGRESS","category_id":6,"verbose_level":"DEBUG","verbose_level_id":1,"msg":"saving checkpoint snapshot min: 960, snapshot max: 960 snapshot count: 0, oldest timestamp: (1771949516, 1) , meta checkpoint timestamp: (1771949816, 1) base write gen: 556601"}}}
{"t":{"$date":"2026-02-24T21:48:02.836+05:30"},"s":"I",  "c":"WTCHKPT",  "id":22430,   "ctx":"Checkpointer","msg":"WiredTiger message","attr":{"message":{"ts_sec":1771949882,"ts_usec":835980,"thread":"67409:0x30dd83000","session_name":"WT_SESSION.checkpoint","category":"WT_VERB_CHECKPOINT_PROGRESS","category_id":6,"verbose_level":"DEBUG","verbose_level_id":1,"msg":"saving checkpoint snapshot min: 975, snapshot max: 975 snapshot count: 0, oldest timestamp: (1771949576, 1) , meta checkpoint timestamp: (1771949876, 1) base write gen: 556601"}}}
{"t":{"$date":"2026-02-24T21:49:02.927+05:30"},"s":"I",  "c":"WTCHKPT",  "id":22430,   "ctx":"Checkpointer","msg":"WiredTiger message","attr":{"message":{"ts_sec":1771949942,"ts_usec":927261,"thread":"67409:0x30dd83000","session_name":"WT_SESSION.checkpoint","category":"WT_VERB_CHECKPOINT_PROGRESS","category_id":6,"verbose_level":"DEBUG","verbose_level_id":1,"msg":"saving checkpoint snapshot min: 990, snapshot max: 990 snapshot count: 0, oldest timestamp: (1771949636, 1) , meta checkpoint timestamp: (1771949936, 1) base write gen: 556601"}}}
{"t":{"$date":"2026-02-24T21:50:03.049+05:30"},"s":"I",  "c":"WTCHKPT",  "id":22430,   "ctx":"Checkpointer","msg":"WiredTiger message","attr":{"message":{"ts_sec":1771950003,"ts_usec":49249,"thread":"67409:0x30dd83000","session_name":"WT_SESSION.checkpoint","category":"WT_VERB_CHECKPOINT_PROGRESS","category_id":6,"verbose_level":"DEBUG","verbose_level_id":1,"msg":"saving checkpoint snapshot min: 1005, snapshot max: 1005 snapshot count: 0, oldest timestamp: (1771949696, 1) , meta checkpoint timestamp: (1771949996, 1) base write gen: 556601"}}}
{"t":{"$date":"2026-02-24T21:51:03.276+05:30"},"s":"I",  "c":"WTCHKPT",  "id":22430,   "ctx":"Checkpointer","msg":"WiredTiger message","attr":{"message":{"ts_sec":1771950063,"ts_usec":276092,"thread":"67409:0x30dd83000","session_name":"WT_SESSION.checkpoint","category":"WT_VERB_CHECKPOINT_PROGRESS","category_id":6,"verbose_level":"DEBUG","verbose_level_id":1,"msg":"saving checkpoint snapshot min: 1020, snapshot max: 1020 snapshot count: 0, oldest timestamp: (1771949756, 1) , meta checkpoint timestamp: (1771950056, 1) base write gen: 556601"}}}
{"t":{"$date":"2026-02-24T21:52:03.362+05:30"},"s":"I",  "c":"WTCHKPT",  "id":22430,   "ctx":"Checkpointer","msg":"WiredTiger message","attr":{"message":{"ts_sec":1771950123,"ts_usec":362261,"thread":"67409:0x30dd83000","session_name":"WT_SESSION.checkpoint","category":"WT_VERB_CHECKPOINT_PROGRESS","category_id":6,"verbose_level":"DEBUG","verbose_level_id":1,"msg":"saving checkpoint snapshot min: 1035, snapshot max: 1035 snapshot count: 0, oldest timestamp: (1771949816, 1) , meta checkpoint timestamp: (1771950116, 1) base write gen: 556601"}}}
{"t":{"$date":"2026-02-24T21:53:03.465+05:30"},"s":"I",  "c":"WTCHKPT",  "id":22430,   "ctx":"Checkpointer","msg":"WiredTiger message","attr":{"message":{"ts_sec":1771950183,"ts_usec":465767,"thread":"67409:0x30dd83000","session_name":"WT_SESSION.checkpoint","category":"WT_VERB_CHECKPOINT_PROGRESS","category_id":6,"verbose_level":"DEBUG","verbose_level_id":1,"msg":"saving checkpoint snapshot min: 1050, snapshot max: 1050 snapshot count: 0, oldest timestamp: (1771949876, 1) , meta checkpoint timestamp: (1771950176, 1) base write gen: 556601"}}}
{"t":{"$date":"2026-02-24T21:54:03.563+05:30"},"s":"I",  "c":"WTCHKPT",  "id":22430,   "ctx":"Checkpointer","msg":"WiredTiger message","attr":{"message":{"ts_sec":1771950243,"ts_usec":563175,"thread":"67409:0x30dd83000","session_name":"WT_SESSION.checkpoint","category":"WT_VERB_CHECKPOINT_PROGRESS","category_id":6,"verbose_level":"DEBUG","verbose_level_id":1,"msg":"saving checkpoint snapshot min: 1065, snapshot max: 1065 snapshot count: 0, oldest timestamp: (1771949937, 1) , meta checkpoint timestamp: (1771950237, 1) base write gen: 556601"}}}
{"t":{"$date":"2026-02-24T21:55:03.662+05:30"},"s":"I",  "c":"WTCHKPT",  "id":22430,   "ctx":"Checkpointer","msg":"WiredTiger message","attr":{"message":{"ts_sec":1771950303,"ts_usec":662111,"thread":"67409:0x30dd83000","session_name":"WT_SESSION.checkpoint","category":"WT_VERB_CHECKPOINT_PROGRESS","category_id":6,"verbose_level":"DEBUG","verbose_level_id":1,"msg":"saving checkpoint snapshot min: 1080, snapshot max: 1080 snapshot count: 0, oldest timestamp: (1771949997, 1) , meta checkpoint timestamp: (1771950297, 1) base write gen: 556601"}}}
{"t":{"$date":"2026-02-24T21:56:03.774+05:30"},"s":"I",  "c":"WTCHKPT",  "id":22430,   "ctx":"Checkpointer","msg":"WiredTiger message","attr":{"message":{"ts_sec":1771950363,"ts_usec":773938,"thread":"67409:0x30dd83000","session_name":"WT_SESSION.checkpoint","category":"WT_VERB_CHECKPOINT_PROGRESS","category_id":6,"verbose_level":"DEBUG","verbose_level_id":1,"msg":"saving checkpoint snapshot min: 1095, snapshot max: 1095 snapshot count: 0, oldest timestamp: (1771950057, 1) , meta checkpoint timestamp: (1771950357, 1) base write gen: 556601"}}}
{"t":{"$date":"2026-02-24T21:57:03.860+05:30"},"s":"I",  "c":"WTCHKPT",  "id":22430,   "ctx":"Checkpointer","msg":"WiredTiger message","attr":{"message":{"ts_sec":1771950423,"ts_usec":860859,"thread":"67409:0x30dd83000","session_name":"WT_SESSION.checkpoint","category":"WT_VERB_CHECKPOINT_PROGRESS","category_id":6,"verbose_level":"DEBUG","verbose_level_id":1,"msg":"saving checkpoint snapshot min: 1110, snapshot max: 1110 snapshot count: 0, oldest timestamp: (1771950117, 1) , meta checkpoint timestamp: (1771950417, 1) base write gen: 556601"}}}
{"t":{"$date":"2026-02-24T21:58:04.031+05:30"},"s":"I",  "c":"WTCHKPT",  "id":22430,   "ctx":"Checkpointer","msg":"WiredTiger message","attr":{"message":{"ts_sec":1771950484,"ts_usec":31452,"thread":"67409:0x30dd83000","session_name":"WT_SESSION.checkpoint","category":"WT_VERB_CHECKPOINT_PROGRESS","category_id":6,"verbose_level":"DEBUG","verbose_level_id":1,"msg":"saving checkpoint snapshot min: 1125, snapshot max: 1125 snapshot count: 0, oldest timestamp: (1771950177, 1) , meta checkpoint timestamp: (1771950477, 1) base write gen: 556601"}}}
{"t":{"$date":"2026-02-24T21:59:04.396+05:30"},"s":"I",  "c":"WTCHKPT",  "id":22430,   "ctx":"Checkpointer","msg":"WiredTiger message","attr":{"message":{"ts_sec":1771950544,"ts_usec":396285,"thread":"67409:0x30dd83000","session_name":"WT_SESSION.checkpoint","category":"WT_VERB_CHECKPOINT_PROGRESS","category_id":6,"verbose_level":"DEBUG","verbose_level_id":1,"msg":"saving checkpoint snapshot min: 1140, snapshot max: 1140 snapshot count: 0, oldest timestamp: (1771950237, 1) , meta checkpoint timestamp: (1771950537, 1) base write gen: 556601"}}}
{"t":{"$date":"2026-02-24T22:00:04.480+05:30"},"s":"I",  "c":"WTCHKPT",  "id":22430,   "ctx":"Checkpointer","msg":"WiredTiger message","attr":{"message":{"ts_sec":1771950604,"ts_usec":480782,"thread":"67409:0x30dd83000","session_name":"WT_SESSION.checkpoint","category":"WT_VERB_CHECKPOINT_PROGRESS","category_id":6,"verbose_level":"DEBUG","verbose_level_id":1,"msg":"saving checkpoint snapshot min: 1155, snapshot max: 1155 snapshot count: 0, oldest timestamp: (1771950297, 1) , meta checkpoint timestamp: (1771950597, 1) base write gen: 556601"}}}
{"t":{"$date":"2026-02-24T22:01:04.618+05:30"},"s":"I",  "c":"WTCHKPT",  "id":22430,   "ctx":"Checkpointer","msg":"WiredTiger message","attr":{"message":{"ts_sec":1771950664,"ts_usec":618853,"thread":"67409:0x30dd83000","session_name":"WT_SESSION.checkpoint","category":"WT_VERB_CHECKPOINT_PROGRESS","category_id":6,"verbose_level":"DEBUG","verbose_level_id":1,"msg":"saving checkpoint snapshot min: 1170, snapshot max: 1170 snapshot count: 0, oldest timestamp: (1771950357, 1) , meta checkpoint timestamp: (1771950657, 1) base write gen: 556601"}}}
{"t":{"$date":"2026-02-24T22:02:04.709+05:30"},"s":"I",  "c":"WTCHKPT",  "id":22430,   "ctx":"Checkpointer","msg":"WiredTiger message","attr":{"message":{"ts_sec":1771950724,"ts_usec":709634,"thread":"67409:0x30dd83000","session_name":"WT_SESSION.checkpoint","category":"WT_VERB_CHECKPOINT_PROGRESS","category_id":6,"verbose_level":"DEBUG","verbose_level_id":1,"msg":"saving checkpoint snapshot min: 1185, snapshot max: 1185 snapshot count: 0, oldest timestamp: (1771950417, 1) , meta checkpoint timestamp: (1771950717, 1) base write gen: 556601"}}}
{"t":{"$date":"2026-02-24T22:03:04.815+05:30"},"s":"I",  "c":"WTCHKPT",  "id":22430,   "ctx":"Checkpointer","msg":"WiredTiger message","attr":{"message":{"ts_sec":1771950784,"ts_usec":815207,"thread":"67409:0x30dd83000","session_name":"WT_SESSION.checkpoint","category":"WT_VERB_CHECKPOINT_PROGRESS","category_id":6,"verbose_level":"DEBUG","verbose_level_id":1,"msg":"saving checkpoint snapshot min: 1200, snapshot max: 1200 snapshot count: 0, oldest timestamp: (1771950477, 1) , meta checkpoint timestamp: (1771950777, 1) base write gen: 556601"}}}
{"t":{"$date":"2026-02-24T22:04:04.918+05:30"},"s":"I",  "c":"WTCHKPT",  "id":22430,   "ctx":"Checkpointer","msg":"WiredTiger message","attr":{"message":{"ts_sec":1771950844,"ts_usec":918122,"thread":"67409:0x30dd83000","session_name":"WT_SESSION.checkpoint","category":"WT_VERB_CHECKPOINT_PROGRESS","category_id":6,"verbose_level":"DEBUG","verbose_level_id":1,"msg":"saving checkpoint snapshot min: 1215, snapshot max: 1215 snapshot count: 0, oldest timestamp: (1771950537, 1) , meta checkpoint timestamp: (1771950837, 1) base write gen: 556601"}}}
{"t":{"$date":"2026-02-24T22:05:05.025+05:30"},"s":"I",  "c":"WTCHKPT",  "id":22430,   "ctx":"Checkpointer","msg":"WiredTiger message","attr":{"message":{"ts_sec":1771950905,"ts_usec":25072,"thread":"67409:0x30dd83000","session_name":"WT_SESSION.checkpoint","category":"WT_VERB_CHECKPOINT_PROGRESS","category_id":6,"verbose_level":"DEBUG","verbose_level_id":1,"msg":"saving checkpoint snapshot min: 1230, snapshot max: 1230 snapshot count: 0, oldest timestamp: (1771950597, 1) , meta checkpoint timestamp: (1771950897, 1) base write gen: 556601"}}}
{"t":{"$date":"2026-02-24T22:06:05.150+05:30"},"s":"I",  "c":"WTCHKPT",  "id":22430,   "ctx":"Checkpointer","msg":"WiredTiger message","attr":{"message":{"ts_sec":1771950965,"ts_usec":150098,"thread":"67409:0x30dd83000","session_name":"WT_SESSION.checkpoint","category":"WT_VERB_CHECKPOINT_PROGRESS","category_id":6,"verbose_level":"DEBUG","verbose_level_id":1,"msg":"saving checkpoint snapshot min: 1245, snapshot max: 1245 snapshot count: 0, oldest timestamp: (1771950657, 1) , meta checkpoint timestamp: (1771950957, 1) base write gen: 556601"}}}
{"t":{"$date":"2026-02-24T22:07:05.265+05:30"},"s":"I",  "c":"WTCHKPT",  "id":22430,   "ctx":"Checkpointer","msg":"WiredTiger message","attr":{"message":{"ts_sec":1771951025,"ts_usec":265256,"thread":"67409:0x30dd83000","session_name":"WT_SESSION.checkpoint","category":"WT_VERB_CHECKPOINT_PROGRESS","category_id":6,"verbose_level":"DEBUG","verbose_level_id":1,"msg":"saving checkpoint snapshot min: 1260, snapshot max: 1260 snapshot count: 0, oldest timestamp: (1771950717, 1) , meta checkpoint timestamp: (1771951017, 1) base write gen: 556601"}}}
{"t":{"$date":"2026-02-24T22:08:05.366+05:30"},"s":"I",  "c":"WTCHKPT",  "id":22430,   "ctx":"Checkpointer","msg":"WiredTiger message","attr":{"message":{"ts_sec":1771951085,"ts_usec":366100,"thread":"67409:0x30dd83000","session_name":"WT_SESSION.checkpoint","category":"WT_VERB_CHECKPOINT_PROGRESS","category_id":6,"verbose_level":"DEBUG","verbose_level_id":1,"msg":"saving checkpoint snapshot min: 1275, snapshot max: 1275 snapshot count: 0, oldest timestamp: (1771950777, 1) , meta checkpoint timestamp: (1771951077, 1) base write gen: 556601"}}}
{"t":{"$date":"2026-02-24T22:09:05.473+05:30"},"s":"I",  "c":"WTCHKPT",  "id":22430,   "ctx":"Checkpointer","msg":"WiredTiger message","attr":{"message":{"ts_sec":1771951145,"ts_usec":473425,"thread":"67409:0x30dd83000","session_name":"WT_SESSION.checkpoint","category":"WT_VERB_CHECKPOINT_PROGRESS","category_id":6,"verbose_level":"DEBUG","verbose_level_id":1,"msg":"saving checkpoint snapshot min: 1290, snapshot max: 1290 snapshot count: 0, oldest timestamp: (1771950837, 1) , meta checkpoint timestamp: (1771951137, 1) base write gen: 556601"}}}
{"t":{"$date":"2026-02-24T22:10:05.604+05:30"},"s":"I",  "c":"WTCHKPT",  "id":22430,   "ctx":"Checkpointer","msg":"WiredTiger message","attr":{"message":{"ts_sec":1771951205,"ts_usec":603976,"thread":"67409:0x30dd83000","session_name":"WT_SESSION.checkpoint","category":"WT_VERB_CHECKPOINT_PROGRESS","category_id":6,"verbose_level":"DEBUG","verbose_level_id":1,"msg":"saving checkpoint snapshot min: 1305, snapshot max: 1305 snapshot count: 0, oldest timestamp: (1771950897, 1) , meta checkpoint timestamp: (1771951197, 1) base write gen: 556601"}}}
{"t":{"$date":"2026-02-24T22:11:05.704+05:30"},"s":"I",  "c":"WTCHKPT",  "id":22430,   "ctx":"Checkpointer","msg":"WiredTiger message","attr":{"message":{"ts_sec":1771951265,"ts_usec":704750,"thread":"67409:0x30dd83000","session_name":"WT_SESSION.checkpoint","category":"WT_VERB_CHECKPOINT_PROGRESS","category_id":6,"verbose_level":"DEBUG","verbose_level_id":1,"msg":"saving checkpoint snapshot min: 1320, snapshot max: 1320 snapshot count: 0, oldest timestamp: (1771950957, 1) , meta checkpoint timestamp: (1771951257, 1) base write gen: 556601"}}}
{"t":{"$date":"2026-02-24T22:12:05.829+05:30"},"s":"I",  "c":"WTCHKPT",  "id":22430,   "ctx":"Checkpointer","msg":"WiredTiger message","attr":{"message":{"ts_sec":1771951325,"ts_usec":828887,"thread":"67409:0x30dd83000","session_name":"WT_SESSION.checkpoint","category":"WT_VERB_CHECKPOINT_PROGRESS","category_id":6,"verbose_level":"DEBUG","verbose_level_id":1,"msg":"saving checkpoint snapshot min: 1335, snapshot max: 1335 snapshot count: 0, oldest timestamp: (1771951017, 1) , meta checkpoint timestamp: (1771951317, 1) base write gen: 556601"}}}
{"t":{"$date":"2026-02-24T22:13:05.983+05:30"},"s":"I",  "c":"WTCHKPT",  "id":22430,   "ctx":"Checkpointer","msg":"WiredTiger message","attr":{"message":{"ts_sec":1771951385,"ts_usec":983867,"thread":"67409:0x30dd83000","session_name":"WT_SESSION.checkpoint","category":"WT_VERB_CHECKPOINT_PROGRESS","category_id":6,"verbose_level":"DEBUG","verbose_level_id":1,"msg":"saving checkpoint snapshot min: 1350, snapshot max: 1350 snapshot count: 0, oldest timestamp: (1771951077, 1) , meta checkpoint timestamp: (1771951377, 1) base write gen: 556601"}}}
{"t":{"$date":"2026-02-24T22:14:06.072+05:30"},"s":"I",  "c":"WTCHKPT",  "id":22430,   "ctx":"Checkpointer","msg":"WiredTiger message","attr":{"message":{"ts_sec":1771951446,"ts_usec":72277,"thread":"67409:0x30dd83000","session_name":"WT_SESSION.checkpoint","category":"WT_VERB_CHECKPOINT_PROGRESS","category_id":6,"verbose_level":"DEBUG","verbose_level_id":1,"msg":"saving checkpoint snapshot min: 1365, snapshot max: 1365 snapshot count: 0, oldest timestamp: (1771951137, 1) , meta checkpoint timestamp: (1771951437, 1) base write gen: 556601"}}}
{"t":{"$date":"2026-02-24T22:15:06.160+05:30"},"s":"I",  "c":"WTCHKPT",  "id":22430,   "ctx":"Checkpointer","msg":"WiredTiger message","attr":{"message":{"ts_sec":1771951506,"ts_usec":160126,"thread":"67409:0x30dd83000","session_name":"WT_SESSION.checkpoint","category":"WT_VERB_CHECKPOINT_PROGRESS","category_id":6,"verbose_level":"DEBUG","verbose_level_id":1,"msg":"saving checkpoint snapshot min: 1380, snapshot max: 1380 snapshot count: 0, oldest timestamp: (1771951197, 1) , meta checkpoint timestamp: (1771951497, 1) base write gen: 556601"}}}
{"t":{"$date":"2026-02-24T22:16:06.252+05:30"},"s":"I",  "c":"WTCHKPT",  "id":22430,   "ctx":"Checkpointer","msg":"WiredTiger message","attr":{"message":{"ts_sec":1771951566,"ts_usec":252001,"thread":"67409:0x30dd83000","session_name":"WT_SESSION.checkpoint","category":"WT_VERB_CHECKPOINT_PROGRESS","category_id":6,"verbose_level":"DEBUG","verbose_level_id":1,"msg":"saving checkpoint snapshot min: 1395, snapshot max: 1395 snapshot count: 0, oldest timestamp: (1771951257, 1) , meta checkpoint timestamp: (1771951557, 1) base write gen: 556601"}}}
{"t":{"$date":"2026-02-24T22:17:06.362+05:30"},"s":"I",  "c":"WTCHKPT",  "id":22430,   "ctx":"Checkpointer","msg":"WiredTiger message","attr":{"message":{"ts_sec":1771951626,"ts_usec":362631,"thread":"67409:0x30dd83000","session_name":"WT_SESSION.checkpoint","category":"WT_VERB_CHECKPOINT_PROGRESS","category_id":6,"verbose_level":"DEBUG","verbose_level_id":1,"msg":"saving checkpoint snapshot min: 1410, snapshot max: 1410 snapshot count: 0, oldest timestamp: (1771951317, 1) , meta checkpoint timestamp: (1771951617, 1) base write gen: 556601"}}}
{"t":{"$date":"2026-02-24T22:18:06.448+05:30"},"s":"I",  "c":"WTCHKPT",  "id":22430,   "ctx":"Checkpointer","msg":"WiredTiger message","attr":{"message":{"ts_sec":1771951686,"ts_usec":447840,"thread":"67409:0x30dd83000","session_name":"WT_SESSION.checkpoint","category":"WT_VERB_CHECKPOINT_PROGRESS","category_id":6,"verbose_level":"DEBUG","verbose_level_id":1,"msg":"saving checkpoint snapshot min: 1425, snapshot max: 1425 snapshot count: 0, oldest timestamp: (1771951377, 1) , meta checkpoint timestamp: (1771951677, 1) base write gen: 556601"}}}
{"t":{"$date":"2026-02-24T22:19:06.549+05:30"},"s":"I",  "c":"WTCHKPT",  "id":22430,   "ctx":"Checkpointer","msg":"WiredTiger message","attr":{"message":{"ts_sec":1771951746,"ts_usec":549836,"thread":"67409:0x30dd83000","session_name":"WT_SESSION.checkpoint","category":"WT_VERB_CHECKPOINT_PROGRESS","category_id":6,"verbose_level":"DEBUG","verbose_level_id":1,"msg":"saving checkpoint snapshot min: 1440, snapshot max: 1440 snapshot count: 0, oldest timestamp: (1771951437, 1) , meta checkpoint timestamp: (1771951737, 1) base write gen: 556601"}}}
{"t":{"$date":"2026-02-24T22:20:06.646+05:30"},"s":"I",  "c":"WTCHKPT",  "id":22430,   "ctx":"Checkpointer","msg":"WiredTiger message","attr":{"message":{"ts_sec":1771951806,"ts_usec":646001,"thread":"67409:0x30dd83000","session_name":"WT_SESSION.checkpoint","category":"WT_VERB_CHECKPOINT_PROGRESS","category_id":6,"verbose_level":"DEBUG","verbose_level_id":1,"msg":"saving checkpoint snapshot min: 1455, snapshot max: 1455 snapshot count: 0, oldest timestamp: (1771951497, 1) , meta checkpoint timestamp: (1771951797, 1) base write gen: 556601"}}}
{"t":{"$date":"2026-02-24T22:21:06.756+05:30"},"s":"I",  "c":"WTCHKPT",  "id":22430,   "ctx":"Checkpointer","msg":"WiredTiger message","attr":{"message":{"ts_sec":1771951866,"ts_usec":756627,"thread":"67409:0x30dd83000","session_name":"WT_SESSION.checkpoint","category":"WT_VERB_CHECKPOINT_PROGRESS","category_id":6,"verbose_level":"DEBUG","verbose_level_id":1,"msg":"saving checkpoint snapshot min: 1470, snapshot max: 1470 snapshot count: 0, oldest timestamp: (1771951557, 1) , meta checkpoint timestamp: (1771951857, 1) base write gen: 556601"}}}
{"t":{"$date":"2026-02-24T22:22:06.877+05:30"},"s":"I",  "c":"WTCHKPT",  "id":22430,   "ctx":"Checkpointer","msg":"WiredTiger message","attr":{"message":{"ts_sec":1771951926,"ts_usec":877477,"thread":"67409:0x30dd83000","session_name":"WT_SESSION.checkpoint","category":"WT_VERB_CHECKPOINT_PROGRESS","category_id":6,"verbose_level":"DEBUG","verbose_level_id":1,"msg":"saving checkpoint snapshot min: 1485, snapshot max: 1485 snapshot count: 0, oldest timestamp: (1771951617, 1) , meta checkpoint timestamp: (1771951917, 1) base write gen: 556601"}}}
{"t":{"$date":"2026-02-24T22:23:07.053+05:30"},"s":"I",  "c":"WTCHKPT",  "id":22430,   "ctx":"Checkpointer","msg":"WiredTiger message","attr":{"message":{"ts_sec":1771951987,"ts_usec":53686,"thread":"67409:0x30dd83000","session_name":"WT_SESSION.checkpoint","category":"WT_VERB_CHECKPOINT_PROGRESS","category_id":6,"verbose_level":"DEBUG","verbose_level_id":1,"msg":"saving checkpoint snapshot min: 1500, snapshot max: 1500 snapshot count: 0, oldest timestamp: (1771951677, 1) , meta checkpoint timestamp: (1771951977, 1) base write gen: 556601"}}}
{"t":{"$date":"2026-02-24T22:24:07.194+05:30"},"s":"I",  "c":"WTCHKPT",  "id":22430,   "ctx":"Checkpointer","msg":"WiredTiger message","attr":{"message":{"ts_sec":1771952047,"ts_usec":194314,"thread":"67409:0x30dd83000","session_name":"WT_SESSION.checkpoint","category":"WT_VERB_CHECKPOINT_PROGRESS","category_id":6,"verbose_level":"DEBUG","verbose_level_id":1,"msg":"saving checkpoint snapshot min: 1515, snapshot max: 1515 snapshot count: 0, oldest timestamp: (1771951737, 1) , meta checkpoint timestamp: (1771952037, 1) base write gen: 556601"}}}
{"t":{"$date":"2026-02-24T22:25:07.281+05:30"},"s":"I",  "c":"WTCHKPT",  "id":22430,   "ctx":"Checkpointer","msg":"WiredTiger message","attr":{"message":{"ts_sec":1771952107,"ts_usec":281701,"thread":"67409:0x30dd83000","session_name":"WT_SESSION.checkpoint","category":"WT_VERB_CHECKPOINT_PROGRESS","category_id":6,"verbose_level":"DEBUG","verbose_level_id":1,"msg":"saving checkpoint snapshot min: 1530, snapshot max: 1530 snapshot count: 0, oldest timestamp: (1771951797, 1) , meta checkpoint timestamp: (1771952097, 1) base write gen: 556601"}}}
{"t":{"$date":"2026-02-24T22:26:07.363+05:30"},"s":"I",  "c":"WTCHKPT",  "id":22430,   "ctx":"Checkpointer","msg":"WiredTiger message","attr":{"message":{"ts_sec":1771952167,"ts_usec":363035,"thread":"67409:0x30dd83000","session_name":"WT_SESSION.checkpoint","category":"WT_VERB_CHECKPOINT_PROGRESS","category_id":6,"verbose_level":"DEBUG","verbose_level_id":1,"msg":"saving checkpoint snapshot min: 1545, snapshot max: 1545 snapshot count: 0, oldest timestamp: (1771951857, 1) , meta checkpoint timestamp: (1771952157, 1) base write gen: 556601"}}}
{"t":{"$date":"2026-02-24T22:27:07.474+05:30"},"s":"I",  "c":"WTCHKPT",  "id":22430,   "ctx":"Checkpointer","msg":"WiredTiger message","attr":{"message":{"ts_sec":1771952227,"ts_usec":474630,"thread":"67409:0x30dd83000","session_name":"WT_SESSION.checkpoint","category":"WT_VERB_CHECKPOINT_PROGRESS","category_id":6,"verbose_level":"DEBUG","verbose_level_id":1,"msg":"saving checkpoint snapshot min: 1560, snapshot max: 1560 snapshot count: 0, oldest timestamp: (1771951917, 1) , meta checkpoint timestamp: (1771952217, 1) base write gen: 556601"}}}
{"t":{"$date":"2026-02-24T22:28:07.579+05:30"},"s":"I",  "c":"WTCHKPT",  "id":22430,   "ctx":"Checkpointer","msg":"WiredTiger message","attr":{"message":{"ts_sec":1771952287,"ts_usec":578985,"thread":"67409:0x30dd83000","session_name":"WT_SESSION.checkpoint","category":"WT_VERB_CHECKPOINT_PROGRESS","category_id":6,"verbose_level":"DEBUG","verbose_level_id":1,"msg":"saving checkpoint snapshot min: 1575, snapshot max: 1575 snapshot count: 0, oldest timestamp: (1771951978, 1) , meta checkpoint timestamp: (1771952278, 1) base write gen: 556601"}}}
{"t":{"$date":"2026-02-24T22:29:07.731+05:30"},"s":"I",  "c":"WTCHKPT",  "id":22430,   "ctx":"Checkpointer","msg":"WiredTiger message","attr":{"message":{"ts_sec":1771952347,"ts_usec":731735,"thread":"67409:0x30dd83000","session_name":"WT_SESSION.checkpoint","category":"WT_VERB_CHECKPOINT_PROGRESS","category_id":6,"verbose_level":"DEBUG","verbose_level_id":1,"msg":"saving checkpoint snapshot min: 1590, snapshot max: 1590 snapshot count: 0, oldest timestamp: (1771952038, 1) , meta checkpoint timestamp: (1771952338, 1) base write gen: 556601"}}}
{"t":{"$date":"2026-02-24T22:30:07.814+05:30"},"s":"I",  "c":"WTCHKPT",  "id":22430,   "ctx":"Checkpointer","msg":"WiredTiger message","attr":{"message":{"ts_sec":1771952407,"ts_usec":814100,"thread":"67409:0x30dd83000","session_name":"WT_SESSION.checkpoint","category":"WT_VERB_CHECKPOINT_PROGRESS","category_id":6,"verbose_level":"DEBUG","verbose_level_id":1,"msg":"saving checkpoint snapshot min: 1605, snapshot max: 1605 snapshot count: 0, oldest timestamp: (1771952098, 1) , meta checkpoint timestamp: (1771952398, 1) base write gen: 556601"}}}
{"t":{"$date":"2026-02-24T22:31:07.894+05:30"},"s":"I",  "c":"WTCHKPT",  "id":22430,   "ctx":"Checkpointer","msg":"WiredTiger message","attr":{"message":{"ts_sec":1771952467,"ts_usec":894005,"thread":"67409:0x30dd83000","session_name":"WT_SESSION.checkpoint","category":"WT_VERB_CHECKPOINT_PROGRESS","category_id":6,"verbose_level":"DEBUG","verbose_level_id":1,"msg":"saving checkpoint snapshot min: 1620, snapshot max: 1620 snapshot count: 0, oldest timestamp: (1771952158, 1) , meta checkpoint timestamp: (1771952458, 1) base write gen: 556601"}}}
{"t":{"$date":"2026-02-24T22:32:08.008+05:30"},"s":"I",  "c":"WTCHKPT",  "id":22430,   "ctx":"Checkpointer","msg":"WiredTiger message","attr":{"message":{"ts_sec":1771952528,"ts_usec":8342,"thread":"67409:0x30dd83000","session_name":"WT_SESSION.checkpoint","category":"WT_VERB_CHECKPOINT_PROGRESS","category_id":6,"verbose_level":"DEBUG","verbose_level_id":1,"msg":"saving checkpoint snapshot min: 1635, snapshot max: 1635 snapshot count: 0, oldest timestamp: (1771952218, 1) , meta checkpoint timestamp: (1771952518, 1) base write gen: 556601"}}}
{"t":{"$date":"2026-02-24T22:33:08.098+05:30"},"s":"I",  "c":"WTCHKPT",  "id":22430,   "ctx":"Checkpointer","msg":"WiredTiger message","attr":{"message":{"ts_sec":1771952588,"ts_usec":98817,"thread":"67409:0x30dd83000","session_name":"WT_SESSION.checkpoint","category":"WT_VERB_CHECKPOINT_PROGRESS","category_id":6,"verbose_level":"DEBUG","verbose_level_id":1,"msg":"saving checkpoint snapshot min: 1650, snapshot max: 1650 snapshot count: 0, oldest timestamp: (1771952278, 1) , meta checkpoint timestamp: (1771952578, 1) base write gen: 556601"}}}
{"t":{"$date":"2026-02-25T00:34:24.116+05:30"},"s":"I",  "c":"WTCHKPT",  "id":22430,   "ctx":"Checkpointer","msg":"WiredTiger message","attr":{"message":{"ts_sec":1771959864,"ts_usec":116524,"thread":"67409:0x30dd83000","session_name":"WT_SESSION.checkpoint","category":"WT_VERB_CHECKPOINT_PROGRESS","category_id":6,"verbose_level":"DEBUG","verbose_level_id":1,"msg":"saving checkpoint snapshot min: 1670, snapshot max: 1670 snapshot count: 0, oldest timestamp: (1771959554, 1) , meta checkpoint timestamp: (1771959854, 1) base write gen: 556601"}}}
{"t":{"$date":"2026-02-25T02:28:05.212+05:30"},"s":"I",  "c":"WTCHKPT",  "id":22430,   "ctx":"Checkpointer","msg":"WiredTiger message","attr":{"message":{"ts_sec":1771966685,"ts_usec":212650,"thread":"67409:0x30dd83000","session_name":"WT_SESSION.checkpoint","category":"WT_VERB_CHECKPOINT_PROGRESS","category_id":6,"verbose_level":"DEBUG","verbose_level_id":1,"msg":"saving checkpoint snapshot min: 1689, snapshot max: 1689 snapshot count: 0, oldest timestamp: (1771966375, 1) , meta checkpoint timestamp: (1771966675, 1) base write gen: 556601"}}}
{"t":{"$date":"2026-02-25T02:29:05.322+05:30"},"s":"I",  "c":"WTCHKPT",  "id":22430,   "ctx":"Checkpointer","msg":"WiredTiger message","attr":{"message":{"ts_sec":1771966745,"ts_usec":316559,"thread":"67409:0x30dd83000","session_name":"WT_SESSION.checkpoint","category":"WT_VERB_CHECKPOINT_PROGRESS","category_id":6,"verbose_level":"DEBUG","verbose_level_id":1,"msg":"saving checkpoint snapshot min: 1706, snapshot max: 1706 snapshot count: 0, oldest timestamp: (1771966445, 1) , meta checkpoint timestamp: (1771966745, 1) base write gen: 556601"}}}
{"t":{"$date":"2026-02-25T02:30:05.423+05:30"},"s":"I",  "c":"WTCHKPT",  "id":22430,   "ctx":"Checkpointer","msg":"WiredTiger message","attr":{"message":{"ts_sec":1771966805,"ts_usec":423035,"thread":"67409:0x30dd83000","session_name":"WT_SESSION.checkpoint","category":"WT_VERB_CHECKPOINT_PROGRESS","category_id":6,"verbose_level":"DEBUG","verbose_level_id":1,"msg":"saving checkpoint snapshot min: 1721, snapshot max: 1721 snapshot count: 0, oldest timestamp: (1771966505, 1) , meta checkpoint timestamp: (1771966805, 1) base write gen: 556601"}}}
{"t":{"$date":"2026-02-25T02:31:05.518+05:30"},"s":"I",  "c":"WTCHKPT",  "id":22430,   "ctx":"Checkpointer","msg":"WiredTiger message","attr":{"message":{"ts_sec":1771966865,"ts_usec":518251,"thread":"67409:0x30dd83000","session_name":"WT_SESSION.checkpoint","category":"WT_VERB_CHECKPOINT_PROGRESS","category_id":6,"verbose_level":"DEBUG","verbose_level_id":1,"msg":"saving checkpoint snapshot min: 1736, snapshot max: 1736 snapshot count: 0, oldest timestamp: (1771966565, 1) , meta checkpoint timestamp: (1771966865, 1) base write gen: 556601"}}}
{"t":{"$date":"2026-02-25T02:32:05.626+05:30"},"s":"I",  "c":"WTCHKPT",  "id":22430,   "ctx":"Checkpointer","msg":"WiredTiger message","attr":{"message":{"ts_sec":1771966925,"ts_usec":625940,"thread":"67409:0x30dd83000","session_name":"WT_SESSION.checkpoint","category":"WT_VERB_CHECKPOINT_PROGRESS","category_id":6,"verbose_level":"DEBUG","verbose_level_id":1,"msg":"saving checkpoint snapshot min: 1751, snapshot max: 1751 snapshot count: 0, oldest timestamp: (1771966625, 1) , meta checkpoint timestamp: (1771966925, 1) base write gen: 556601"}}}
{"t":{"$date":"2026-02-25T02:33:05.760+05:30"},"s":"I",  "c":"WTCHKPT",  "id":22430,   "ctx":"Checkpointer","msg":"WiredTiger message","attr":{"message":{"ts_sec":1771966985,"ts_usec":760001,"thread":"67409:0x30dd83000","session_name":"WT_SESSION.checkpoint","category":"WT_VERB_CHECKPOINT_PROGRESS","category_id":6,"verbose_level":"DEBUG","verbose_level_id":1,"msg":"saving checkpoint snapshot min: 1766, snapshot max: 1766 snapshot count: 0, oldest timestamp: (1771966685, 1) , meta checkpoint timestamp: (1771966985, 1) base write gen: 556601"}}}
{"t":{"$date":"2026-02-25T02:34:05.883+05:30"},"s":"I",  "c":"WTCHKPT",  "id":22430,   "ctx":"Checkpointer","msg":"WiredTiger message","attr":{"message":{"ts_sec":1771967045,"ts_usec":877862,"thread":"67409:0x30dd83000","session_name":"WT_SESSION.checkpoint","category":"WT_VERB_CHECKPOINT_PROGRESS","category_id":6,"verbose_level":"DEBUG","verbose_level_id":1,"msg":"saving checkpoint snapshot min: 1781, snapshot max: 1781 snapshot count: 0, oldest timestamp: (1771966745, 1) , meta checkpoint timestamp: (1771967045, 1) base write gen: 556601"}}}
{"t":{"$date":"2026-02-25T02:35:06.028+05:30"},"s":"I",  "c":"WTCHKPT",  "id":22430,   "ctx":"Checkpointer","msg":"WiredTiger message","attr":{"message":{"ts_sec":1771967106,"ts_usec":24243,"thread":"67409:0x30dd83000","session_name":"WT_SESSION.checkpoint","category":"WT_VERB_CHECKPOINT_PROGRESS","category_id":6,"verbose_level":"DEBUG","verbose_level_id":1,"msg":"saving checkpoint snapshot min: 1796, snapshot max: 1796 snapshot count: 0, oldest timestamp: (1771966805, 1) , meta checkpoint timestamp: (1771967105, 1) base write gen: 556601"}}}
{"t":{"$date":"2026-02-25T02:36:06.202+05:30"},"s":"I",  "c":"WTCHKPT",  "id":22430,   "ctx":"Checkpointer","msg":"WiredTiger message","attr":{"message":{"ts_sec":1771967166,"ts_usec":202776,"thread":"67409:0x30dd83000","session_name":"WT_SESSION.checkpoint","category":"WT_VERB_CHECKPOINT_PROGRESS","category_id":6,"verbose_level":"DEBUG","verbose_level_id":1,"msg":"saving checkpoint snapshot min: 1811, snapshot max: 1811 snapshot count: 0, oldest timestamp: (1771966865, 1) , meta checkpoint timestamp: (1771967165, 1) base write gen: 556601"}}}
{"t":{"$date":"2026-02-25T02:37:06.362+05:30"},"s":"I",  "c":"WTCHKPT",  "id":22430,   "ctx":"Checkpointer","msg":"WiredTiger message","attr":{"message":{"ts_sec":1771967226,"ts_usec":362711,"thread":"67409:0x30dd83000","session_name":"WT_SESSION.checkpoint","category":"WT_VERB_CHECKPOINT_PROGRESS","category_id":6,"verbose_level":"DEBUG","verbose_level_id":1,"msg":"saving checkpoint snapshot min: 1826, snapshot max: 1826 snapshot count: 0, oldest timestamp: (1771966925, 1) , meta checkpoint timestamp: (1771967225, 1) base write gen: 556601"}}}
{"t":{"$date":"2026-02-25T02:38:06.474+05:30"},"s":"I",  "c":"WTCHKPT",  "id":22430,   "ctx":"Checkpointer","msg":"WiredTiger message","attr":{"message":{"ts_sec":1771967286,"ts_usec":474346,"thread":"67409:0x30dd83000","session_name":"WT_SESSION.checkpoint","category":"WT_VERB_CHECKPOINT_PROGRESS","category_id":6,"verbose_level":"DEBUG","verbose_level_id":1,"msg":"saving checkpoint snapshot min: 1841, snapshot max: 1841 snapshot count: 0, oldest timestamp: (1771966985, 1) , meta checkpoint timestamp: (1771967285, 1) base write gen: 556601"}}}
{"t":{"$date":"2026-02-25T02:39:06.619+05:30"},"s":"I",  "c":"WTCHKPT",  "id":22430,   "ctx":"Checkpointer","msg":"WiredTiger message","attr":{"message":{"ts_sec":1771967346,"ts_usec":619683,"thread":"67409:0x30dd83000","session_name":"WT_SESSION.checkpoint","category":"WT_VERB_CHECKPOINT_PROGRESS","category_id":6,"verbose_level":"DEBUG","verbose_level_id":1,"msg":"saving checkpoint snapshot min: 1856, snapshot max: 1856 snapshot count: 0, oldest timestamp: (1771967045, 1) , meta checkpoint timestamp: (1771967345, 1) base write gen: 556601"}}}
{"t":{"$date":"2026-02-25T02:40:06.771+05:30"},"s":"I",  "c":"WTCHKPT",  "id":22430,   "ctx":"Checkpointer","msg":"WiredTiger message","attr":{"message":{"ts_sec":1771967406,"ts_usec":771442,"thread":"67409:0x30dd83000","session_name":"WT_SESSION.checkpoint","category":"WT_VERB_CHECKPOINT_PROGRESS","category_id":6,"verbose_level":"DEBUG","verbose_level_id":1,"msg":"saving checkpoint snapshot min: 1871, snapshot max: 1871 snapshot count: 0, oldest timestamp: (1771967105, 1) , meta checkpoint timestamp: (1771967405, 1) base write gen: 556601"}}}
{"t":{"$date":"2026-02-25T02:41:06.929+05:30"},"s":"I",  "c":"WTCHKPT",  "id":22430,   "ctx":"Checkpointer","msg":"WiredTiger message","attr":{"message":{"ts_sec":1771967466,"ts_usec":929355,"thread":"67409:0x30dd83000","session_name":"WT_SESSION.checkpoint","category":"WT_VERB_CHECKPOINT_PROGRESS","category_id":6,"verbose_level":"DEBUG","verbose_level_id":1,"msg":"saving checkpoint snapshot min: 1886, snapshot max: 1886 snapshot count: 0, oldest timestamp: (1771967165, 1) , meta checkpoint timestamp: (1771967465, 1) base write gen: 556601"}}}
{"t":{"$date":"2026-02-25T02:42:07.083+05:30"},"s":"I",  "c":"WTCHKPT",  "id":22430,   "ctx":"Checkpointer","msg":"WiredTiger message","attr":{"message":{"ts_sec":1771967527,"ts_usec":83136,"thread":"67409:0x30dd83000","session_name":"WT_SESSION.checkpoint","category":"WT_VERB_CHECKPOINT_PROGRESS","category_id":6,"verbose_level":"DEBUG","verbose_level_id":1,"msg":"saving checkpoint snapshot min: 1901, snapshot max: 1901 snapshot count: 0, oldest timestamp: (1771967225, 1) , meta checkpoint timestamp: (1771967525, 1) base write gen: 556601"}}}
{"t":{"$date":"2026-02-25T02:43:07.076+05:30"},"s":"I",  "c":"WTCHKPT",  "id":22430,   "ctx":"Checkpointer","msg":"WiredTiger message","attr":{"message":{"ts_sec":1771967587,"ts_usec":76591,"thread":"67409:0x30dd83000","session_name":"WT_SESSION.checkpoint","category":"WT_VERB_CHECKPOINT_PROGRESS","category_id":6,"verbose_level":"DEBUG","verbose_level_id":1,"msg":"saving checkpoint snapshot min: 1916, snapshot max: 1916 snapshot count: 0, oldest timestamp: (1771967285, 1) , meta checkpoint timestamp: (1771967585, 1) base write gen: 556601"}}}
{"t":{"$date":"2026-02-25T02:44:07.166+05:30"},"s":"I",  "c":"WTCHKPT",  "id":22430,   "ctx":"Checkpointer","msg":"WiredTiger message","attr":{"message":{"ts_sec":1771967647,"ts_usec":166166,"thread":"67409:0x30dd83000","session_name":"WT_SESSION.checkpoint","category":"WT_VERB_CHECKPOINT_PROGRESS","category_id":6,"verbose_level":"DEBUG","verbose_level_id":1,"msg":"saving checkpoint snapshot min: 1931, snapshot max: 1931 snapshot count: 0, oldest timestamp: (1771967345, 1) , meta checkpoint timestamp: (1771967645, 1) base write gen: 556601"}}}
{"t":{"$date":"2026-02-25T02:45:07.329+05:30"},"s":"I",  "c":"WTCHKPT",  "id":22430,   "ctx":"Checkpointer","msg":"WiredTiger message","attr":{"message":{"ts_sec":1771967707,"ts_usec":329914,"thread":"67409:0x30dd83000","session_name":"WT_SESSION.checkpoint","category":"WT_VERB_CHECKPOINT_PROGRESS","category_id":6,"verbose_level":"DEBUG","verbose_level_id":1,"msg":"saving checkpoint snapshot min: 1946, snapshot max: 1946 snapshot count: 0, oldest timestamp: (1771967405, 1) , meta checkpoint timestamp: (1771967705, 1) base write gen: 556601"}}}
{"t":{"$date":"2026-02-25T02:46:07.602+05:30"},"s":"I",  "c":"WTCHKPT",  "id":22430,   "ctx":"Checkpointer","msg":"WiredTiger message","attr":{"message":{"ts_sec":1771967767,"ts_usec":602123,"thread":"67409:0x30dd83000","session_name":"WT_SESSION.checkpoint","category":"WT_VERB_CHECKPOINT_PROGRESS","category_id":6,"verbose_level":"DEBUG","verbose_level_id":1,"msg":"saving checkpoint snapshot min: 1961, snapshot max: 1961 snapshot count: 0, oldest timestamp: (1771967465, 1) , meta checkpoint timestamp: (1771967765, 1) base write gen: 556601"}}}
{"t":{"$date":"2026-02-25T02:47:07.691+05:30"},"s":"I",  "c":"WTCHKPT",  "id":22430,   "ctx":"Checkpointer","msg":"WiredTiger message","attr":{"message":{"ts_sec":1771967827,"ts_usec":691004,"thread":"67409:0x30dd83000","session_name":"WT_SESSION.checkpoint","category":"WT_VERB_CHECKPOINT_PROGRESS","category_id":6,"verbose_level":"DEBUG","verbose_level_id":1,"msg":"saving checkpoint snapshot min: 1976, snapshot max: 1976 snapshot count: 0, oldest timestamp: (1771967525, 1) , meta checkpoint timestamp: (1771967825, 1) base write gen: 556601"}}}
{"t":{"$date":"2026-02-25T02:48:07.851+05:30"},"s":"I",  "c":"WTCHKPT",  "id":22430,   "ctx":"Checkpointer","msg":"WiredTiger message","attr":{"message":{"ts_sec":1771967887,"ts_usec":851516,"thread":"67409:0x30dd83000","session_name":"WT_SESSION.checkpoint","category":"WT_VERB_CHECKPOINT_PROGRESS","category_id":6,"verbose_level":"DEBUG","verbose_level_id":1,"msg":"saving checkpoint snapshot min: 1991, snapshot max: 1991 snapshot count: 0, oldest timestamp: (1771967585, 1) , meta checkpoint timestamp: (1771967885, 1) base write gen: 556601"}}}
{"t":{"$date":"2026-02-25T02:49:07.952+05:30"},"s":"I",  "c":"WTCHKPT",  "id":22430,   "ctx":"Checkpointer","msg":"WiredTiger message","attr":{"message":{"ts_sec":1771967947,"ts_usec":952024,"thread":"67409:0x30dd83000","session_name":"WT_SESSION.checkpoint","category":"WT_VERB_CHECKPOINT_PROGRESS","category_id":6,"verbose_level":"DEBUG","verbose_level_id":1,"msg":"saving checkpoint snapshot min: 2006, snapshot max: 2006 snapshot count: 0, oldest timestamp: (1771967645, 1) , meta checkpoint timestamp: (1771967945, 1) base write gen: 556601"}}}
{"t":{"$date":"2026-02-25T02:50:08.118+05:30"},"s":"I",  "c":"WTCHKPT",  "id":22430,   "ctx":"Checkpointer","msg":"WiredTiger message","attr":{"message":{"ts_sec":1771968008,"ts_usec":118511,"thread":"67409:0x30dd83000","session_name":"WT_SESSION.checkpoint","category":"WT_VERB_CHECKPOINT_PROGRESS","category_id":6,"verbose_level":"DEBUG","verbose_level_id":1,"msg":"saving checkpoint snapshot min: 2021, snapshot max: 2021 snapshot count: 0, oldest timestamp: (1771967705, 1) , meta checkpoint timestamp: (1771968005, 1) base write gen: 556601"}}}
{"t":{"$date":"2026-02-25T02:51:08.296+05:30"},"s":"I",  "c":"WTCHKPT",  "id":22430,   "ctx":"Checkpointer","msg":"WiredTiger message","attr":{"message":{"ts_sec":1771968068,"ts_usec":296385,"thread":"67409:0x30dd83000","session_name":"WT_SESSION.checkpoint","category":"WT_VERB_CHECKPOINT_PROGRESS","category_id":6,"verbose_level":"DEBUG","verbose_level_id":1,"msg":"saving checkpoint snapshot min: 2036, snapshot max: 2036 snapshot count: 0, oldest timestamp: (1771967765, 1) , meta checkpoint timestamp: (1771968065, 1) base write gen: 556601"}}}
{"t":{"$date":"2026-02-25T02:52:08.484+05:30"},"s":"I",  "c":"WTCHKPT",  "id":22430,   "ctx":"Checkpointer","msg":"WiredTiger message","attr":{"message":{"ts_sec":1771968128,"ts_usec":484611,"thread":"67409:0x30dd83000","session_name":"WT_SESSION.checkpoint","category":"WT_VERB_CHECKPOINT_PROGRESS","category_id":6,"verbose_level":"DEBUG","verbose_level_id":1,"msg":"saving checkpoint snapshot min: 2051, snapshot max: 2051 snapshot count: 0, oldest timestamp: (1771967825, 1) , meta checkpoint timestamp: (1771968125, 1) base write gen: 556601"}}}
{"t":{"$date":"2026-02-25T02:53:08.618+05:30"},"s":"I",  "c":"WTCHKPT",  "id":22430,   "ctx":"Checkpointer","msg":"WiredTiger message","attr":{"message":{"ts_sec":1771968188,"ts_usec":618836,"thread":"67409:0x30dd83000","session_name":"WT_SESSION.checkpoint","category":"WT_VERB_CHECKPOINT_PROGRESS","category_id":6,"verbose_level":"DEBUG","verbose_level_id":1,"msg":"saving checkpoint snapshot min: 2066, snapshot max: 2066 snapshot count: 0, oldest timestamp: (1771967885, 1) , meta checkpoint timestamp: (1771968185, 1) base write gen: 556601"}}}
{"t":{"$date":"2026-02-25T02:54:08.743+05:30"},"s":"I",  "c":"WTCHKPT",  "id":22430,   "ctx":"Checkpointer","msg":"WiredTiger message","attr":{"message":{"ts_sec":1771968248,"ts_usec":743475,"thread":"67409:0x30dd83000","session_name":"WT_SESSION.checkpoint","category":"WT_VERB_CHECKPOINT_PROGRESS","category_id":6,"verbose_level":"DEBUG","verbose_level_id":1,"msg":"saving checkpoint snapshot min: 2081, snapshot max: 2081 snapshot count: 0, oldest timestamp: (1771967945, 1) , meta checkpoint timestamp: (1771968245, 1) base write gen: 556601"}}}
{"t":{"$date":"2026-02-25T02:55:08.868+05:30"},"s":"I",  "c":"WTCHKPT",  "id":22430,   "ctx":"Checkpointer","msg":"WiredTiger message","attr":{"message":{"ts_sec":1771968308,"ts_usec":868370,"thread":"67409:0x30dd83000","session_name":"WT_SESSION.checkpoint","category":"WT_VERB_CHECKPOINT_PROGRESS","category_id":6,"verbose_level":"DEBUG","verbose_level_id":1,"msg":"saving checkpoint snapshot min: 2096, snapshot max: 2096 snapshot count: 0, oldest timestamp: (1771968005, 1) , meta checkpoint timestamp: (1771968305, 1) base write gen: 556601"}}}
{"t":{"$date":"2026-02-25T02:56:09.044+05:30"},"s":"I",  "c":"WTCHKPT",  "id":22430,   "ctx":"Checkpointer","msg":"WiredTiger message","attr":{"message":{"ts_sec":1771968369,"ts_usec":44196,"thread":"67409:0x30dd83000","session_name":"WT_SESSION.checkpoint","category":"WT_VERB_CHECKPOINT_PROGRESS","category_id":6,"verbose_level":"DEBUG","verbose_level_id":1,"msg":"saving checkpoint snapshot min: 2111, snapshot max: 2111 snapshot count: 0, oldest timestamp: (1771968065, 1) , meta checkpoint timestamp: (1771968365, 1) base write gen: 556601"}}}
{"t":{"$date":"2026-02-25T03:44:42.555+05:30"},"s":"I",  "c":"WTCHKPT",  "id":22430,   "ctx":"Checkpointer","msg":"WiredTiger message","attr":{"message":{"ts_sec":1771971282,"ts_usec":524383,"thread":"67409:0x30dd83000","session_name":"WT_SESSION.checkpoint","category":"WT_VERB_CHECKPOINT_PROGRESS","category_id":6,"verbose_level":"DEBUG","verbose_level_id":1,"msg":"saving checkpoint snapshot min: 2127, snapshot max: 2127 snapshot count: 0, oldest timestamp: (1771970978, 1) , meta checkpoint timestamp: (1771971278, 1) base write gen: 556601"}}}
{"t":{"$date":"2026-02-25T04:05:46.630+05:30"},"s":"I",  "c":"WTCHKPT",  "id":22430,   "ctx":"Checkpointer","msg":"WiredTiger message","attr":{"message":{"ts_sec":1771972546,"ts_usec":630434,"thread":"67409:0x30dd83000","session_name":"WT_SESSION.checkpoint","category":"WT_VERB_CHECKPOINT_PROGRESS","category_id":6,"verbose_level":"DEBUG","verbose_level_id":1,"msg":"saving checkpoint snapshot min: 2143, snapshot max: 2143 snapshot count: 0, oldest timestamp: (1771971247, 1) , meta checkpoint timestamp: (1771971547, 1) base write gen: 556601"}}}
{"t":{"$date":"2026-02-25T04:32:07.431+05:30"},"s":"I",  "c":"WTCHKPT",  "id":22430,   "ctx":"Checkpointer","msg":"WiredTiger message","attr":{"message":{"ts_sec":1771974127,"ts_usec":430944,"thread":"67409:0x30dd83000","session_name":"WT_SESSION.checkpoint","category":"WT_VERB_CHECKPOINT_PROGRESS","category_id":6,"verbose_level":"DEBUG","verbose_level_id":1,"msg":"saving checkpoint snapshot min: 2159, snapshot max: 2159 snapshot count: 0, oldest timestamp: (1771973823, 1) , meta checkpoint timestamp: (1771974123, 1) base write gen: 556601"}}}
{"t":{"$date":"2026-02-25T05:44:57.569+05:30"},"s":"I",  "c":"WTCHKPT",  "id":22430,   "ctx":"Checkpointer","msg":"WiredTiger message","attr":{"message":{"ts_sec":1771978497,"ts_usec":569291,"thread":"67409:0x30dd83000","session_name":"WT_SESSION.checkpoint","category":"WT_VERB_CHECKPOINT_PROGRESS","category_id":6,"verbose_level":"DEBUG","verbose_level_id":1,"msg":"saving checkpoint snapshot min: 2177, snapshot max: 2177 snapshot count: 0, oldest timestamp: (1771978193, 1) , meta checkpoint timestamp: (1771978493, 1) base write gen: 556601"}}}
{"t":{"$date":"2026-02-25T06:58:35.312+05:30"},"s":"I",  "c":"WTCHKPT",  "id":22430,   "ctx":"Checkpointer","msg":"WiredTiger message","attr":{"message":{"ts_sec":1771982915,"ts_usec":312350,"thread":"67409:0x30dd83000","session_name":"WT_SESSION.checkpoint","category":"WT_VERB_CHECKPOINT_PROGRESS","category_id":6,"verbose_level":"DEBUG","verbose_level_id":1,"msg":"saving checkpoint snapshot min: 2195, snapshot max: 2195 snapshot count: 0, oldest timestamp: (1771981620, 1) , meta checkpoint timestamp: (1771981920, 1) base write gen: 556601"}}}
{"t":{"$date":"2026-02-25T08:32:48.787+05:30"},"s":"I",  "c":"WTCHKPT",  "id":22430,   "ctx":"Checkpointer","msg":"WiredTiger message","attr":{"message":{"ts_sec":1771988568,"ts_usec":787140,"thread":"67409:0x30dd83000","session_name":"WT_SESSION.checkpoint","category":"WT_VERB_CHECKPOINT_PROGRESS","category_id":6,"verbose_level":"DEBUG","verbose_level_id":1,"msg":"saving checkpoint snapshot min: 2213, snapshot max: 2213 snapshot count: 0, oldest timestamp: (1771987275, 1) , meta checkpoint timestamp: (1771987575, 1) base write gen: 556601"}}}
{"t":{"$date":"2026-02-25T09:56:25.391+05:30"},"s":"I",  "c":"WTCHKPT",  "id":22430,   "ctx":"Checkpointer","msg":"WiredTiger message","attr":{"message":{"ts_sec":1771993585,"ts_usec":391432,"thread":"67409:0x30dd83000","session_name":"WT_SESSION.checkpoint","category":"WT_VERB_CHECKPOINT_PROGRESS","category_id":6,"verbose_level":"DEBUG","verbose_level_id":1,"msg":"saving checkpoint snapshot min: 2231, snapshot max: 2231 snapshot count: 0, oldest timestamp: (1771993280, 1) , meta checkpoint timestamp: (1771993580, 1) base write gen: 556601"}}}
{"t":{"$date":"2026-02-25T11:04:58.724+05:30"},"s":"I",  "c":"WTCHKPT",  "id":22430,   "ctx":"Checkpointer","msg":"WiredTiger message","attr":{"message":{"ts_sec":1771997698,"ts_usec":724280,"thread":"67409:0x30dd83000","session_name":"WT_SESSION.checkpoint","category":"WT_VERB_CHECKPOINT_PROGRESS","category_id":6,"verbose_level":"DEBUG","verbose_level_id":1,"msg":"saving checkpoint snapshot min: 2249, snapshot max: 2249 snapshot count: 0, oldest timestamp: (1771997393, 1) , meta checkpoint timestamp: (1771997693, 1) base write gen: 556601"}}}
{"t":{"$date":"2026-02-25T12:15:14.808+05:30"},"s":"I",  "c":"WTCHKPT",  "id":22430,   "ctx":"Checkpointer","msg":"WiredTiger message","attr":{"message":{"ts_sec":1772001914,"ts_usec":808223,"thread":"67409:0x30dd83000","session_name":"WT_SESSION.checkpoint","category":"WT_VERB_CHECKPOINT_PROGRESS","category_id":6,"verbose_level":"DEBUG","verbose_level_id":1,"msg":"saving checkpoint snapshot min: 2268, snapshot max: 2268 snapshot count: 0, oldest timestamp: (1772001061, 1) , meta checkpoint timestamp: (1772001361, 1) base write gen: 556601"}}}
{"t":{"$date":"2026-02-25T12:16:14.871+05:30"},"s":"I",  "c":"WTCHKPT",  "id":22430,   "ctx":"Checkpointer","msg":"WiredTiger message","attr":{"message":{"ts_sec":1772001974,"ts_usec":871169,"thread":"67409:0x30dd83000","session_name":"WT_SESSION.checkpoint","category":"WT_VERB_CHECKPOINT_PROGRESS","category_id":6,"verbose_level":"DEBUG","verbose_level_id":1,"msg":"saving checkpoint snapshot min: 2283, snapshot max: 2283 snapshot count: 0, oldest timestamp: (1772001669, 1) , meta checkpoint timestamp: (1772001969, 1) base write gen: 556601"}}}
{"t":{"$date":"2026-02-25T12:17:14.992+05:30"},"s":"I",  "c":"WTCHKPT",  "id":22430,   "ctx":"Checkpointer","msg":"WiredTiger message","attr":{"message":{"ts_sec":1772002034,"ts_usec":992503,"thread":"67409:0x30dd83000","session_name":"WT_SESSION.checkpoint","category":"WT_VERB_CHECKPOINT_PROGRESS","category_id":6,"verbose_level":"DEBUG","verbose_level_id":1,"msg":"saving checkpoint snapshot min: 2298, snapshot max: 2298 snapshot count: 0, oldest timestamp: (1772001729, 1) , meta checkpoint timestamp: (1772002029, 1) base write gen: 556601"}}}
{"t":{"$date":"2026-02-25T12:18:15.129+05:30"},"s":"I",  "c":"WTCHKPT",  "id":22430,   "ctx":"Checkpointer","msg":"WiredTiger message","attr":{"message":{"ts_sec":1772002095,"ts_usec":125507,"thread":"67409:0x30dd83000","session_name":"WT_SESSION.checkpoint","category":"WT_VERB_CHECKPOINT_PROGRESS","category_id":6,"verbose_level":"DEBUG","verbose_level_id":1,"msg":"saving checkpoint snapshot min: 2313, snapshot max: 2313 snapshot count: 0, oldest timestamp: (1772001789, 1) , meta checkpoint timestamp: (1772002089, 1) base write gen: 556601"}}}
{"t":{"$date":"2026-02-25T12:19:15.261+05:30"},"s":"I",  "c":"WTCHKPT",  "id":22430,   "ctx":"Checkpointer","msg":"WiredTiger message","attr":{"message":{"ts_sec":1772002155,"ts_usec":258558,"thread":"67409:0x30dd83000","session_name":"WT_SESSION.checkpoint","category":"WT_VERB_CHECKPOINT_PROGRESS","category_id":6,"verbose_level":"DEBUG","verbose_level_id":1,"msg":"saving checkpoint snapshot min: 2328, snapshot max: 2328 snapshot count: 0, oldest timestamp: (1772001849, 1) , meta checkpoint timestamp: (1772002149, 1) base write gen: 556601"}}}
{"t":{"$date":"2026-02-25T12:20:15.361+05:30"},"s":"I",  "c":"WTCHKPT",  "id":22430,   "ctx":"Checkpointer","msg":"WiredTiger message","attr":{"message":{"ts_sec":1772002215,"ts_usec":361779,"thread":"67409:0x30dd83000","session_name":"WT_SESSION.checkpoint","category":"WT_VERB_CHECKPOINT_PROGRESS","category_id":6,"verbose_level":"DEBUG","verbose_level_id":1,"msg":"saving checkpoint snapshot min: 2343, snapshot max: 2343 snapshot count: 0, oldest timestamp: (1772001909, 1) , meta checkpoint timestamp: (1772002209, 1) base write gen: 556601"}}}
{"t":{"$date":"2026-02-25T12:21:15.465+05:30"},"s":"I",  "c":"WTCHKPT",  "id":22430,   "ctx":"Checkpointer","msg":"WiredTiger message","attr":{"message":{"ts_sec":1772002275,"ts_usec":465253,"thread":"67409:0x30dd83000","session_name":"WT_SESSION.checkpoint","category":"WT_VERB_CHECKPOINT_PROGRESS","category_id":6,"verbose_level":"DEBUG","verbose_level_id":1,"msg":"saving checkpoint snapshot min: 2358, snapshot max: 2358 snapshot count: 0, oldest timestamp: (1772001969, 1) , meta checkpoint timestamp: (1772002269, 1) base write gen: 556601"}}}
{"t":{"$date":"2026-02-25T12:22:15.588+05:30"},"s":"I",  "c":"WTCHKPT",  "id":22430,   "ctx":"Checkpointer","msg":"WiredTiger message","attr":{"message":{"ts_sec":1772002335,"ts_usec":583293,"thread":"67409:0x30dd83000","session_name":"WT_SESSION.checkpoint","category":"WT_VERB_CHECKPOINT_PROGRESS","category_id":6,"verbose_level":"DEBUG","verbose_level_id":1,"msg":"saving checkpoint snapshot min: 2373, snapshot max: 2373 snapshot count: 0, oldest timestamp: (1772002029, 1) , meta checkpoint timestamp: (1772002329, 1) base write gen: 556601"}}}
{"t":{"$date":"2026-02-25T12:23:15.730+05:30"},"s":"I",  "c":"WTCHKPT",  "id":22430,   "ctx":"Checkpointer","msg":"WiredTiger message","attr":{"message":{"ts_sec":1772002395,"ts_usec":722621,"thread":"67409:0x30dd83000","session_name":"WT_SESSION.checkpoint","category":"WT_VERB_CHECKPOINT_PROGRESS","category_id":6,"verbose_level":"DEBUG","verbose_level_id":1,"msg":"saving checkpoint snapshot min: 2388, snapshot max: 2388 snapshot count: 0, oldest timestamp: (1772002090, 1) , meta checkpoint timestamp: (1772002390, 1) base write gen: 556601"}}}
{"t":{"$date":"2026-02-25T12:24:15.952+05:30"},"s":"I",  "c":"WTCHKPT",  "id":22430,   "ctx":"Checkpointer","msg":"WiredTiger message","attr":{"message":{"ts_sec":1772002455,"ts_usec":948556,"thread":"67409:0x30dd83000","session_name":"WT_SESSION.checkpoint","category":"WT_VERB_CHECKPOINT_PROGRESS","category_id":6,"verbose_level":"DEBUG","verbose_level_id":1,"msg":"saving checkpoint snapshot min: 2403, snapshot max: 2403 snapshot count: 0, oldest timestamp: (1772002150, 1) , meta checkpoint timestamp: (1772002450, 1) base write gen: 556601"}}}
{"t":{"$date":"2026-02-25T12:25:16.100+05:30"},"s":"I",  "c":"WTCHKPT",  "id":22430,   "ctx":"Checkpointer","msg":"WiredTiger message","attr":{"message":{"ts_sec":1772002516,"ts_usec":95839,"thread":"67409:0x30dd83000","session_name":"WT_SESSION.checkpoint","category":"WT_VERB_CHECKPOINT_PROGRESS","category_id":6,"verbose_level":"DEBUG","verbose_level_id":1,"msg":"saving checkpoint snapshot min: 2418, snapshot max: 2418 snapshot count: 0, oldest timestamp: (1772002210, 1) , meta checkpoint timestamp: (1772002510, 1) base write gen: 556601"}}}
{"t":{"$date":"2026-02-25T12:26:16.209+05:30"},"s":"I",  "c":"WTCHKPT",  "id":22430,   "ctx":"Checkpointer","msg":"WiredTiger message","attr":{"message":{"ts_sec":1772002576,"ts_usec":209545,"thread":"67409:0x30dd83000","session_name":"WT_SESSION.checkpoint","category":"WT_VERB_CHECKPOINT_PROGRESS","category_id":6,"verbose_level":"DEBUG","verbose_level_id":1,"msg":"saving checkpoint snapshot min: 2433, snapshot max: 2433 snapshot count: 0, oldest timestamp: (1772002270, 1) , meta checkpoint timestamp: (1772002570, 1) base write gen: 556601"}}}
{"t":{"$date":"2026-02-25T12:27:16.355+05:30"},"s":"I",  "c":"WTCHKPT",  "id":22430,   "ctx":"Checkpointer","msg":"WiredTiger message","attr":{"message":{"ts_sec":1772002636,"ts_usec":351438,"thread":"67409:0x30dd83000","session_name":"WT_SESSION.checkpoint","category":"WT_VERB_CHECKPOINT_PROGRESS","category_id":6,"verbose_level":"DEBUG","verbose_level_id":1,"msg":"saving checkpoint snapshot min: 2448, snapshot max: 2448 snapshot count: 0, oldest timestamp: (1772002330, 1) , meta checkpoint timestamp: (1772002630, 1) base write gen: 556601"}}}
{"t":{"$date":"2026-02-25T12:28:16.484+05:30"},"s":"I",  "c":"WTCHKPT",  "id":22430,   "ctx":"Checkpointer","msg":"WiredTiger message","attr":{"message":{"ts_sec":1772002696,"ts_usec":478364,"thread":"67409:0x30dd83000","session_name":"WT_SESSION.checkpoint","category":"WT_VERB_CHECKPOINT_PROGRESS","category_id":6,"verbose_level":"DEBUG","verbose_level_id":1,"msg":"saving checkpoint snapshot min: 2463, snapshot max: 2463 snapshot count: 0, oldest timestamp: (1772002390, 1) , meta checkpoint timestamp: (1772002690, 1) base write gen: 556601"}}}
{"t":{"$date":"2026-02-25T12:29:16.649+05:30"},"s":"I",  "c":"WTCHKPT",  "id":22430,   "ctx":"Checkpointer","msg":"WiredTiger message","attr":{"message":{"ts_sec":1772002756,"ts_usec":644076,"thread":"67409:0x30dd83000","session_name":"WT_SESSION.checkpoint","category":"WT_VERB_CHECKPOINT_PROGRESS","category_id":6,"verbose_level":"DEBUG","verbose_level_id":1,"msg":"saving checkpoint snapshot min: 2478, snapshot max: 2478 snapshot count: 0, oldest timestamp: (1772002450, 1) , meta checkpoint timestamp: (1772002750, 1) base write gen: 556601"}}}
{"t":{"$date":"2026-02-25T12:30:16.885+05:30"},"s":"I",  "c":"WTCHKPT",  "id":22430,   "ctx":"Checkpointer","msg":"WiredTiger message","attr":{"message":{"ts_sec":1772002816,"ts_usec":881299,"thread":"67409:0x30dd83000","session_name":"WT_SESSION.checkpoint","category":"WT_VERB_CHECKPOINT_PROGRESS","category_id":6,"verbose_level":"DEBUG","verbose_level_id":1,"msg":"saving checkpoint snapshot min: 2493, snapshot max: 2493 snapshot count: 0, oldest timestamp: (1772002510, 1) , meta checkpoint timestamp: (1772002810, 1) base write gen: 556601"}}}
{"t":{"$date":"2026-02-25T12:31:17.145+05:30"},"s":"I",  "c":"WTCHKPT",  "id":22430,   "ctx":"Checkpointer","msg":"WiredTiger message","attr":{"message":{"ts_sec":1772002877,"ts_usec":129725,"thread":"67409:0x30dd83000","session_name":"WT_SESSION.checkpoint","category":"WT_VERB_CHECKPOINT_PROGRESS","category_id":6,"verbose_level":"DEBUG","verbose_level_id":1,"msg":"saving checkpoint snapshot min: 2508, snapshot max: 2508 snapshot count: 0, oldest timestamp: (1772002570, 1) , meta checkpoint timestamp: (1772002870, 1) base write gen: 556601"}}}
{"t":{"$date":"2026-02-25T12:32:17.379+05:30"},"s":"I",  "c":"WTCHKPT",  "id":22430,   "ctx":"Checkpointer","msg":"WiredTiger message","attr":{"message":{"ts_sec":1772002937,"ts_usec":376379,"thread":"67409:0x30dd83000","session_name":"WT_SESSION.checkpoint","category":"WT_VERB_CHECKPOINT_PROGRESS","category_id":6,"verbose_level":"DEBUG","verbose_level_id":1,"msg":"saving checkpoint snapshot min: 2523, snapshot max: 2523 snapshot count: 0, oldest timestamp: (1772002630, 1) , meta checkpoint timestamp: (1772002930, 1) base write gen: 556601"}}}
{"t":{"$date":"2026-02-25T12:33:17.500+05:30"},"s":"I",  "c":"WTCHKPT",  "id":22430,   "ctx":"Checkpointer","msg":"WiredTiger message","attr":{"message":{"ts_sec":1772002997,"ts_usec":497462,"thread":"67409:0x30dd83000","session_name":"WT_SESSION.checkpoint","category":"WT_VERB_CHECKPOINT_PROGRESS","category_id":6,"verbose_level":"DEBUG","verbose_level_id":1,"msg":"saving checkpoint snapshot min: 2538, snapshot max: 2538 snapshot count: 0, oldest timestamp: (1772002690, 1) , meta checkpoint timestamp: (1772002990, 1) base write gen: 556601"}}}
{"t":{"$date":"2026-02-25T12:34:17.618+05:30"},"s":"I",  "c":"WTCHKPT",  "id":22430,   "ctx":"Checkpointer","msg":"WiredTiger message","attr":{"message":{"ts_sec":1772003057,"ts_usec":614317,"thread":"67409:0x30dd83000","session_name":"WT_SESSION.checkpoint","category":"WT_VERB_CHECKPOINT_PROGRESS","category_id":6,"verbose_level":"DEBUG","verbose_level_id":1,"msg":"saving checkpoint snapshot min: 2553, snapshot max: 2553 snapshot count: 0, oldest timestamp: (1772002750, 1) , meta checkpoint timestamp: (1772003050, 1) base write gen: 556601"}}}
{"t":{"$date":"2026-02-25T12:35:17.805+05:30"},"s":"I",  "c":"WTCHKPT",  "id":22430,   "ctx":"Checkpointer","msg":"WiredTiger message","attr":{"message":{"ts_sec":1772003117,"ts_usec":799114,"thread":"67409:0x30dd83000","session_name":"WT_SESSION.checkpoint","category":"WT_VERB_CHECKPOINT_PROGRESS","category_id":6,"verbose_level":"DEBUG","verbose_level_id":1,"msg":"saving checkpoint snapshot min: 2568, snapshot max: 2568 snapshot count: 0, oldest timestamp: (1772002810, 1) , meta checkpoint timestamp: (1772003110, 1) base write gen: 556601"}}}
{"t":{"$date":"2026-02-25T12:36:17.915+05:30"},"s":"I",  "c":"WTCHKPT",  "id":22430,   "ctx":"Checkpointer","msg":"WiredTiger message","attr":{"message":{"ts_sec":1772003177,"ts_usec":915792,"thread":"67409:0x30dd83000","session_name":"WT_SESSION.checkpoint","category":"WT_VERB_CHECKPOINT_PROGRESS","category_id":6,"verbose_level":"DEBUG","verbose_level_id":1,"msg":"saving checkpoint snapshot min: 2583, snapshot max: 2583 snapshot count: 0, oldest timestamp: (1772002870, 1) , meta checkpoint timestamp: (1772003170, 1) base write gen: 556601"}}}
{"t":{"$date":"2026-02-25T12:37:18.100+05:30"},"s":"I",  "c":"WTCHKPT",  "id":22430,   "ctx":"Checkpointer","msg":"WiredTiger message","attr":{"message":{"ts_sec":1772003238,"ts_usec":97042,"thread":"67409:0x30dd83000","session_name":"WT_SESSION.checkpoint","category":"WT_VERB_CHECKPOINT_PROGRESS","category_id":6,"verbose_level":"DEBUG","verbose_level_id":1,"msg":"saving checkpoint snapshot min: 2598, snapshot max: 2598 snapshot count: 0, oldest timestamp: (1772002930, 1) , meta checkpoint timestamp: (1772003230, 1) base write gen: 556601"}}}
{"t":{"$date":"2026-02-25T12:38:18.331+05:30"},"s":"I",  "c":"WTCHKPT",  "id":22430,   "ctx":"Checkpointer","msg":"WiredTiger message","attr":{"message":{"ts_sec":1772003298,"ts_usec":327075,"thread":"67409:0x30dd83000","session_name":"WT_SESSION.checkpoint","category":"WT_VERB_CHECKPOINT_PROGRESS","category_id":6,"verbose_level":"DEBUG","verbose_level_id":1,"msg":"saving checkpoint snapshot min: 2613, snapshot max: 2613 snapshot count: 0, oldest timestamp: (1772002990, 1) , meta checkpoint timestamp: (1772003290, 1) base write gen: 556601"}}}
{"t":{"$date":"2026-02-25T12:39:18.510+05:30"},"s":"I",  "c":"WTCHKPT",  "id":22430,   "ctx":"Checkpointer","msg":"WiredTiger message","attr":{"message":{"ts_sec":1772003358,"ts_usec":507477,"thread":"67409:0x30dd83000","session_name":"WT_SESSION.checkpoint","category":"WT_VERB_CHECKPOINT_PROGRESS","category_id":6,"verbose_level":"DEBUG","verbose_level_id":1,"msg":"saving checkpoint snapshot min: 2628, snapshot max: 2628 snapshot count: 0, oldest timestamp: (1772003050, 1) , meta checkpoint timestamp: (1772003350, 1) base write gen: 556601"}}}
{"t":{"$date":"2026-02-25T12:40:18.661+05:30"},"s":"I",  "c":"WTCHKPT",  "id":22430,   "ctx":"Checkpointer","msg":"WiredTiger message","attr":{"message":{"ts_sec":1772003418,"ts_usec":657199,"thread":"67409:0x30dd83000","session_name":"WT_SESSION.checkpoint","category":"WT_VERB_CHECKPOINT_PROGRESS","category_id":6,"verbose_level":"DEBUG","verbose_level_id":1,"msg":"saving checkpoint snapshot min: 2643, snapshot max: 2643 snapshot count: 0, oldest timestamp: (1772003110, 1) , meta checkpoint timestamp: (1772003410, 1) base write gen: 556601"}}}
{"t":{"$date":"2026-02-25T12:41:18.830+05:30"},"s":"I",  "c":"WTCHKPT",  "id":22430,   "ctx":"Checkpointer","msg":"WiredTiger message","attr":{"message":{"ts_sec":1772003478,"ts_usec":827450,"thread":"67409:0x30dd83000","session_name":"WT_SESSION.checkpoint","category":"WT_VERB_CHECKPOINT_PROGRESS","category_id":6,"verbose_level":"DEBUG","verbose_level_id":1,"msg":"saving checkpoint snapshot min: 2658, snapshot max: 2658 snapshot count: 0, oldest timestamp: (1772003170, 1) , meta checkpoint timestamp: (1772003470, 1) base write gen: 556601"}}}
{"t":{"$date":"2026-02-25T12:42:19.030+05:30"},"s":"I",  "c":"WTCHKPT",  "id":22430,   "ctx":"Checkpointer","msg":"WiredTiger message","attr":{"message":{"ts_sec":1772003539,"ts_usec":25041,"thread":"67409:0x30dd83000","session_name":"WT_SESSION.checkpoint","category":"WT_VERB_CHECKPOINT_PROGRESS","category_id":6,"verbose_level":"DEBUG","verbose_level_id":1,"msg":"saving checkpoint snapshot min: 2673, snapshot max: 2673 snapshot count: 0, oldest timestamp: (1772003230, 1) , meta checkpoint timestamp: (1772003530, 1) base write gen: 556601"}}}
{"t":{"$date":"2026-02-25T12:43:19.161+05:30"},"s":"I",  "c":"WTCHKPT",  "id":22430,   "ctx":"Checkpointer","msg":"WiredTiger message","attr":{"message":{"ts_sec":1772003599,"ts_usec":156129,"thread":"67409:0x30dd83000","session_name":"WT_SESSION.checkpoint","category":"WT_VERB_CHECKPOINT_PROGRESS","category_id":6,"verbose_level":"DEBUG","verbose_level_id":1,"msg":"saving checkpoint snapshot min: 2688, snapshot max: 2688 snapshot count: 0, oldest timestamp: (1772003290, 1) , meta checkpoint timestamp: (1772003590, 1) base write gen: 556601"}}}
{"t":{"$date":"2026-02-25T12:44:19.263+05:30"},"s":"I",  "c":"WTCHKPT",  "id":22430,   "ctx":"Checkpointer","msg":"WiredTiger message","attr":{"message":{"ts_sec":1772003659,"ts_usec":263251,"thread":"67409:0x30dd83000","session_name":"WT_SESSION.checkpoint","category":"WT_VERB_CHECKPOINT_PROGRESS","category_id":6,"verbose_level":"DEBUG","verbose_level_id":1,"msg":"saving checkpoint snapshot min: 2703, snapshot max: 2703 snapshot count: 0, oldest timestamp: (1772003350, 1) , meta checkpoint timestamp: (1772003650, 1) base write gen: 556601"}}}
{"t":{"$date":"2026-02-25T12:45:19.376+05:30"},"s":"I",  "c":"WTCHKPT",  "id":22430,   "ctx":"Checkpointer","msg":"WiredTiger message","attr":{"message":{"ts_sec":1772003719,"ts_usec":370055,"thread":"67409:0x30dd83000","session_name":"WT_SESSION.checkpoint","category":"WT_VERB_CHECKPOINT_PROGRESS","category_id":6,"verbose_level":"DEBUG","verbose_level_id":1,"msg":"saving checkpoint snapshot min: 2718, snapshot max: 2718 snapshot count: 0, oldest timestamp: (1772003410, 1) , meta checkpoint timestamp: (1772003710, 1) base write gen: 556601"}}}
{"t":{"$date":"2026-02-25T12:46:19.545+05:30"},"s":"I",  "c":"WTCHKPT",  "id":22430,   "ctx":"Checkpointer","msg":"WiredTiger message","attr":{"message":{"ts_sec":1772003779,"ts_usec":540513,"thread":"67409:0x30dd83000","session_name":"WT_SESSION.checkpoint","category":"WT_VERB_CHECKPOINT_PROGRESS","category_id":6,"verbose_level":"DEBUG","verbose_level_id":1,"msg":"saving checkpoint snapshot min: 2733, snapshot max: 2733 snapshot count: 0, oldest timestamp: (1772003470, 1) , meta checkpoint timestamp: (1772003770, 1) base write gen: 556601"}}}
{"t":{"$date":"2026-02-25T12:47:19.741+05:30"},"s":"I",  "c":"WTCHKPT",  "id":22430,   "ctx":"Checkpointer","msg":"WiredTiger message","attr":{"message":{"ts_sec":1772003839,"ts_usec":733949,"thread":"67409:0x30dd83000","session_name":"WT_SESSION.checkpoint","category":"WT_VERB_CHECKPOINT_PROGRESS","category_id":6,"verbose_level":"DEBUG","verbose_level_id":1,"msg":"saving checkpoint snapshot min: 2748, snapshot max: 2748 snapshot count: 0, oldest timestamp: (1772003530, 1) , meta checkpoint timestamp: (1772003830, 1) base write gen: 556601"}}}
{"t":{"$date":"2026-02-25T12:48:20.011+05:30"},"s":"I",  "c":"WTCHKPT",  "id":22430,   "ctx":"Checkpointer","msg":"WiredTiger message","attr":{"message":{"ts_sec":1772003900,"ts_usec":5463,"thread":"67409:0x30dd83000","session_name":"WT_SESSION.checkpoint","category":"WT_VERB_CHECKPOINT_PROGRESS","category_id":6,"verbose_level":"DEBUG","verbose_level_id":1,"msg":"saving checkpoint snapshot min: 2763, snapshot max: 2763 snapshot count: 0, oldest timestamp: (1772003590, 1) , meta checkpoint timestamp: (1772003890, 1) base write gen: 556601"}}}
{"t":{"$date":"2026-02-25T12:49:20.151+05:30"},"s":"I",  "c":"WTCHKPT",  "id":22430,   "ctx":"Checkpointer","msg":"WiredTiger message","attr":{"message":{"ts_sec":1772003960,"ts_usec":148473,"thread":"67409:0x30dd83000","session_name":"WT_SESSION.checkpoint","category":"WT_VERB_CHECKPOINT_PROGRESS","category_id":6,"verbose_level":"DEBUG","verbose_level_id":1,"msg":"saving checkpoint snapshot min: 2778, snapshot max: 2778 snapshot count: 0, oldest timestamp: (1772003650, 1) , meta checkpoint timestamp: (1772003950, 1) base write gen: 556601"}}}
{"t":{"$date":"2026-02-25T12:50:20.411+05:30"},"s":"I",  "c":"WTCHKPT",  "id":22430,   "ctx":"Checkpointer","msg":"WiredTiger message","attr":{"message":{"ts_sec":1772004020,"ts_usec":394091,"thread":"67409:0x30dd83000","session_name":"WT_SESSION.checkpoint","category":"WT_VERB_CHECKPOINT_PROGRESS","category_id":6,"verbose_level":"DEBUG","verbose_level_id":1,"msg":"saving checkpoint snapshot min: 2793, snapshot max: 2793 snapshot count: 0, oldest timestamp: (1772003710, 1) , meta checkpoint timestamp: (1772004010, 1) base write gen: 556601"}}}
{"t":{"$date":"2026-02-25T12:51:20.576+05:30"},"s":"I",  "c":"WTCHKPT",  "id":22430,   "ctx":"Checkpointer","msg":"WiredTiger message","attr":{"message":{"ts_sec":1772004080,"ts_usec":559731,"thread":"67409:0x30dd83000","session_name":"WT_SESSION.checkpoint","category":"WT_VERB_CHECKPOINT_PROGRESS","category_id":6,"verbose_level":"DEBUG","verbose_level_id":1,"msg":"saving checkpoint snapshot min: 2808, snapshot max: 2808 snapshot count: 0, oldest timestamp: (1772003770, 1) , meta checkpoint timestamp: (1772004070, 1) base write gen: 556601"}}}
{"t":{"$date":"2026-02-25T12:52:20.750+05:30"},"s":"I",  "c":"WTCHKPT",  "id":22430,   "ctx":"Checkpointer","msg":"WiredTiger message","attr":{"message":{"ts_sec":1772004140,"ts_usec":746574,"thread":"67409:0x30dd83000","session_name":"WT_SESSION.checkpoint","category":"WT_VERB_CHECKPOINT_PROGRESS","category_id":6,"verbose_level":"DEBUG","verbose_level_id":1,"msg":"saving checkpoint snapshot min: 2823, snapshot max: 2823 snapshot count: 0, oldest timestamp: (1772003830, 1) , meta checkpoint timestamp: (1772004130, 1) base write gen: 556601"}}}
{"t":{"$date":"2026-02-25T12:53:20.859+05:30"},"s":"I",  "c":"WTCHKPT",  "id":22430,   "ctx":"Checkpointer","msg":"WiredTiger message","attr":{"message":{"ts_sec":1772004200,"ts_usec":854628,"thread":"67409:0x30dd83000","session_name":"WT_SESSION.checkpoint","category":"WT_VERB_CHECKPOINT_PROGRESS","category_id":6,"verbose_level":"DEBUG","verbose_level_id":1,"msg":"saving checkpoint snapshot min: 2839, snapshot max: 2839 snapshot count: 0, oldest timestamp: (1772003900, 1) , meta checkpoint timestamp: (1772004190, 1) base write gen: 556601"}}}
{"t":{"$date":"2026-02-25T12:54:20.987+05:30"},"s":"I",  "c":"WTCHKPT",  "id":22430,   "ctx":"Checkpointer","msg":"WiredTiger message","attr":{"message":{"ts_sec":1772004260,"ts_usec":983016,"thread":"67409:0x30dd83000","session_name":"WT_SESSION.checkpoint","category":"WT_VERB_CHECKPOINT_PROGRESS","category_id":6,"verbose_level":"DEBUG","verbose_level_id":1,"msg":"saving checkpoint snapshot min: 2855, snapshot max: 2855 snapshot count: 0, oldest timestamp: (1772003960, 1) , meta checkpoint timestamp: (1772004260, 1) base write gen: 556601"}}}
{"t":{"$date":"2026-02-25T12:55:11.459+05:30"},"s":"I",  "c":"NETWORK",  "id":22943,   "ctx":"listener","msg":"Connection accepted","attr":{"remote":"127.0.0.1:64686","uuid":"6b866ef4-52f5-49c2-ae90-3240f6a3a534","connectionId":14,"connectionCount":1}}
{"t":{"$date":"2026-02-25T12:55:11.479+05:30"},"s":"I",  "c":"NETWORK",  "id":51800,   "ctx":"conn14","msg":"client metadata","attr":{"remote":"127.0.0.1:64686","client":"conn14","negotiatedCompressors":[],"doc":{"application":{"name":"mongosh 2.3.2"},"driver":{"name":"nodejs|mongosh","version":"6.9.0|2.3.2"},"platform":"Node.js v22.9.0, LE","os":{"name":"darwin","architecture":"x64","version":"23.6.0","type":"Darwin"}}}}
{"t":{"$date":"2026-02-25T12:55:11.634+05:30"},"s":"I",  "c":"NETWORK",  "id":22943,   "ctx":"listener","msg":"Connection accepted","attr":{"remote":"127.0.0.1:64687","uuid":"e2ce3353-3aac-4a5b-bb8f-670abd08680c","connectionId":15,"connectionCount":2}}
{"t":{"$date":"2026-02-25T12:55:11.635+05:30"},"s":"I",  "c":"NETWORK",  "id":22943,   "ctx":"listener","msg":"Connection accepted","attr":{"remote":"127.0.0.1:64688","uuid":"1d4ef91a-f34a-4c00-88a1-4d4a3ddac7e4","connectionId":16,"connectionCount":3}}
{"t":{"$date":"2026-02-25T12:55:11.640+05:30"},"s":"I",  "c":"NETWORK",  "id":51800,   "ctx":"conn15","msg":"client metadata","attr":{"remote":"127.0.0.1:64687","client":"conn15","negotiatedCompressors":[],"doc":{"application":{"name":"mongosh 2.3.2"},"driver":{"name":"nodejs|mongosh","version":"6.9.0|2.3.2"},"platform":"Node.js v22.9.0, LE","os":{"name":"darwin","architecture":"x64","version":"23.6.0","type":"Darwin"}}}}
{"t":{"$date":"2026-02-25T12:55:11.640+05:30"},"s":"I",  "c":"NETWORK",  "id":51800,   "ctx":"conn16","msg":"client metadata","attr":{"remote":"127.0.0.1:64688","client":"conn16","negotiatedCompressors":[],"doc":{"application":{"name":"mongosh 2.3.2"},"driver":{"name":"nodejs|mongosh","version":"6.9.0|2.3.2"},"platform":"Node.js v22.9.0, LE","os":{"name":"darwin","architecture":"x64","version":"23.6.0","type":"Darwin"}}}}
{"t":{"$date":"2026-02-25T12:55:11.645+05:30"},"s":"I",  "c":"NETWORK",  "id":22943,   "ctx":"listener","msg":"Connection accepted","attr":{"remote":"127.0.0.1:64689","uuid":"8697e419-6b36-4b5c-9aa2-23bf13cf31fb","connectionId":17,"connectionCount":4}}
{"t":{"$date":"2026-02-25T12:55:11.647+05:30"},"s":"I",  "c":"NETWORK",  "id":22943,   "ctx":"listener","msg":"Connection accepted","attr":{"remote":"127.0.0.1:64690","uuid":"0995b825-04aa-4941-be91-cdfc4cb3ec28","connectionId":18,"connectionCount":5}}
{"t":{"$date":"2026-02-25T12:55:11.648+05:30"},"s":"I",  "c":"NETWORK",  "id":51800,   "ctx":"conn17","msg":"client metadata","attr":{"remote":"127.0.0.1:64689","client":"conn17","negotiatedCompressors":[],"doc":{"application":{"name":"mongosh 2.3.2"},"driver":{"name":"nodejs|mongosh","version":"6.9.0|2.3.2"},"platform":"Node.js v22.9.0, LE","os":{"name":"darwin","architecture":"x64","version":"23.6.0","type":"Darwin"}}}}
{"t":{"$date":"2026-02-25T12:55:11.649+05:30"},"s":"I",  "c":"NETWORK",  "id":51800,   "ctx":"conn18","msg":"client metadata","attr":{"remote":"127.0.0.1:64690","client":"conn18","negotiatedCompressors":[],"doc":{"application":{"name":"mongosh 2.3.2"},"driver":{"name":"nodejs|mongosh","version":"6.9.0|2.3.2"},"platform":"Node.js v22.9.0, LE","os":{"name":"darwin","architecture":"x64","version":"23.6.0","type":"Darwin"}}}}
{"t":{"$date":"2026-02-25T12:55:11.651+05:30"},"s":"I",  "c":"COMMAND",  "id":21577,   "ctx":"conn16","msg":"Initiate: no configuration specified. Using a default configuration for the set"}
{"t":{"$date":"2026-02-25T12:55:11.655+05:30"},"s":"I",  "c":"COMMAND",  "id":21578,   "ctx":"conn16","msg":"Created configuration for initiation","attr":{"config":{"_id":"rs0","version":1,"members":[{"_id":0,"host":"localhost:27017"}]}}}
{"t":{"$date":"2026-02-25T12:55:11.656+05:30"},"s":"I",  "c":"REPL",     "id":21356,   "ctx":"conn16","msg":"replSetInitiate admin command received from client"}
{"t":{"$date":"2026-02-25T12:55:11.681+05:30"},"s":"I",  "c":"NETWORK",  "id":22944,   "ctx":"conn15","msg":"Connection ended","attr":{"remote":"127.0.0.1:64687","uuid":"e2ce3353-3aac-4a5b-bb8f-670abd08680c","connectionId":15,"connectionCount":1}}
{"t":{"$date":"2026-02-25T12:55:11.681+05:30"},"s":"I",  "c":"NETWORK",  "id":22944,   "ctx":"conn16","msg":"Connection ended","attr":{"remote":"127.0.0.1:64688","uuid":"1d4ef91a-f34a-4c00-88a1-4d4a3ddac7e4","connectionId":16,"connectionCount":2}}
{"t":{"$date":"2026-02-25T12:55:11.681+05:30"},"s":"I",  "c":"NETWORK",  "id":22944,   "ctx":"conn14","msg":"Connection ended","attr":{"remote":"127.0.0.1:64686","uuid":"6b866ef4-52f5-49c2-ae90-3240f6a3a534","connectionId":14,"connectionCount":4}}
{"t":{"$date":"2026-02-25T12:55:11.681+05:30"},"s":"I",  "c":"NETWORK",  "id":22944,   "ctx":"conn18","msg":"Connection ended","attr":{"remote":"127.0.0.1:64690","uuid":"0995b825-04aa-4941-be91-cdfc4cb3ec28","connectionId":18,"connectionCount":3}}
{"t":{"$date":"2026-02-25T12:55:11.681+05:30"},"s":"I",  "c":"NETWORK",  "id":22944,   "ctx":"conn17","msg":"Connection ended","attr":{"remote":"127.0.0.1:64689","uuid":"8697e419-6b36-4b5c-9aa2-23bf13cf31fb","connectionId":17,"connectionCount":0}}
{"t":{"$date":"2026-02-25T12:55:21.097+05:30"},"s":"I",  "c":"WTCHKPT",  "id":22430,   "ctx":"Checkpointer","msg":"WiredTiger message","attr":{"message":{"ts_sec":1772004321,"ts_usec":96086,"thread":"67409:0x30dd83000","session_name":"WT_SESSION.checkpoint","category":"WT_VERB_CHECKPOINT_PROGRESS","category_id":6,"verbose_level":"DEBUG","verbose_level_id":1,"msg":"saving checkpoint snapshot min: 2870, snapshot max: 2870 snapshot count: 0, oldest timestamp: (1772004020, 1) , meta checkpoint timestamp: (1772004320, 1) base write gen: 556601"}}}
{"t":{"$date":"2026-02-25T12:56:21.227+05:30"},"s":"I",  "c":"WTCHKPT",  "id":22430,   "ctx":"Checkpointer","msg":"WiredTiger message","attr":{"message":{"ts_sec":1772004381,"ts_usec":221432,"thread":"67409:0x30dd83000","session_name":"WT_SESSION.checkpoint","category":"WT_VERB_CHECKPOINT_PROGRESS","category_id":6,"verbose_level":"DEBUG","verbose_level_id":1,"msg":"saving checkpoint snapshot min: 2885, snapshot max: 2885 snapshot count: 0, oldest timestamp: (1772004080, 1) , meta checkpoint timestamp: (1772004380, 1) base write gen: 556601"}}}
{"t":{"$date":"2026-02-25T12:57:21.337+05:30"},"s":"I",  "c":"WTCHKPT",  "id":22430,   "ctx":"Checkpointer","msg":"WiredTiger message","attr":{"message":{"ts_sec":1772004441,"ts_usec":337377,"thread":"67409:0x30dd83000","session_name":"WT_SESSION.checkpoint","category":"WT_VERB_CHECKPOINT_PROGRESS","category_id":6,"verbose_level":"DEBUG","verbose_level_id":1,"msg":"saving checkpoint snapshot min: 2902, snapshot max: 2902 snapshot count: 0, oldest timestamp: (1772004140, 1) , meta checkpoint timestamp: (1772004440, 1) base write gen: 556601"}}}
{"t":{"$date":"2026-02-25T12:58:21.464+05:30"},"s":"I",  "c":"WTCHKPT",  "id":22430,   "ctx":"Checkpointer","msg":"WiredTiger message","attr":{"message":{"ts_sec":1772004501,"ts_usec":464625,"thread":"67409:0x30dd83000","session_name":"WT_SESSION.checkpoint","category":"WT_VERB_CHECKPOINT_PROGRESS","category_id":6,"verbose_level":"DEBUG","verbose_level_id":1,"msg":"saving checkpoint snapshot min: 2917, snapshot max: 2917 snapshot count: 0, oldest timestamp: (1772004200, 1) , meta checkpoint timestamp: (1772004500, 1) base write gen: 556601"}}}
{"t":{"$date":"2026-02-25T12:59:21.563+05:30"},"s":"I",  "c":"WTCHKPT",  "id":22430,   "ctx":"Checkpointer","msg":"WiredTiger message","attr":{"message":{"ts_sec":1772004561,"ts_usec":563331,"thread":"67409:0x30dd83000","session_name":"WT_SESSION.checkpoint","category":"WT_VERB_CHECKPOINT_PROGRESS","category_id":6,"verbose_level":"DEBUG","verbose_level_id":1,"msg":"saving checkpoint snapshot min: 2932, snapshot max: 2932 snapshot count: 0, oldest timestamp: (1772004260, 1) , meta checkpoint timestamp: (1772004560, 1) base write gen: 556601"}}}
{"t":{"$date":"2026-02-25T13:00:21.701+05:30"},"s":"I",  "c":"WTCHKPT",  "id":22430,   "ctx":"Checkpointer","msg":"WiredTiger message","attr":{"message":{"ts_sec":1772004621,"ts_usec":701663,"thread":"67409:0x30dd83000","session_name":"WT_SESSION.checkpoint","category":"WT_VERB_CHECKPOINT_PROGRESS","category_id":6,"verbose_level":"DEBUG","verbose_level_id":1,"msg":"saving checkpoint snapshot min: 2947, snapshot max: 2947 snapshot count: 0, oldest timestamp: (1772004320, 1) , meta checkpoint timestamp: (1772004620, 1) base write gen: 556601"}}}
{"t":{"$date":"2026-02-25T13:01:21.822+05:30"},"s":"I",  "c":"WTCHKPT",  "id":22430,   "ctx":"Checkpointer","msg":"WiredTiger message","attr":{"message":{"ts_sec":1772004681,"ts_usec":818347,"thread":"67409:0x30dd83000","session_name":"WT_SESSION.checkpoint","category":"WT_VERB_CHECKPOINT_PROGRESS","category_id":6,"verbose_level":"DEBUG","verbose_level_id":1,"msg":"saving checkpoint snapshot min: 2962, snapshot max: 2962 snapshot count: 0, oldest timestamp: (1772004380, 1) , meta checkpoint timestamp: (1772004680, 1) base write gen: 556601"}}}
{"t":{"$date":"2026-02-25T13:02:21.994+05:30"},"s":"I",  "c":"WTCHKPT",  "id":22430,   "ctx":"Checkpointer","msg":"WiredTiger message","attr":{"message":{"ts_sec":1772004741,"ts_usec":994434,"thread":"67409:0x30dd83000","session_name":"WT_SESSION.checkpoint","category":"WT_VERB_CHECKPOINT_PROGRESS","category_id":6,"verbose_level":"DEBUG","verbose_level_id":1,"msg":"saving checkpoint snapshot min: 2977, snapshot max: 2977 snapshot count: 0, oldest timestamp: (1772004440, 1) , meta checkpoint timestamp: (1772004740, 1) base write gen: 556601"}}}
{"t":{"$date":"2026-02-25T13:03:22.099+05:30"},"s":"I",  "c":"WTCHKPT",  "id":22430,   "ctx":"Checkpointer","msg":"WiredTiger message","attr":{"message":{"ts_sec":1772004802,"ts_usec":99519,"thread":"67409:0x30dd83000","session_name":"WT_SESSION.checkpoint","category":"WT_VERB_CHECKPOINT_PROGRESS","category_id":6,"verbose_level":"DEBUG","verbose_level_id":1,"msg":"saving checkpoint snapshot min: 2992, snapshot max: 2992 snapshot count: 0, oldest timestamp: (1772004500, 1) , meta checkpoint timestamp: (1772004800, 1) base write gen: 556601"}}}
{"t":{"$date":"2026-02-25T13:04:22.219+05:30"},"s":"I",  "c":"WTCHKPT",  "id":22430,   "ctx":"Checkpointer","msg":"WiredTiger message","attr":{"message":{"ts_sec":1772004862,"ts_usec":219363,"thread":"67409:0x30dd83000","session_name":"WT_SESSION.checkpoint","category":"WT_VERB_CHECKPOINT_PROGRESS","category_id":6,"verbose_level":"DEBUG","verbose_level_id":1,"msg":"saving checkpoint snapshot min: 3007, snapshot max: 3007 snapshot count: 0, oldest timestamp: (1772004560, 1) , meta checkpoint timestamp: (1772004860, 1) base write gen: 556601"}}}
{"t":{"$date":"2026-02-25T13:05:22.472+05:30"},"s":"I",  "c":"WTCHKPT",  "id":22430,   "ctx":"Checkpointer","msg":"WiredTiger message","attr":{"message":{"ts_sec":1772004922,"ts_usec":472554,"thread":"67409:0x30dd83000","session_name":"WT_SESSION.checkpoint","category":"WT_VERB_CHECKPOINT_PROGRESS","category_id":6,"verbose_level":"DEBUG","verbose_level_id":1,"msg":"saving checkpoint snapshot min: 3022, snapshot max: 3022 snapshot count: 0, oldest timestamp: (1772004621, 1) , meta checkpoint timestamp: (1772004921, 1) base write gen: 556601"}}}
{"t":{"$date":"2026-02-25T13:06:22.735+05:30"},"s":"I",  "c":"WTCHKPT",  "id":22430,   "ctx":"Checkpointer","msg":"WiredTiger message","attr":{"message":{"ts_sec":1772004982,"ts_usec":735041,"thread":"67409:0x30dd83000","session_name":"WT_SESSION.checkpoint","category":"WT_VERB_CHECKPOINT_PROGRESS","category_id":6,"verbose_level":"DEBUG","verbose_level_id":1,"msg":"saving checkpoint snapshot min: 3037, snapshot max: 3037 snapshot count: 0, oldest timestamp: (1772004681, 1) , meta checkpoint timestamp: (1772004981, 1) base write gen: 556601"}}}
{"t":{"$date":"2026-02-25T13:07:22.879+05:30"},"s":"I",  "c":"WTCHKPT",  "id":22430,   "ctx":"Checkpointer","msg":"WiredTiger message","attr":{"message":{"ts_sec":1772005042,"ts_usec":879447,"thread":"67409:0x30dd83000","session_name":"WT_SESSION.checkpoint","category":"WT_VERB_CHECKPOINT_PROGRESS","category_id":6,"verbose_level":"DEBUG","verbose_level_id":1,"msg":"saving checkpoint snapshot min: 3052, snapshot max: 3052 snapshot count: 0, oldest timestamp: (1772004741, 1) , meta checkpoint timestamp: (1772005041, 1) base write gen: 556601"}}}
{"t":{"$date":"2026-02-25T13:08:23.029+05:30"},"s":"I",  "c":"WTCHKPT",  "id":22430,   "ctx":"Checkpointer","msg":"WiredTiger message","attr":{"message":{"ts_sec":1772005103,"ts_usec":28936,"thread":"67409:0x30dd83000","session_name":"WT_SESSION.checkpoint","category":"WT_VERB_CHECKPOINT_PROGRESS","category_id":6,"verbose_level":"DEBUG","verbose_level_id":1,"msg":"saving checkpoint snapshot min: 3067, snapshot max: 3067 snapshot count: 0, oldest timestamp: (1772004801, 1) , meta checkpoint timestamp: (1772005101, 1) base write gen: 556601"}}}
{"t":{"$date":"2026-02-25T13:09:23.124+05:30"},"s":"I",  "c":"WTCHKPT",  "id":22430,   "ctx":"Checkpointer","msg":"WiredTiger message","attr":{"message":{"ts_sec":1772005163,"ts_usec":121561,"thread":"67409:0x30dd83000","session_name":"WT_SESSION.checkpoint","category":"WT_VERB_CHECKPOINT_PROGRESS","category_id":6,"verbose_level":"DEBUG","verbose_level_id":1,"msg":"saving checkpoint snapshot min: 3082, snapshot max: 3082 snapshot count: 0, oldest timestamp: (1772004861, 1) , meta checkpoint timestamp: (1772005161, 1) base write gen: 556601"}}}
{"t":{"$date":"2026-02-25T13:10:23.292+05:30"},"s":"I",  "c":"WTCHKPT",  "id":22430,   "ctx":"Checkpointer","msg":"WiredTiger message","attr":{"message":{"ts_sec":1772005223,"ts_usec":287839,"thread":"67409:0x30dd83000","session_name":"WT_SESSION.checkpoint","category":"WT_VERB_CHECKPOINT_PROGRESS","category_id":6,"verbose_level":"DEBUG","verbose_level_id":1,"msg":"saving checkpoint snapshot min: 3097, snapshot max: 3097 snapshot count: 0, oldest timestamp: (1772004921, 1) , meta checkpoint timestamp: (1772005221, 1) base write gen: 556601"}}}
{"t":{"$date":"2026-02-25T13:11:23.480+05:30"},"s":"I",  "c":"WTCHKPT",  "id":22430,   "ctx":"Checkpointer","msg":"WiredTiger message","attr":{"message":{"ts_sec":1772005283,"ts_usec":476409,"thread":"67409:0x30dd83000","session_name":"WT_SESSION.checkpoint","category":"WT_VERB_CHECKPOINT_PROGRESS","category_id":6,"verbose_level":"DEBUG","verbose_level_id":1,"msg":"saving checkpoint snapshot min: 3112, snapshot max: 3112 snapshot count: 0, oldest timestamp: (1772004981, 1) , meta checkpoint timestamp: (1772005281, 1) base write gen: 556601"}}}
{"t":{"$date":"2026-02-25T13:12:23.660+05:30"},"s":"I",  "c":"WTCHKPT",  "id":22430,   "ctx":"Checkpointer","msg":"WiredTiger message","attr":{"message":{"ts_sec":1772005343,"ts_usec":657278,"thread":"67409:0x30dd83000","session_name":"WT_SESSION.checkpoint","category":"WT_VERB_CHECKPOINT_PROGRESS","category_id":6,"verbose_level":"DEBUG","verbose_level_id":1,"msg":"saving checkpoint snapshot min: 3127, snapshot max: 3127 snapshot count: 0, oldest timestamp: (1772005041, 1) , meta checkpoint timestamp: (1772005341, 1) base write gen: 556601"}}}
{"t":{"$date":"2026-02-25T13:13:24.030+05:30"},"s":"I",  "c":"WTCHKPT",  "id":22430,   "ctx":"Checkpointer","msg":"WiredTiger message","attr":{"message":{"ts_sec":1772005404,"ts_usec":26982,"thread":"67409:0x30dd83000","session_name":"WT_SESSION.checkpoint","category":"WT_VERB_CHECKPOINT_PROGRESS","category_id":6,"verbose_level":"DEBUG","verbose_level_id":1,"msg":"saving checkpoint snapshot min: 3142, snapshot max: 3142 snapshot count: 0, oldest timestamp: (1772005101, 1) , meta checkpoint timestamp: (1772005401, 1) base write gen: 556601"}}}
{"t":{"$date":"2026-02-25T13:13:45.038+05:30"},"s":"I",  "c":"NETWORK",  "id":22943,   "ctx":"listener","msg":"Connection accepted","attr":{"remote":"127.0.0.1:65300","uuid":"35ddebad-3eae-48a5-a844-92f67f8183b0","connectionId":19,"connectionCount":1}}
{"t":{"$date":"2026-02-25T13:13:45.053+05:30"},"s":"I",  "c":"NETWORK",  "id":51800,   "ctx":"conn19","msg":"client metadata","attr":{"remote":"127.0.0.1:65300","client":"conn19","negotiatedCompressors":[],"doc":{"driver":{"name":"mongo-rust-driver|Prisma","version":"3.0.0"},"os":{"type":"macos","architecture":"aarch64"},"platform":"rustc 1.82.0 (f6e511eec 2024-10-15) with tokio"}}}
{"t":{"$date":"2026-02-25T13:13:45.066+05:30"},"s":"I",  "c":"NETWORK",  "id":22943,   "ctx":"listener","msg":"Connection accepted","attr":{"remote":"127.0.0.1:65303","uuid":"9eabff68-e323-4c32-8875-22d71f28c19a","connectionId":20,"connectionCount":2}}
{"t":{"$date":"2026-02-25T13:13:45.067+05:30"},"s":"I",  "c":"NETWORK",  "id":22943,   "ctx":"listener","msg":"Connection accepted","attr":{"remote":"127.0.0.1:65304","uuid":"073b97f6-7bca-47b8-9989-e1f997b2a6e3","connectionId":21,"connectionCount":3}}
{"t":{"$date":"2026-02-25T13:13:45.067+05:30"},"s":"I",  "c":"NETWORK",  "id":51800,   "ctx":"conn20","msg":"client metadata","attr":{"remote":"127.0.0.1:65303","client":"conn20","negotiatedCompressors":[],"doc":{"driver":{"name":"mongo-rust-driver|Prisma","version":"3.0.0"},"os":{"type":"macos","architecture":"aarch64"},"platform":"rustc 1.82.0 (f6e511eec 2024-10-15) with tokio"}}}
{"t":{"$date":"2026-02-25T13:13:45.067+05:30"},"s":"I",  "c":"NETWORK",  "id":51800,   "ctx":"conn21","msg":"client metadata","attr":{"remote":"127.0.0.1:65304","client":"conn21","negotiatedCompressors":[],"doc":{"driver":{"name":"mongo-rust-driver|Prisma","version":"3.0.0"},"os":{"type":"macos","architecture":"aarch64"},"platform":"rustc 1.82.0 (f6e511eec 2024-10-15) with tokio"}}}
{"t":{"$date":"2026-02-25T13:14:18.376+05:30"},"s":"I",  "c":"NETWORK",  "id":22944,   "ctx":"conn21","msg":"Connection ended","attr":{"remote":"127.0.0.1:65304","uuid":"073b97f6-7bca-47b8-9989-e1f997b2a6e3","connectionId":21,"connectionCount":1}}
{"t":{"$date":"2026-02-25T13:14:18.376+05:30"},"s":"I",  "c":"NETWORK",  "id":22944,   "ctx":"conn20","msg":"Connection ended","attr":{"remote":"127.0.0.1:65303","uuid":"9eabff68-e323-4c32-8875-22d71f28c19a","connectionId":20,"connectionCount":2}}
{"t":{"$date":"2026-02-25T13:14:19.209+05:30"},"s":"W",  "c":"NETWORK",  "id":4615610, "ctx":"conn19","msg":"Failed to check socket connectivity","attr":{"error":{"code":6,"codeName":"HostUnreachable","errmsg":"Connection closed by peer"}}}
{"t":{"$date":"2026-02-25T13:14:19.212+05:30"},"s":"I",  "c":"-",        "id":20883,   "ctx":"conn19","msg":"Interrupted operation as its client disconnected","attr":{"opId":165534}}
{"t":{"$date":"2026-02-25T13:14:19.217+05:30"},"s":"I",  "c":"NETWORK",  "id":22944,   "ctx":"conn19","msg":"Connection ended","attr":{"remote":"127.0.0.1:65300","uuid":"35ddebad-3eae-48a5-a844-92f67f8183b0","connectionId":19,"connectionCount":0}}
{"t":{"$date":"2026-02-25T13:14:24.234+05:30"},"s":"I",  "c":"WTCHKPT",  "id":22430,   "ctx":"Checkpointer","msg":"WiredTiger message","attr":{"message":{"ts_sec":1772005464,"ts_usec":230594,"thread":"67409:0x30dd83000","session_name":"WT_SESSION.checkpoint","category":"WT_VERB_CHECKPOINT_PROGRESS","category_id":6,"verbose_level":"DEBUG","verbose_level_id":1,"msg":"saving checkpoint snapshot min: 3157, snapshot max: 3157 snapshot count: 0, oldest timestamp: (1772005161, 1) , meta checkpoint timestamp: (1772005461, 1) base write gen: 556601"}}}
{"t":{"$date":"2026-02-25T13:15:24.556+05:30"},"s":"I",  "c":"WTCHKPT",  "id":22430,   "ctx":"Checkpointer","msg":"WiredTiger message","attr":{"message":{"ts_sec":1772005524,"ts_usec":541218,"thread":"67409:0x30dd83000","session_name":"WT_SESSION.checkpoint","category":"WT_VERB_CHECKPOINT_PROGRESS","category_id":6,"verbose_level":"DEBUG","verbose_level_id":1,"msg":"saving checkpoint snapshot min: 3172, snapshot max: 3172 snapshot count: 0, oldest timestamp: (1772005221, 1) , meta checkpoint timestamp: (1772005521, 1) base write gen: 556601"}}}
{"t":{"$date":"2026-02-25T13:16:24.779+05:30"},"s":"I",  "c":"WTCHKPT",  "id":22430,   "ctx":"Checkpointer","msg":"WiredTiger message","attr":{"message":{"ts_sec":1772005584,"ts_usec":774610,"thread":"67409:0x30dd83000","session_name":"WT_SESSION.checkpoint","category":"WT_VERB_CHECKPOINT_PROGRESS","category_id":6,"verbose_level":"DEBUG","verbose_level_id":1,"msg":"saving checkpoint snapshot min: 3187, snapshot max: 3187 snapshot count: 0, oldest timestamp: (1772005281, 1) , meta checkpoint timestamp: (1772005581, 1) base write gen: 556601"}}}
{"t":{"$date":"2026-02-25T13:17:25.008+05:30"},"s":"I",  "c":"WTCHKPT",  "id":22430,   "ctx":"Checkpointer","msg":"WiredTiger message","attr":{"message":{"ts_sec":1772005645,"ts_usec":8528,"thread":"67409:0x30dd83000","session_name":"WT_SESSION.checkpoint","category":"WT_VERB_CHECKPOINT_PROGRESS","category_id":6,"verbose_level":"DEBUG","verbose_level_id":1,"msg":"saving checkpoint snapshot min: 3202, snapshot max: 3202 snapshot count: 0, oldest timestamp: (1772005341, 1) , meta checkpoint timestamp: (1772005641, 1) base write gen: 556601"}}}
{"t":{"$date":"2026-02-25T13:18:25.115+05:30"},"s":"I",  "c":"WTCHKPT",  "id":22430,   "ctx":"Checkpointer","msg":"WiredTiger message","attr":{"message":{"ts_sec":1772005705,"ts_usec":115070,"thread":"67409:0x30dd83000","session_name":"WT_SESSION.checkpoint","category":"WT_VERB_CHECKPOINT_PROGRESS","category_id":6,"verbose_level":"DEBUG","verbose_level_id":1,"msg":"saving checkpoint snapshot min: 3217, snapshot max: 3217 snapshot count: 0, oldest timestamp: (1772005401, 1) , meta checkpoint timestamp: (1772005701, 1) base write gen: 556601"}}}
{"t":{"$date":"2026-02-25T13:19:25.228+05:30"},"s":"I",  "c":"WTCHKPT",  "id":22430,   "ctx":"Checkpointer","msg":"WiredTiger message","attr":{"message":{"ts_sec":1772005765,"ts_usec":223130,"thread":"67409:0x30dd83000","session_name":"WT_SESSION.checkpoint","category":"WT_VERB_CHECKPOINT_PROGRESS","category_id":6,"verbose_level":"DEBUG","verbose_level_id":1,"msg":"saving checkpoint snapshot min: 3232, snapshot max: 3232 snapshot count: 0, oldest timestamp: (1772005461, 1) , meta checkpoint timestamp: (1772005761, 1) base write gen: 556601"}}}
{"t":{"$date":"2026-02-25T13:20:25.343+05:30"},"s":"I",  "c":"WTCHKPT",  "id":22430,   "ctx":"Checkpointer","msg":"WiredTiger message","attr":{"message":{"ts_sec":1772005825,"ts_usec":343006,"thread":"67409:0x30dd83000","session_name":"WT_SESSION.checkpoint","category":"WT_VERB_CHECKPOINT_PROGRESS","category_id":6,"verbose_level":"DEBUG","verbose_level_id":1,"msg":"saving checkpoint snapshot min: 3247, snapshot max: 3247 snapshot count: 0, oldest timestamp: (1772005521, 1) , meta checkpoint timestamp: (1772005821, 1) base write gen: 556601"}}}
{"t":{"$date":"2026-02-25T13:21:25.522+05:30"},"s":"I",  "c":"WTCHKPT",  "id":22430,   "ctx":"Checkpointer","msg":"WiredTiger message","attr":{"message":{"ts_sec":1772005885,"ts_usec":522679,"thread":"67409:0x30dd83000","session_name":"WT_SESSION.checkpoint","category":"WT_VERB_CHECKPOINT_PROGRESS","category_id":6,"verbose_level":"DEBUG","verbose_level_id":1,"msg":"saving checkpoint snapshot min: 3262, snapshot max: 3262 snapshot count: 0, oldest timestamp: (1772005581, 1) , meta checkpoint timestamp: (1772005881, 1) base write gen: 556601"}}}
{"t":{"$date":"2026-02-25T13:22:25.695+05:30"},"s":"I",  "c":"WTCHKPT",  "id":22430,   "ctx":"Checkpointer","msg":"WiredTiger message","attr":{"message":{"ts_sec":1772005945,"ts_usec":692145,"thread":"67409:0x30dd83000","session_name":"WT_SESSION.checkpoint","category":"WT_VERB_CHECKPOINT_PROGRESS","category_id":6,"verbose_level":"DEBUG","verbose_level_id":1,"msg":"saving checkpoint snapshot min: 3277, snapshot max: 3277 snapshot count: 0, oldest timestamp: (1772005641, 1) , meta checkpoint timestamp: (1772005941, 1) base write gen: 556601"}}}
{"t":{"$date":"2026-02-25T13:23:25.982+05:30"},"s":"I",  "c":"WTCHKPT",  "id":22430,   "ctx":"Checkpointer","msg":"WiredTiger message","attr":{"message":{"ts_sec":1772006005,"ts_usec":978883,"thread":"67409:0x30dd83000","session_name":"WT_SESSION.checkpoint","category":"WT_VERB_CHECKPOINT_PROGRESS","category_id":6,"verbose_level":"DEBUG","verbose_level_id":1,"msg":"saving checkpoint snapshot min: 3292, snapshot max: 3292 snapshot count: 0, oldest timestamp: (1772005701, 1) , meta checkpoint timestamp: (1772006001, 1) base write gen: 556601"}}}
{"t":{"$date":"2026-02-25T13:24:26.318+05:30"},"s":"I",  "c":"WTCHKPT",  "id":22430,   "ctx":"Checkpointer","msg":"WiredTiger message","attr":{"message":{"ts_sec":1772006066,"ts_usec":316037,"thread":"67409:0x30dd83000","session_name":"WT_SESSION.checkpoint","category":"WT_VERB_CHECKPOINT_PROGRESS","category_id":6,"verbose_level":"DEBUG","verbose_level_id":1,"msg":"saving checkpoint snapshot min: 3307, snapshot max: 3307 snapshot count: 0, oldest timestamp: (1772005761, 1) , meta checkpoint timestamp: (1772006061, 1) base write gen: 556601"}}}
{"t":{"$date":"2026-02-25T13:25:32.477+05:30"},"s":"I",  "c":"WTCHKPT",  "id":22430,   "ctx":"Checkpointer","msg":"WiredTiger message","attr":{"message":{"ts_sec":1772006132,"ts_usec":471598,"thread":"67409:0x30dd83000","session_name":"WT_SESSION.checkpoint","category":"WT_VERB_CHECKPOINT_PROGRESS","category_id":6,"verbose_level":"DEBUG","verbose_level_id":1,"msg":"saving checkpoint snapshot min: 3324, snapshot max: 3324 snapshot count: 0, oldest timestamp: (1772005831, 1) , meta checkpoint timestamp: (1772006131, 1) base write gen: 556601"}}}
{"t":{"$date":"2026-02-25T13:26:32.737+05:30"},"s":"I",  "c":"WTCHKPT",  "id":22430,   "ctx":"Checkpointer","msg":"WiredTiger message","attr":{"message":{"ts_sec":1772006192,"ts_usec":734475,"thread":"67409:0x30dd83000","session_name":"WT_SESSION.checkpoint","category":"WT_VERB_CHECKPOINT_PROGRESS","category_id":6,"verbose_level":"DEBUG","verbose_level_id":1,"msg":"saving checkpoint snapshot min: 3339, snapshot max: 3339 snapshot count: 0, oldest timestamp: (1772005891, 1) , meta checkpoint timestamp: (1772006191, 1) base write gen: 556601"}}}
{"t":{"$date":"2026-02-25T13:27:32.860+05:30"},"s":"I",  "c":"WTCHKPT",  "id":22430,   "ctx":"Checkpointer","msg":"WiredTiger message","attr":{"message":{"ts_sec":1772006252,"ts_usec":857675,"thread":"67409:0x30dd83000","session_name":"WT_SESSION.checkpoint","category":"WT_VERB_CHECKPOINT_PROGRESS","category_id":6,"verbose_level":"DEBUG","verbose_level_id":1,"msg":"saving checkpoint snapshot min: 3356, snapshot max: 3356 snapshot count: 0, oldest timestamp: (1772005951, 1) , meta checkpoint timestamp: (1772006251, 1) base write gen: 556601"}}}
{"t":{"$date":"2026-02-25T13:28:33.004+05:30"},"s":"I",  "c":"WTCHKPT",  "id":22430,   "ctx":"Checkpointer","msg":"WiredTiger message","attr":{"message":{"ts_sec":1772006313,"ts_usec":3956,"thread":"67409:0x30dd83000","session_name":"WT_SESSION.checkpoint","category":"WT_VERB_CHECKPOINT_PROGRESS","category_id":6,"verbose_level":"DEBUG","verbose_level_id":1,"msg":"saving checkpoint snapshot min: 3371, snapshot max: 3371 snapshot count: 0, oldest timestamp: (1772006011, 1) , meta checkpoint timestamp: (1772006311, 1) base write gen: 556601"}}}
{"t":{"$date":"2026-02-25T13:29:33.154+05:30"},"s":"I",  "c":"WTCHKPT",  "id":22430,   "ctx":"Checkpointer","msg":"WiredTiger message","attr":{"message":{"ts_sec":1772006373,"ts_usec":154220,"thread":"67409:0x30dd83000","session_name":"WT_SESSION.checkpoint","category":"WT_VERB_CHECKPOINT_PROGRESS","category_id":6,"verbose_level":"DEBUG","verbose_level_id":1,"msg":"saving checkpoint snapshot min: 3386, snapshot max: 3386 snapshot count: 0, oldest timestamp: (1772006071, 1) , meta checkpoint timestamp: (1772006371, 1) base write gen: 556601"}}}
{"t":{"$date":"2026-02-25T13:30:33.308+05:30"},"s":"I",  "c":"WTCHKPT",  "id":22430,   "ctx":"Checkpointer","msg":"WiredTiger message","attr":{"message":{"ts_sec":1772006433,"ts_usec":308316,"thread":"67409:0x30dd83000","session_name":"WT_SESSION.checkpoint","category":"WT_VERB_CHECKPOINT_PROGRESS","category_id":6,"verbose_level":"DEBUG","verbose_level_id":1,"msg":"saving checkpoint snapshot min: 3401, snapshot max: 3401 snapshot count: 0, oldest timestamp: (1772006131, 1) , meta checkpoint timestamp: (1772006431, 1) base write gen: 556601"}}}
{"t":{"$date":"2026-02-25T13:31:33.647+05:30"},"s":"I",  "c":"WTCHKPT",  "id":22430,   "ctx":"Checkpointer","msg":"WiredTiger message","attr":{"message":{"ts_sec":1772006493,"ts_usec":616229,"thread":"67409:0x30dd83000","session_name":"WT_SESSION.checkpoint","category":"WT_VERB_CHECKPOINT_PROGRESS","category_id":6,"verbose_level":"DEBUG","verbose_level_id":1,"msg":"saving checkpoint snapshot min: 3416, snapshot max: 3416 snapshot count: 0, oldest timestamp: (1772006191, 1) , meta checkpoint timestamp: (1772006491, 1) base write gen: 556601"}}}
{"t":{"$date":"2026-02-25T13:31:49.573+05:30"},"s":"I",  "c":"NETWORK",  "id":22943,   "ctx":"listener","msg":"Connection accepted","attr":{"remote":"127.0.0.1:50187","uuid":"2a323054-015e-47c7-acb5-9bc65d200ac1","connectionId":22,"connectionCount":1}}
{"t":{"$date":"2026-02-25T13:31:49.603+05:30"},"s":"I",  "c":"NETWORK",  "id":51800,   "ctx":"conn22","msg":"client metadata","attr":{"remote":"127.0.0.1:50187","client":"conn22","negotiatedCompressors":[],"doc":{"driver":{"name":"mongo-rust-driver|Prisma","version":"3.0.0"},"os":{"type":"macos","architecture":"aarch64"},"platform":"rustc 1.82.0 (f6e511eec 2024-10-15) with tokio"}}}
{"t":{"$date":"2026-02-25T13:31:49.615+05:30"},"s":"I",  "c":"NETWORK",  "id":22943,   "ctx":"listener","msg":"Connection accepted","attr":{"remote":"127.0.0.1:50190","uuid":"34447ac8-6655-4db2-9cd9-26787b928cd2","connectionId":23,"connectionCount":2}}
{"t":{"$date":"2026-02-25T13:31:49.616+05:30"},"s":"I",  "c":"NETWORK",  "id":22943,   "ctx":"listener","msg":"Connection accepted","attr":{"remote":"127.0.0.1:50191","uuid":"efe4b6d1-c3c0-4810-ba5d-6b5b3a5f0306","connectionId":24,"connectionCount":3}}
{"t":{"$date":"2026-02-25T13:31:49.616+05:30"},"s":"I",  "c":"NETWORK",  "id":51800,   "ctx":"conn23","msg":"client metadata","attr":{"remote":"127.0.0.1:50190","client":"conn23","negotiatedCompressors":[],"doc":{"driver":{"name":"mongo-rust-driver|Prisma","version":"3.0.0"},"os":{"type":"macos","architecture":"aarch64"},"platform":"rustc 1.82.0 (f6e511eec 2024-10-15) with tokio"}}}
{"t":{"$date":"2026-02-25T13:31:49.616+05:30"},"s":"I",  "c":"NETWORK",  "id":51800,   "ctx":"conn24","msg":"client metadata","attr":{"remote":"127.0.0.1:50191","client":"conn24","negotiatedCompressors":[],"doc":{"driver":{"name":"mongo-rust-driver|Prisma","version":"3.0.0"},"os":{"type":"macos","architecture":"aarch64"},"platform":"rustc 1.82.0 (f6e511eec 2024-10-15) with tokio"}}}
{"t":{"$date":"2026-02-25T13:32:44.642+05:30"},"s":"I",  "c":"WTCHKPT",  "id":22430,   "ctx":"Checkpointer","msg":"WiredTiger message","attr":{"message":{"ts_sec":1772006564,"ts_usec":638981,"thread":"67409:0x30dd83000","session_name":"WT_SESSION.checkpoint","category":"WT_VERB_CHECKPOINT_PROGRESS","category_id":6,"verbose_level":"DEBUG","verbose_level_id":1,"msg":"saving checkpoint snapshot min: 3431, snapshot max: 3431 snapshot count: 0, oldest timestamp: (1772006261, 1) , meta checkpoint timestamp: (1772006551, 1) base write gen: 556601"}}}
{"t":{"$date":"2026-02-25T13:33:20.059+05:30"},"s":"I",  "c":"NETWORK",  "id":22943,   "ctx":"listener","msg":"Connection accepted","attr":{"remote":"127.0.0.1:50236","uuid":"4c8e889f-1615-490a-a49b-bd998466eb41","connectionId":25,"connectionCount":4}}
{"t":{"$date":"2026-02-25T13:33:20.068+05:30"},"s":"I",  "c":"NETWORK",  "id":51800,   "ctx":"conn25","msg":"client metadata","attr":{"remote":"127.0.0.1:50236","client":"conn25","negotiatedCompressors":[],"doc":{"driver":{"name":"mongo-rust-driver|Prisma","version":"3.0.0"},"os":{"type":"macos","architecture":"aarch64"},"platform":"rustc 1.82.0 (f6e511eec 2024-10-15) with tokio"}}}
{"t":{"$date":"2026-02-25T13:33:20.071+05:30"},"s":"I",  "c":"NETWORK",  "id":22943,   "ctx":"listener","msg":"Connection accepted","attr":{"remote":"127.0.0.1:50238","uuid":"32559b54-5977-4178-8bf2-dd883571b81c","connectionId":26,"connectionCount":5}}
{"t":{"$date":"2026-02-25T13:33:20.072+05:30"},"s":"I",  "c":"NETWORK",  "id":22943,   "ctx":"listener","msg":"Connection accepted","attr":{"remote":"127.0.0.1:50240","uuid":"3d7ba6c3-9a32-4a91-99c6-02a052fab333","connectionId":27,"connectionCount":6}}
{"t":{"$date":"2026-02-25T13:33:20.072+05:30"},"s":"I",  "c":"NETWORK",  "id":51800,   "ctx":"conn26","msg":"client metadata","attr":{"remote":"127.0.0.1:50238","client":"conn26","negotiatedCompressors":[],"doc":{"driver":{"name":"mongo-rust-driver|Prisma","version":"3.0.0"},"os":{"type":"macos","architecture":"aarch64"},"platform":"rustc 1.82.0 (f6e511eec 2024-10-15) with tokio"}}}
{"t":{"$date":"2026-02-25T13:33:20.073+05:30"},"s":"I",  "c":"NETWORK",  "id":51800,   "ctx":"conn27","msg":"client metadata","attr":{"remote":"127.0.0.1:50240","client":"conn27","negotiatedCompressors":[],"doc":{"driver":{"name":"mongo-rust-driver|Prisma","version":"3.0.0"},"os":{"type":"macos","architecture":"aarch64"},"platform":"rustc 1.82.0 (f6e511eec 2024-10-15) with tokio"}}}
{"t":{"$date":"2026-02-25T13:33:46.242+05:30"},"s":"I",  "c":"WTCHKPT",  "id":22430,   "ctx":"Checkpointer","msg":"WiredTiger message","attr":{"message":{"ts_sec":1772006626,"ts_usec":242675,"thread":"67409:0x30dd83000","session_name":"WT_SESSION.checkpoint","category":"WT_VERB_CHECKPOINT_PROGRESS","category_id":6,"verbose_level":"DEBUG","verbose_level_id":1,"msg":"saving checkpoint snapshot min: 3448, snapshot max: 3448 snapshot count: 0, oldest timestamp: (1772006321, 1) , meta checkpoint timestamp: (1772006621, 1) base write gen: 556601"}}}
{"t":{"$date":"2026-02-25T13:34:46.366+05:30"},"s":"I",  "c":"WTCHKPT",  "id":22430,   "ctx":"Checkpointer","msg":"WiredTiger message","attr":{"message":{"ts_sec":1772006686,"ts_usec":366117,"thread":"67409:0x30dd83000","session_name":"WT_SESSION.checkpoint","category":"WT_VERB_CHECKPOINT_PROGRESS","category_id":6,"verbose_level":"DEBUG","verbose_level_id":1,"msg":"saving checkpoint snapshot min: 3463, snapshot max: 3463 snapshot count: 0, oldest timestamp: (1772006381, 1) , meta checkpoint timestamp: (1772006681, 1) base write gen: 556601"}}}
{"t":{"$date":"2026-02-25T13:35:46.445+05:30"},"s":"I",  "c":"WTCHKPT",  "id":22430,   "ctx":"Checkpointer","msg":"WiredTiger message","attr":{"message":{"ts_sec":1772006746,"ts_usec":442121,"thread":"67409:0x30dd83000","session_name":"WT_SESSION.checkpoint","category":"WT_VERB_CHECKPOINT_PROGRESS","category_id":6,"verbose_level":"DEBUG","verbose_level_id":1,"msg":"saving checkpoint snapshot min: 3478, snapshot max: 3478 snapshot count: 0, oldest timestamp: (1772006441, 1) , meta checkpoint timestamp: (1772006741, 1) base write gen: 556601"}}}
{"t":{"$date":"2026-02-25T13:36:46.539+05:30"},"s":"I",  "c":"WTCHKPT",  "id":22430,   "ctx":"Checkpointer","msg":"WiredTiger message","attr":{"message":{"ts_sec":1772006806,"ts_usec":539303,"thread":"67409:0x30dd83000","session_name":"WT_SESSION.checkpoint","category":"WT_VERB_CHECKPOINT_PROGRESS","category_id":6,"verbose_level":"DEBUG","verbose_level_id":1,"msg":"saving checkpoint snapshot min: 3493, snapshot max: 3493 snapshot count: 0, oldest timestamp: (1772006501, 1) , meta checkpoint timestamp: (1772006801, 1) base write gen: 556601"}}}
{"t":{"$date":"2026-02-25T13:37:46.741+05:30"},"s":"I",  "c":"WTCHKPT",  "id":22430,   "ctx":"Checkpointer","msg":"WiredTiger message","attr":{"message":{"ts_sec":1772006866,"ts_usec":741615,"thread":"67409:0x30dd83000","session_name":"WT_SESSION.checkpoint","category":"WT_VERB_CHECKPOINT_PROGRESS","category_id":6,"verbose_level":"DEBUG","verbose_level_id":1,"msg":"saving checkpoint snapshot min: 3509, snapshot max: 3509 snapshot count: 0, oldest timestamp: (1772006561, 1) , meta checkpoint timestamp: (1772006861, 1) base write gen: 556601"}}}
{"t":{"$date":"2026-02-25T13:38:46.842+05:30"},"s":"I",  "c":"WTCHKPT",  "id":22430,   "ctx":"Checkpointer","msg":"WiredTiger message","attr":{"message":{"ts_sec":1772006926,"ts_usec":841927,"thread":"67409:0x30dd83000","session_name":"WT_SESSION.checkpoint","category":"WT_VERB_CHECKPOINT_PROGRESS","category_id":6,"verbose_level":"DEBUG","verbose_level_id":1,"msg":"saving checkpoint snapshot min: 3524, snapshot max: 3524 snapshot count: 0, oldest timestamp: (1772006621, 1) , meta checkpoint timestamp: (1772006921, 1) base write gen: 556601"}}}
{"t":{"$date":"2026-02-25T13:39:46.959+05:30"},"s":"I",  "c":"WTCHKPT",  "id":22430,   "ctx":"Checkpointer","msg":"WiredTiger message","attr":{"message":{"ts_sec":1772006986,"ts_usec":959237,"thread":"67409:0x30dd83000","session_name":"WT_SESSION.checkpoint","category":"WT_VERB_CHECKPOINT_PROGRESS","category_id":6,"verbose_level":"DEBUG","verbose_level_id":1,"msg":"saving checkpoint snapshot min: 3539, snapshot max: 3539 snapshot count: 0, oldest timestamp: (1772006681, 1) , meta checkpoint timestamp: (1772006981, 1) base write gen: 556601"}}}
{"t":{"$date":"2026-02-25T13:40:47.053+05:30"},"s":"I",  "c":"WTCHKPT",  "id":22430,   "ctx":"Checkpointer","msg":"WiredTiger message","attr":{"message":{"ts_sec":1772007047,"ts_usec":53574,"thread":"67409:0x30dd83000","session_name":"WT_SESSION.checkpoint","category":"WT_VERB_CHECKPOINT_PROGRESS","category_id":6,"verbose_level":"DEBUG","verbose_level_id":1,"msg":"saving checkpoint snapshot min: 3554, snapshot max: 3554 snapshot count: 0, oldest timestamp: (1772006741, 1) , meta checkpoint timestamp: (1772007041, 1) base write gen: 556601"}}}
{"t":{"$date":"2026-02-25T13:41:47.150+05:30"},"s":"I",  "c":"WTCHKPT",  "id":22430,   "ctx":"Checkpointer","msg":"WiredTiger message","attr":{"message":{"ts_sec":1772007107,"ts_usec":150847,"thread":"67409:0x30dd83000","session_name":"WT_SESSION.checkpoint","category":"WT_VERB_CHECKPOINT_PROGRESS","category_id":6,"verbose_level":"DEBUG","verbose_level_id":1,"msg":"saving checkpoint snapshot min: 3569, snapshot max: 3569 snapshot count: 0, oldest timestamp: (1772006801, 1) , meta checkpoint timestamp: (1772007101, 1) base write gen: 556601"}}}
{"t":{"$date":"2026-02-25T13:42:47.248+05:30"},"s":"I",  "c":"WTCHKPT",  "id":22430,   "ctx":"Checkpointer","msg":"WiredTiger message","attr":{"message":{"ts_sec":1772007167,"ts_usec":248012,"thread":"67409:0x30dd83000","session_name":"WT_SESSION.checkpoint","category":"WT_VERB_CHECKPOINT_PROGRESS","category_id":6,"verbose_level":"DEBUG","verbose_level_id":1,"msg":"saving checkpoint snapshot min: 3584, snapshot max: 3584 snapshot count: 0, oldest timestamp: (1772006861, 1) , meta checkpoint timestamp: (1772007161, 1) base write gen: 556601"}}}
{"t":{"$date":"2026-02-25T13:43:47.370+05:30"},"s":"I",  "c":"WTCHKPT",  "id":22430,   "ctx":"Checkpointer","msg":"WiredTiger message","attr":{"message":{"ts_sec":1772007227,"ts_usec":370738,"thread":"67409:0x30dd83000","session_name":"WT_SESSION.checkpoint","category":"WT_VERB_CHECKPOINT_PROGRESS","category_id":6,"verbose_level":"DEBUG","verbose_level_id":1,"msg":"saving checkpoint snapshot min: 3599, snapshot max: 3599 snapshot count: 0, oldest timestamp: (1772006921, 1) , meta checkpoint timestamp: (1772007221, 1) base write gen: 556601"}}}
{"t":{"$date":"2026-02-25T13:44:47.486+05:30"},"s":"I",  "c":"WTCHKPT",  "id":22430,   "ctx":"Checkpointer","msg":"WiredTiger message","attr":{"message":{"ts_sec":1772007287,"ts_usec":486627,"thread":"67409:0x30dd83000","session_name":"WT_SESSION.checkpoint","category":"WT_VERB_CHECKPOINT_PROGRESS","category_id":6,"verbose_level":"DEBUG","verbose_level_id":1,"msg":"saving checkpoint snapshot min: 3614, snapshot max: 3614 snapshot count: 0, oldest timestamp: (1772006981, 1) , meta checkpoint timestamp: (1772007281, 1) base write gen: 556601"}}}
{"t":{"$date":"2026-02-25T13:45:47.576+05:30"},"s":"I",  "c":"WTCHKPT",  "id":22430,   "ctx":"Checkpointer","msg":"WiredTiger message","attr":{"message":{"ts_sec":1772007347,"ts_usec":576111,"thread":"67409:0x30dd83000","session_name":"WT_SESSION.checkpoint","category":"WT_VERB_CHECKPOINT_PROGRESS","category_id":6,"verbose_level":"DEBUG","verbose_level_id":1,"msg":"saving checkpoint snapshot min: 3629, snapshot max: 3629 snapshot count: 0, oldest timestamp: (1772007041, 1) , meta checkpoint timestamp: (1772007341, 1) base write gen: 556601"}}}
{"t":{"$date":"2026-02-25T13:46:47.673+05:30"},"s":"I",  "c":"WTCHKPT",  "id":22430,   "ctx":"Checkpointer","msg":"WiredTiger message","attr":{"message":{"ts_sec":1772007407,"ts_usec":673232,"thread":"67409:0x30dd83000","session_name":"WT_SESSION.checkpoint","category":"WT_VERB_CHECKPOINT_PROGRESS","category_id":6,"verbose_level":"DEBUG","verbose_level_id":1,"msg":"saving checkpoint snapshot min: 3644, snapshot max: 3644 snapshot count: 0, oldest timestamp: (1772007101, 1) , meta checkpoint timestamp: (1772007401, 1) base write gen: 556601"}}}
{"t":{"$date":"2026-02-25T13:47:47.815+05:30"},"s":"I",  "c":"WTCHKPT",  "id":22430,   "ctx":"Checkpointer","msg":"WiredTiger message","attr":{"message":{"ts_sec":1772007467,"ts_usec":815302,"thread":"67409:0x30dd83000","session_name":"WT_SESSION.checkpoint","category":"WT_VERB_CHECKPOINT_PROGRESS","category_id":6,"verbose_level":"DEBUG","verbose_level_id":1,"msg":"saving checkpoint snapshot min: 3659, snapshot max: 3659 snapshot count: 0, oldest timestamp: (1772007161, 1) , meta checkpoint timestamp: (1772007461, 1) base write gen: 556601"}}}
{"t":{"$date":"2026-02-25T13:48:47.962+05:30"},"s":"I",  "c":"WTCHKPT",  "id":22430,   "ctx":"Checkpointer","msg":"WiredTiger message","attr":{"message":{"ts_sec":1772007527,"ts_usec":961996,"thread":"67409:0x30dd83000","session_name":"WT_SESSION.checkpoint","category":"WT_VERB_CHECKPOINT_PROGRESS","category_id":6,"verbose_level":"DEBUG","verbose_level_id":1,"msg":"saving checkpoint snapshot min: 3674, snapshot max: 3674 snapshot count: 0, oldest timestamp: (1772007222, 1) , meta checkpoint timestamp: (1772007522, 1) base write gen: 556601"}}}
{"t":{"$date":"2026-02-25T13:49:48.081+05:30"},"s":"I",  "c":"WTCHKPT",  "id":22430,   "ctx":"Checkpointer","msg":"WiredTiger message","attr":{"message":{"ts_sec":1772007588,"ts_usec":81658,"thread":"67409:0x30dd83000","session_name":"WT_SESSION.checkpoint","category":"WT_VERB_CHECKPOINT_PROGRESS","category_id":6,"verbose_level":"DEBUG","verbose_level_id":1,"msg":"saving checkpoint snapshot min: 3689, snapshot max: 3689 snapshot count: 0, oldest timestamp: (1772007282, 1) , meta checkpoint timestamp: (1772007582, 1) base write gen: 556601"}}}
{"t":{"$date":"2026-02-25T13:50:48.170+05:30"},"s":"I",  "c":"WTCHKPT",  "id":22430,   "ctx":"Checkpointer","msg":"WiredTiger message","attr":{"message":{"ts_sec":1772007648,"ts_usec":170652,"thread":"67409:0x30dd83000","session_name":"WT_SESSION.checkpoint","category":"WT_VERB_CHECKPOINT_PROGRESS","category_id":6,"verbose_level":"DEBUG","verbose_level_id":1,"msg":"saving checkpoint snapshot min: 3704, snapshot max: 3704 snapshot count: 0, oldest timestamp: (1772007342, 1) , meta checkpoint timestamp: (1772007642, 1) base write gen: 556601"}}}
{"t":{"$date":"2026-02-25T13:51:48.305+05:30"},"s":"I",  "c":"WTCHKPT",  "id":22430,   "ctx":"Checkpointer","msg":"WiredTiger message","attr":{"message":{"ts_sec":1772007708,"ts_usec":304857,"thread":"67409:0x30dd83000","session_name":"WT_SESSION.checkpoint","category":"WT_VERB_CHECKPOINT_PROGRESS","category_id":6,"verbose_level":"DEBUG","verbose_level_id":1,"msg":"saving checkpoint snapshot min: 3719, snapshot max: 3719 snapshot count: 0, oldest timestamp: (1772007402, 1) , meta checkpoint timestamp: (1772007702, 1) base write gen: 556601"}}}
{"t":{"$date":"2026-02-25T13:52:48.457+05:30"},"s":"I",  "c":"WTCHKPT",  "id":22430,   "ctx":"Checkpointer","msg":"WiredTiger message","attr":{"message":{"ts_sec":1772007768,"ts_usec":457182,"thread":"67409:0x30dd83000","session_name":"WT_SESSION.checkpoint","category":"WT_VERB_CHECKPOINT_PROGRESS","category_id":6,"verbose_level":"DEBUG","verbose_level_id":1,"msg":"saving checkpoint snapshot min: 3734, snapshot max: 3734 snapshot count: 0, oldest timestamp: (1772007462, 1) , meta checkpoint timestamp: (1772007762, 1) base write gen: 556601"}}}
{"t":{"$date":"2026-02-25T13:53:48.659+05:30"},"s":"I",  "c":"WTCHKPT",  "id":22430,   "ctx":"Checkpointer","msg":"WiredTiger message","attr":{"message":{"ts_sec":1772007828,"ts_usec":658920,"thread":"67409:0x30dd83000","session_name":"WT_SESSION.checkpoint","category":"WT_VERB_CHECKPOINT_PROGRESS","category_id":6,"verbose_level":"DEBUG","verbose_level_id":1,"msg":"saving checkpoint snapshot min: 3749, snapshot max: 3749 snapshot count: 0, oldest timestamp: (1772007522, 1) , meta checkpoint timestamp: (1772007822, 1) base write gen: 556601"}}}
{"t":{"$date":"2026-02-25T13:54:48.784+05:30"},"s":"I",  "c":"WTCHKPT",  "id":22430,   "ctx":"Checkpointer","msg":"WiredTiger message","attr":{"message":{"ts_sec":1772007888,"ts_usec":783934,"thread":"67409:0x30dd83000","session_name":"WT_SESSION.checkpoint","category":"WT_VERB_CHECKPOINT_PROGRESS","category_id":6,"verbose_level":"DEBUG","verbose_level_id":1,"msg":"saving checkpoint snapshot min: 3764, snapshot max: 3764 snapshot count: 0, oldest timestamp: (1772007582, 1) , meta checkpoint timestamp: (1772007882, 1) base write gen: 556601"}}}
{"t":{"$date":"2026-02-25T13:55:37.691+05:30"},"s":"I",  "c":"NETWORK",  "id":22944,   "ctx":"conn27","msg":"Connection ended","attr":{"remote":"127.0.0.1:50240","uuid":"3d7ba6c3-9a32-4a91-99c6-02a052fab333","connectionId":27,"connectionCount":5}}
{"t":{"$date":"2026-02-25T13:55:37.691+05:30"},"s":"I",  "c":"NETWORK",  "id":22944,   "ctx":"conn23","msg":"Connection ended","attr":{"remote":"127.0.0.1:50190","uuid":"34447ac8-6655-4db2-9cd9-26787b928cd2","connectionId":23,"connectionCount":3}}
{"t":{"$date":"2026-02-25T13:55:37.691+05:30"},"s":"I",  "c":"NETWORK",  "id":22944,   "ctx":"conn24","msg":"Connection ended","attr":{"remote":"127.0.0.1:50191","uuid":"efe4b6d1-c3c0-4810-ba5d-6b5b3a5f0306","connectionId":24,"connectionCount":2}}
{"t":{"$date":"2026-02-25T13:55:37.691+05:30"},"s":"I",  "c":"NETWORK",  "id":22944,   "ctx":"conn26","msg":"Connection ended","attr":{"remote":"127.0.0.1:50238","uuid":"32559b54-5977-4178-8bf2-dd883571b81c","connectionId":26,"connectionCount":4}}
{"t":{"$date":"2026-02-25T13:55:37.876+05:30"},"s":"W",  "c":"NETWORK",  "id":4615610, "ctx":"conn25","msg":"Failed to check socket connectivity","attr":{"error":{"code":6,"codeName":"HostUnreachable","errmsg":"Connection closed by peer"}}}
{"t":{"$date":"2026-02-25T13:55:37.878+05:30"},"s":"I",  "c":"-",        "id":20883,   "ctx":"conn25","msg":"Interrupted operation as its client disconnected","attr":{"opId":201087}}
{"t":{"$date":"2026-02-25T13:55:37.882+05:30"},"s":"I",  "c":"NETWORK",  "id":22944,   "ctx":"conn25","msg":"Connection ended","attr":{"remote":"127.0.0.1:50236","uuid":"4c8e889f-1615-490a-a49b-bd998466eb41","connectionId":25,"connectionCount":1}}
{"t":{"$date":"2026-02-25T13:55:38.454+05:30"},"s":"W",  "c":"NETWORK",  "id":4615610, "ctx":"conn22","msg":"Failed to check socket connectivity","attr":{"error":{"code":6,"codeName":"HostUnreachable","errmsg":"Connection closed by peer"}}}
{"t":{"$date":"2026-02-25T13:55:38.455+05:30"},"s":"I",  "c":"-",        "id":20883,   "ctx":"conn22","msg":"Interrupted operation as its client disconnected","attr":{"opId":201080}}
{"t":{"$date":"2026-02-25T13:55:38.457+05:30"},"s":"I",  "c":"NETWORK",  "id":22944,   "ctx":"conn22","msg":"Connection ended","attr":{"remote":"127.0.0.1:50187","uuid":"2a323054-015e-47c7-acb5-9bc65d200ac1","connectionId":22,"connectionCount":0}}
{"t":{"$date":"2026-02-25T13:55:48.911+05:30"},"s":"I",  "c":"WTCHKPT",  "id":22430,   "ctx":"Checkpointer","msg":"WiredTiger message","attr":{"message":{"ts_sec":1772007948,"ts_usec":911754,"thread":"67409:0x30dd83000","session_name":"WT_SESSION.checkpoint","category":"WT_VERB_CHECKPOINT_PROGRESS","category_id":6,"verbose_level":"DEBUG","verbose_level_id":1,"msg":"saving checkpoint snapshot min: 3779, snapshot max: 3779 snapshot count: 0, oldest timestamp: (1772007642, 1) , meta checkpoint timestamp: (1772007942, 1) base write gen: 556601"}}}
{"t":{"$date":"2026-02-25T13:56:49.037+05:30"},"s":"I",  "c":"WTCHKPT",  "id":22430,   "ctx":"Checkpointer","msg":"WiredTiger message","attr":{"message":{"ts_sec":1772008009,"ts_usec":32883,"thread":"67409:0x30dd83000","session_name":"WT_SESSION.checkpoint","category":"WT_VERB_CHECKPOINT_PROGRESS","category_id":6,"verbose_level":"DEBUG","verbose_level_id":1,"msg":"saving checkpoint snapshot min: 3794, snapshot max: 3794 snapshot count: 0, oldest timestamp: (1772007702, 1) , meta checkpoint timestamp: (1772008002, 1) base write gen: 556601"}}}
{"t":{"$date":"2026-02-25T13:57:27.588+05:30"},"s":"I",  "c":"NETWORK",  "id":22943,   "ctx":"listener","msg":"Connection accepted","attr":{"remote":"127.0.0.1:50531","uuid":"e336331e-cafe-4a6f-9002-a4bcb57673e0","connectionId":28,"connectionCount":1}}
{"t":{"$date":"2026-02-25T13:57:27.600+05:30"},"s":"I",  "c":"NETWORK",  "id":51800,   "ctx":"conn28","msg":"client metadata","attr":{"remote":"127.0.0.1:50531","client":"conn28","negotiatedCompressors":[],"doc":{"driver":{"name":"mongo-rust-driver|Prisma","version":"3.0.0"},"os":{"type":"macos","architecture":"aarch64"},"platform":"rustc 1.82.0 (f6e511eec 2024-10-15) with tokio"}}}
{"t":{"$date":"2026-02-25T13:57:27.607+05:30"},"s":"I",  "c":"NETWORK",  "id":22943,   "ctx":"listener","msg":"Connection accepted","attr":{"remote":"127.0.0.1:50533","uuid":"29951c37-7c4c-49fe-8e0f-484150659875","connectionId":29,"connectionCount":2}}
{"t":{"$date":"2026-02-25T13:57:27.607+05:30"},"s":"I",  "c":"NETWORK",  "id":51800,   "ctx":"conn29","msg":"client metadata","attr":{"remote":"127.0.0.1:50533","client":"conn29","negotiatedCompressors":[],"doc":{"driver":{"name":"mongo-rust-driver|Prisma","version":"3.0.0"},"os":{"type":"macos","architecture":"aarch64"},"platform":"rustc 1.82.0 (f6e511eec 2024-10-15) with tokio"}}}
{"t":{"$date":"2026-02-25T13:57:27.612+05:30"},"s":"I",  "c":"NETWORK",  "id":22943,   "ctx":"listener","msg":"Connection accepted","attr":{"remote":"127.0.0.1:50535","uuid":"0801bcf6-500b-4a19-a2d1-bec5380c564e","connectionId":30,"connectionCount":3}}
{"t":{"$date":"2026-02-25T13:57:27.613+05:30"},"s":"I",  "c":"NETWORK",  "id":51800,   "ctx":"conn30","msg":"client metadata","attr":{"remote":"127.0.0.1:50535","client":"conn30","negotiatedCompressors":[],"doc":{"driver":{"name":"mongo-rust-driver|Prisma","version":"3.0.0"},"os":{"type":"macos","architecture":"aarch64"},"platform":"rustc 1.82.0 (f6e511eec 2024-10-15) with tokio"}}}
{"t":{"$date":"2026-02-25T13:57:49.119+05:30"},"s":"I",  "c":"WTCHKPT",  "id":22430,   "ctx":"Checkpointer","msg":"WiredTiger message","attr":{"message":{"ts_sec":1772008069,"ts_usec":119642,"thread":"67409:0x30dd83000","session_name":"WT_SESSION.checkpoint","category":"WT_VERB_CHECKPOINT_PROGRESS","category_id":6,"verbose_level":"DEBUG","verbose_level_id":1,"msg":"saving checkpoint snapshot min: 3811, snapshot max: 3811 snapshot count: 0, oldest timestamp: (1772007762, 1) , meta checkpoint timestamp: (1772008062, 1) base write gen: 556601"}}}
{"t":{"$date":"2026-02-25T13:58:49.231+05:30"},"s":"I",  "c":"WTCHKPT",  "id":22430,   "ctx":"Checkpointer","msg":"WiredTiger message","attr":{"message":{"ts_sec":1772008129,"ts_usec":227270,"thread":"67409:0x30dd83000","session_name":"WT_SESSION.checkpoint","category":"WT_VERB_CHECKPOINT_PROGRESS","category_id":6,"verbose_level":"DEBUG","verbose_level_id":1,"msg":"saving checkpoint snapshot min: 3826, snapshot max: 3826 snapshot count: 0, oldest timestamp: (1772007822, 1) , meta checkpoint timestamp: (1772008122, 1) base write gen: 556601"}}}
{"t":{"$date":"2026-02-25T13:59:49.326+05:30"},"s":"I",  "c":"WTCHKPT",  "id":22430,   "ctx":"Checkpointer","msg":"WiredTiger message","attr":{"message":{"ts_sec":1772008189,"ts_usec":326250,"thread":"67409:0x30dd83000","session_name":"WT_SESSION.checkpoint","category":"WT_VERB_CHECKPOINT_PROGRESS","category_id":6,"verbose_level":"DEBUG","verbose_level_id":1,"msg":"saving checkpoint snapshot min: 3841, snapshot max: 3841 snapshot count: 0, oldest timestamp: (1772007882, 1) , meta checkpoint timestamp: (1772008182, 1) base write gen: 556601"}}}
{"t":{"$date":"2026-02-25T14:00:49.451+05:30"},"s":"I",  "c":"WTCHKPT",  "id":22430,   "ctx":"Checkpointer","msg":"WiredTiger message","attr":{"message":{"ts_sec":1772008249,"ts_usec":451778,"thread":"67409:0x30dd83000","session_name":"WT_SESSION.checkpoint","category":"WT_VERB_CHECKPOINT_PROGRESS","category_id":6,"verbose_level":"DEBUG","verbose_level_id":1,"msg":"saving checkpoint snapshot min: 3856, snapshot max: 3856 snapshot count: 0, oldest timestamp: (1772007942, 1) , meta checkpoint timestamp: (1772008242, 1) base write gen: 556601"}}}
{"t":{"$date":"2026-02-25T14:01:49.554+05:30"},"s":"I",  "c":"WTCHKPT",  "id":22430,   "ctx":"Checkpointer","msg":"WiredTiger message","attr":{"message":{"ts_sec":1772008309,"ts_usec":554642,"thread":"67409:0x30dd83000","session_name":"WT_SESSION.checkpoint","category":"WT_VERB_CHECKPOINT_PROGRESS","category_id":6,"verbose_level":"DEBUG","verbose_level_id":1,"msg":"saving checkpoint snapshot min: 3873, snapshot max: 3873 snapshot count: 0, oldest timestamp: (1772008006, 1) , meta checkpoint timestamp: (1772008306, 1) base write gen: 556601"}}}
{"t":{"$date":"2026-02-25T14:02:49.664+05:30"},"s":"I",  "c":"WTCHKPT",  "id":22430,   "ctx":"Checkpointer","msg":"WiredTiger message","attr":{"message":{"ts_sec":1772008369,"ts_usec":659713,"thread":"67409:0x30dd83000","session_name":"WT_SESSION.checkpoint","category":"WT_VERB_CHECKPOINT_PROGRESS","category_id":6,"verbose_level":"DEBUG","verbose_level_id":1,"msg":"saving checkpoint snapshot min: 3886, snapshot max: 3886 snapshot count: 0, oldest timestamp: (1772008062, 1) , meta checkpoint timestamp: (1772008362, 1) base write gen: 556601"}}}
{"t":{"$date":"2026-02-25T14:03:49.846+05:30"},"s":"I",  "c":"WTCHKPT",  "id":22430,   "ctx":"Checkpointer","msg":"WiredTiger message","attr":{"message":{"ts_sec":1772008429,"ts_usec":846697,"thread":"67409:0x30dd83000","session_name":"WT_SESSION.checkpoint","category":"WT_VERB_CHECKPOINT_PROGRESS","category_id":6,"verbose_level":"DEBUG","verbose_level_id":1,"msg":"saving checkpoint snapshot min: 3901, snapshot max: 3901 snapshot count: 0, oldest timestamp: (1772008122, 1) , meta checkpoint timestamp: (1772008422, 1) base write gen: 556601"}}}
{"t":{"$date":"2026-02-25T14:04:49.967+05:30"},"s":"I",  "c":"WTCHKPT",  "id":22430,   "ctx":"Checkpointer","msg":"WiredTiger message","attr":{"message":{"ts_sec":1772008489,"ts_usec":967736,"thread":"67409:0x30dd83000","session_name":"WT_SESSION.checkpoint","category":"WT_VERB_CHECKPOINT_PROGRESS","category_id":6,"verbose_level":"DEBUG","verbose_level_id":1,"msg":"saving checkpoint snapshot min: 3916, snapshot max: 3916 snapshot count: 0, oldest timestamp: (1772008182, 1) , meta checkpoint timestamp: (1772008482, 1) base write gen: 556601"}}}
{"t":{"$date":"2026-02-25T14:05:50.089+05:30"},"s":"I",  "c":"WTCHKPT",  "id":22430,   "ctx":"Checkpointer","msg":"WiredTiger message","attr":{"message":{"ts_sec":1772008550,"ts_usec":89298,"thread":"67409:0x30dd83000","session_name":"WT_SESSION.checkpoint","category":"WT_VERB_CHECKPOINT_PROGRESS","category_id":6,"verbose_level":"DEBUG","verbose_level_id":1,"msg":"saving checkpoint snapshot min: 3931, snapshot max: 3931 snapshot count: 0, oldest timestamp: (1772008242, 1) , meta checkpoint timestamp: (1772008542, 1) base write gen: 556601"}}}
{"t":{"$date":"2026-02-25T14:06:50.231+05:30"},"s":"I",  "c":"WTCHKPT",  "id":22430,   "ctx":"Checkpointer","msg":"WiredTiger message","attr":{"message":{"ts_sec":1772008610,"ts_usec":231409,"thread":"67409:0x30dd83000","session_name":"WT_SESSION.checkpoint","category":"WT_VERB_CHECKPOINT_PROGRESS","category_id":6,"verbose_level":"DEBUG","verbose_level_id":1,"msg":"saving checkpoint snapshot min: 3949, snapshot max: 3949 snapshot count: 0, oldest timestamp: (1772008309, 2) , meta checkpoint timestamp: (1772008609, 2) base write gen: 556601"}}}
{"t":{"$date":"2026-02-25T14:07:50.343+05:30"},"s":"I",  "c":"WTCHKPT",  "id":22430,   "ctx":"Checkpointer","msg":"WiredTiger message","attr":{"message":{"ts_sec":1772008670,"ts_usec":340926,"thread":"67409:0x30dd83000","session_name":"WT_SESSION.checkpoint","category":"WT_VERB_CHECKPOINT_PROGRESS","category_id":6,"verbose_level":"DEBUG","verbose_level_id":1,"msg":"saving checkpoint snapshot min: 3962, snapshot max: 3962 snapshot count: 0, oldest timestamp: (1772008362, 1) , meta checkpoint timestamp: (1772008662, 1) base write gen: 556601"}}}
{"t":{"$date":"2026-02-25T14:08:50.443+05:30"},"s":"I",  "c":"WTCHKPT",  "id":22430,   "ctx":"Checkpointer","msg":"WiredTiger message","attr":{"message":{"ts_sec":1772008730,"ts_usec":438808,"thread":"67409:0x30dd83000","session_name":"WT_SESSION.checkpoint","category":"WT_VERB_CHECKPOINT_PROGRESS","category_id":6,"verbose_level":"DEBUG","verbose_level_id":1,"msg":"saving checkpoint snapshot min: 3977, snapshot max: 3977 snapshot count: 0, oldest timestamp: (1772008422, 1) , meta checkpoint timestamp: (1772008722, 1) base write gen: 556601"}}}
{"t":{"$date":"2026-02-25T14:09:50.544+05:30"},"s":"I",  "c":"WTCHKPT",  "id":22430,   "ctx":"Checkpointer","msg":"WiredTiger message","attr":{"message":{"ts_sec":1772008790,"ts_usec":544414,"thread":"67409:0x30dd83000","session_name":"WT_SESSION.checkpoint","category":"WT_VERB_CHECKPOINT_PROGRESS","category_id":6,"verbose_level":"DEBUG","verbose_level_id":1,"msg":"saving checkpoint snapshot min: 3992, snapshot max: 3992 snapshot count: 0, oldest timestamp: (1772008482, 1) , meta checkpoint timestamp: (1772008782, 1) base write gen: 556601"}}}
{"t":{"$date":"2026-02-25T14:10:50.689+05:30"},"s":"I",  "c":"WTCHKPT",  "id":22430,   "ctx":"Checkpointer","msg":"WiredTiger message","attr":{"message":{"ts_sec":1772008850,"ts_usec":688951,"thread":"67409:0x30dd83000","session_name":"WT_SESSION.checkpoint","category":"WT_VERB_CHECKPOINT_PROGRESS","category_id":6,"verbose_level":"DEBUG","verbose_level_id":1,"msg":"saving checkpoint snapshot min: 4007, snapshot max: 4007 snapshot count: 0, oldest timestamp: (1772008542, 1) , meta checkpoint timestamp: (1772008842, 1) base write gen: 556601"}}}
{"t":{"$date":"2026-02-25T14:11:50.816+05:30"},"s":"I",  "c":"WTCHKPT",  "id":22430,   "ctx":"Checkpointer","msg":"WiredTiger message","attr":{"message":{"ts_sec":1772008910,"ts_usec":815973,"thread":"67409:0x30dd83000","session_name":"WT_SESSION.checkpoint","category":"WT_VERB_CHECKPOINT_PROGRESS","category_id":6,"verbose_level":"DEBUG","verbose_level_id":1,"msg":"saving checkpoint snapshot min: 4025, snapshot max: 4025 snapshot count: 0, oldest timestamp: (1772008606, 2) , meta checkpoint timestamp: (1772008906, 2) base write gen: 556601"}}}
{"t":{"$date":"2026-02-25T14:12:50.934+05:30"},"s":"I",  "c":"WTCHKPT",  "id":22430,   "ctx":"Checkpointer","msg":"WiredTiger message","attr":{"message":{"ts_sec":1772008970,"ts_usec":934306,"thread":"67409:0x30dd83000","session_name":"WT_SESSION.checkpoint","category":"WT_VERB_CHECKPOINT_PROGRESS","category_id":6,"verbose_level":"DEBUG","verbose_level_id":1,"msg":"saving checkpoint snapshot min: 4038, snapshot max: 4038 snapshot count: 0, oldest timestamp: (1772008662, 1) , meta checkpoint timestamp: (1772008962, 1) base write gen: 556601"}}}
{"t":{"$date":"2026-02-25T14:13:49.164+05:30"},"s":"I",  "c":"NETWORK",  "id":22943,   "ctx":"listener","msg":"Connection accepted","attr":{"remote":"127.0.0.1:50777","uuid":"9dabef51-9bd3-47c4-a687-3e0aa7b8d564","connectionId":31,"connectionCount":4}}
{"t":{"$date":"2026-02-25T14:13:49.172+05:30"},"s":"I",  "c":"NETWORK",  "id":51800,   "ctx":"conn31","msg":"client metadata","attr":{"remote":"127.0.0.1:50777","client":"conn31","negotiatedCompressors":[],"doc":{"driver":{"name":"mongo-rust-driver|Prisma","version":"3.0.0"},"os":{"type":"macos","architecture":"aarch64"},"platform":"rustc 1.82.0 (f6e511eec 2024-10-15) with tokio"}}}
{"t":{"$date":"2026-02-25T14:13:49.174+05:30"},"s":"I",  "c":"NETWORK",  "id":22943,   "ctx":"listener","msg":"Connection accepted","attr":{"remote":"127.0.0.1:50780","uuid":"d215a56e-a756-4fd4-bb56-2ddcf65201dd","connectionId":32,"connectionCount":5}}
{"t":{"$date":"2026-02-25T14:13:49.174+05:30"},"s":"I",  "c":"NETWORK",  "id":22943,   "ctx":"listener","msg":"Connection accepted","attr":{"remote":"127.0.0.1:50781","uuid":"b4ac9c25-02e1-4863-907e-0fcf5190f8e3","connectionId":33,"connectionCount":6}}
{"t":{"$date":"2026-02-25T14:13:49.174+05:30"},"s":"I",  "c":"NETWORK",  "id":51800,   "ctx":"conn32","msg":"client metadata","attr":{"remote":"127.0.0.1:50780","client":"conn32","negotiatedCompressors":[],"doc":{"driver":{"name":"mongo-rust-driver|Prisma","version":"3.0.0"},"os":{"type":"macos","architecture":"aarch64"},"platform":"rustc 1.82.0 (f6e511eec 2024-10-15) with tokio"}}}
{"t":{"$date":"2026-02-25T14:13:49.175+05:30"},"s":"I",  "c":"NETWORK",  "id":51800,   "ctx":"conn33","msg":"client metadata","attr":{"remote":"127.0.0.1:50781","client":"conn33","negotiatedCompressors":[],"doc":{"driver":{"name":"mongo-rust-driver|Prisma","version":"3.0.0"},"os":{"type":"macos","architecture":"aarch64"},"platform":"rustc 1.82.0 (f6e511eec 2024-10-15) with tokio"}}}
{"t":{"$date":"2026-02-25T14:13:51.022+05:30"},"s":"I",  "c":"WTCHKPT",  "id":22430,   "ctx":"Checkpointer","msg":"WiredTiger message","attr":{"message":{"ts_sec":1772009031,"ts_usec":22718,"thread":"67409:0x30dd83000","session_name":"WT_SESSION.checkpoint","category":"WT_VERB_CHECKPOINT_PROGRESS","category_id":6,"verbose_level":"DEBUG","verbose_level_id":1,"msg":"saving checkpoint snapshot min: 4053, snapshot max: 4053 snapshot count: 0, oldest timestamp: (1772008722, 1) , meta checkpoint timestamp: (1772009022, 1) base write gen: 556601"}}}
{"t":{"$date":"2026-02-25T14:14:51.172+05:30"},"s":"I",  "c":"WTCHKPT",  "id":22430,   "ctx":"Checkpointer","msg":"WiredTiger message","attr":{"message":{"ts_sec":1772009091,"ts_usec":172832,"thread":"67409:0x30dd83000","session_name":"WT_SESSION.checkpoint","category":"WT_VERB_CHECKPOINT_PROGRESS","category_id":6,"verbose_level":"DEBUG","verbose_level_id":1,"msg":"saving checkpoint snapshot min: 4068, snapshot max: 4068 snapshot count: 0, oldest timestamp: (1772008782, 1) , meta checkpoint timestamp: (1772009082, 1) base write gen: 556601"}}}
{"t":{"$date":"2026-02-25T14:15:51.341+05:30"},"s":"I",  "c":"WTCHKPT",  "id":22430,   "ctx":"Checkpointer","msg":"WiredTiger message","attr":{"message":{"ts_sec":1772009151,"ts_usec":335877,"thread":"67409:0x30dd83000","session_name":"WT_SESSION.checkpoint","category":"WT_VERB_CHECKPOINT_PROGRESS","category_id":6,"verbose_level":"DEBUG","verbose_level_id":1,"msg":"saving checkpoint snapshot min: 4083, snapshot max: 4083 snapshot count: 0, oldest timestamp: (1772008842, 1) , meta checkpoint timestamp: (1772009142, 1) base write gen: 556601"}}}
{"t":{"$date":"2026-02-25T14:16:51.470+05:30"},"s":"I",  "c":"WTCHKPT",  "id":22430,   "ctx":"Checkpointer","msg":"WiredTiger message","attr":{"message":{"ts_sec":1772009211,"ts_usec":465567,"thread":"67409:0x30dd83000","session_name":"WT_SESSION.checkpoint","category":"WT_VERB_CHECKPOINT_PROGRESS","category_id":6,"verbose_level":"DEBUG","verbose_level_id":1,"msg":"saving checkpoint snapshot min: 4100, snapshot max: 4100 snapshot count: 0, oldest timestamp: (1772008906, 1) , meta checkpoint timestamp: (1772009206, 1) base write gen: 556601"}}}
{"t":{"$date":"2026-02-25T14:17:51.574+05:30"},"s":"I",  "c":"WTCHKPT",  "id":22430,   "ctx":"Checkpointer","msg":"WiredTiger message","attr":{"message":{"ts_sec":1772009271,"ts_usec":574458,"thread":"67409:0x30dd83000","session_name":"WT_SESSION.checkpoint","category":"WT_VERB_CHECKPOINT_PROGRESS","category_id":6,"verbose_level":"DEBUG","verbose_level_id":1,"msg":"saving checkpoint snapshot min: 4113, snapshot max: 4113 snapshot count: 0, oldest timestamp: (1772008962, 1) , meta checkpoint timestamp: (1772009262, 1) base write gen: 556601"}}}
{"t":{"$date":"2026-02-25T14:18:51.634+05:30"},"s":"I",  "c":"WTCHKPT",  "id":22430,   "ctx":"Checkpointer","msg":"WiredTiger message","attr":{"message":{"ts_sec":1772009331,"ts_usec":634527,"thread":"67409:0x30dd83000","session_name":"WT_SESSION.checkpoint","category":"WT_VERB_CHECKPOINT_PROGRESS","category_id":6,"verbose_level":"DEBUG","verbose_level_id":1,"msg":"saving checkpoint snapshot min: 4128, snapshot max: 4128 snapshot count: 0, oldest timestamp: (1772009022, 1) , meta checkpoint timestamp: (1772009322, 1) base write gen: 556601"}}}
{"t":{"$date":"2026-02-25T14:19:51.729+05:30"},"s":"I",  "c":"WTCHKPT",  "id":22430,   "ctx":"Checkpointer","msg":"WiredTiger message","attr":{"message":{"ts_sec":1772009391,"ts_usec":729450,"thread":"67409:0x30dd83000","session_name":"WT_SESSION.checkpoint","category":"WT_VERB_CHECKPOINT_PROGRESS","category_id":6,"verbose_level":"DEBUG","verbose_level_id":1,"msg":"saving checkpoint snapshot min: 4143, snapshot max: 4143 snapshot count: 0, oldest timestamp: (1772009082, 1) , meta checkpoint timestamp: (1772009382, 1) base write gen: 556601"}}}
{"t":{"$date":"2026-02-25T14:20:51.865+05:30"},"s":"I",  "c":"WTCHKPT",  "id":22430,   "ctx":"Checkpointer","msg":"WiredTiger message","attr":{"message":{"ts_sec":1772009451,"ts_usec":865102,"thread":"67409:0x30dd83000","session_name":"WT_SESSION.checkpoint","category":"WT_VERB_CHECKPOINT_PROGRESS","category_id":6,"verbose_level":"DEBUG","verbose_level_id":1,"msg":"saving checkpoint snapshot min: 4158, snapshot max: 4158 snapshot count: 0, oldest timestamp: (1772009142, 1) , meta checkpoint timestamp: (1772009442, 1) base write gen: 556601"}}}
{"t":{"$date":"2026-02-25T14:21:51.980+05:30"},"s":"I",  "c":"WTCHKPT",  "id":22430,   "ctx":"Checkpointer","msg":"WiredTiger message","attr":{"message":{"ts_sec":1772009511,"ts_usec":980734,"thread":"67409:0x30dd83000","session_name":"WT_SESSION.checkpoint","category":"WT_VERB_CHECKPOINT_PROGRESS","category_id":6,"verbose_level":"DEBUG","verbose_level_id":1,"msg":"saving checkpoint snapshot min: 4175, snapshot max: 4175 snapshot count: 0, oldest timestamp: (1772009206, 1) , meta checkpoint timestamp: (1772009506, 1) base write gen: 556601"}}}
{"t":{"$date":"2026-02-25T14:22:52.089+05:30"},"s":"I",  "c":"WTCHKPT",  "id":22430,   "ctx":"Checkpointer","msg":"WiredTiger message","attr":{"message":{"ts_sec":1772009572,"ts_usec":89035,"thread":"67409:0x30dd83000","session_name":"WT_SESSION.checkpoint","category":"WT_VERB_CHECKPOINT_PROGRESS","category_id":6,"verbose_level":"DEBUG","verbose_level_id":1,"msg":"saving checkpoint snapshot min: 4188, snapshot max: 4188 snapshot count: 0, oldest timestamp: (1772009262, 1) , meta checkpoint timestamp: (1772009562, 1) base write gen: 556601"}}}
{"t":{"$date":"2026-02-25T14:23:52.210+05:30"},"s":"I",  "c":"WTCHKPT",  "id":22430,   "ctx":"Checkpointer","msg":"WiredTiger message","attr":{"message":{"ts_sec":1772009632,"ts_usec":210231,"thread":"67409:0x30dd83000","session_name":"WT_SESSION.checkpoint","category":"WT_VERB_CHECKPOINT_PROGRESS","category_id":6,"verbose_level":"DEBUG","verbose_level_id":1,"msg":"saving checkpoint snapshot min: 4203, snapshot max: 4203 snapshot count: 0, oldest timestamp: (1772009322, 1) , meta checkpoint timestamp: (1772009622, 1) base write gen: 556601"}}}
{"t":{"$date":"2026-02-25T14:24:52.332+05:30"},"s":"I",  "c":"WTCHKPT",  "id":22430,   "ctx":"Checkpointer","msg":"WiredTiger message","attr":{"message":{"ts_sec":1772009692,"ts_usec":331953,"thread":"67409:0x30dd83000","session_name":"WT_SESSION.checkpoint","category":"WT_VERB_CHECKPOINT_PROGRESS","category_id":6,"verbose_level":"DEBUG","verbose_level_id":1,"msg":"saving checkpoint snapshot min: 4218, snapshot max: 4218 snapshot count: 0, oldest timestamp: (1772009382, 1) , meta checkpoint timestamp: (1772009682, 1) base write gen: 556601"}}}
{"t":{"$date":"2026-02-25T14:25:52.483+05:30"},"s":"I",  "c":"WTCHKPT",  "id":22430,   "ctx":"Checkpointer","msg":"WiredTiger message","attr":{"message":{"ts_sec":1772009752,"ts_usec":483358,"thread":"67409:0x30dd83000","session_name":"WT_SESSION.checkpoint","category":"WT_VERB_CHECKPOINT_PROGRESS","category_id":6,"verbose_level":"DEBUG","verbose_level_id":1,"msg":"saving checkpoint snapshot min: 4233, snapshot max: 4233 snapshot count: 0, oldest timestamp: (1772009442, 1) , meta checkpoint timestamp: (1772009742, 1) base write gen: 556601"}}}
{"t":{"$date":"2026-02-25T14:26:52.567+05:30"},"s":"I",  "c":"WTCHKPT",  "id":22430,   "ctx":"Checkpointer","msg":"WiredTiger message","attr":{"message":{"ts_sec":1772009812,"ts_usec":567414,"thread":"67409:0x30dd83000","session_name":"WT_SESSION.checkpoint","category":"WT_VERB_CHECKPOINT_PROGRESS","category_id":6,"verbose_level":"DEBUG","verbose_level_id":1,"msg":"saving checkpoint snapshot min: 4248, snapshot max: 4248 snapshot count: 0, oldest timestamp: (1772009502, 1) , meta checkpoint timestamp: (1772009802, 1) base write gen: 556601"}}}
{"t":{"$date":"2026-02-25T14:27:52.706+05:30"},"s":"I",  "c":"WTCHKPT",  "id":22430,   "ctx":"Checkpointer","msg":"WiredTiger message","attr":{"message":{"ts_sec":1772009872,"ts_usec":706494,"thread":"67409:0x30dd83000","session_name":"WT_SESSION.checkpoint","category":"WT_VERB_CHECKPOINT_PROGRESS","category_id":6,"verbose_level":"DEBUG","verbose_level_id":1,"msg":"saving checkpoint snapshot min: 4263, snapshot max: 4263 snapshot count: 0, oldest timestamp: (1772009562, 1) , meta checkpoint timestamp: (1772009862, 1) base write gen: 556601"}}}
{"t":{"$date":"2026-02-25T14:28:52.805+05:30"},"s":"I",  "c":"WTCHKPT",  "id":22430,   "ctx":"Checkpointer","msg":"WiredTiger message","attr":{"message":{"ts_sec":1772009932,"ts_usec":805017,"thread":"67409:0x30dd83000","session_name":"WT_SESSION.checkpoint","category":"WT_VERB_CHECKPOINT_PROGRESS","category_id":6,"verbose_level":"DEBUG","verbose_level_id":1,"msg":"saving checkpoint snapshot min: 4278, snapshot max: 4278 snapshot count: 0, oldest timestamp: (1772009622, 1) , meta checkpoint timestamp: (1772009922, 1) base write gen: 556601"}}}
{"t":{"$date":"2026-02-25T14:29:53.023+05:30"},"s":"I",  "c":"WTCHKPT",  "id":22430,   "ctx":"Checkpointer","msg":"WiredTiger message","attr":{"message":{"ts_sec":1772009993,"ts_usec":22883,"thread":"67409:0x30dd83000","session_name":"WT_SESSION.checkpoint","category":"WT_VERB_CHECKPOINT_PROGRESS","category_id":6,"verbose_level":"DEBUG","verbose_level_id":1,"msg":"saving checkpoint snapshot min: 4295, snapshot max: 4295 snapshot count: 0, oldest timestamp: (1772009692, 1) , meta checkpoint timestamp: (1772009982, 1) base write gen: 556601"}}}
{"t":{"$date":"2026-02-25T14:30:53.116+05:30"},"s":"I",  "c":"WTCHKPT",  "id":22430,   "ctx":"Checkpointer","msg":"WiredTiger message","attr":{"message":{"ts_sec":1772010053,"ts_usec":115962,"thread":"67409:0x30dd83000","session_name":"WT_SESSION.checkpoint","category":"WT_VERB_CHECKPOINT_PROGRESS","category_id":6,"verbose_level":"DEBUG","verbose_level_id":1,"msg":"saving checkpoint snapshot min: 4310, snapshot max: 4310 snapshot count: 0, oldest timestamp: (1772009752, 1) , meta checkpoint timestamp: (1772010052, 1) base write gen: 556601"}}}
{"t":{"$date":"2026-02-25T14:31:53.258+05:30"},"s":"I",  "c":"WTCHKPT",  "id":22430,   "ctx":"Checkpointer","msg":"WiredTiger message","attr":{"message":{"ts_sec":1772010113,"ts_usec":258795,"thread":"67409:0x30dd83000","session_name":"WT_SESSION.checkpoint","category":"WT_VERB_CHECKPOINT_PROGRESS","category_id":6,"verbose_level":"DEBUG","verbose_level_id":1,"msg":"saving checkpoint snapshot min: 4327, snapshot max: 4327 snapshot count: 0, oldest timestamp: (1772009809, 1) , meta checkpoint timestamp: (1772010109, 1) base write gen: 556601"}}}
{"t":{"$date":"2026-02-25T14:32:53.360+05:30"},"s":"I",  "c":"WTCHKPT",  "id":22430,   "ctx":"Checkpointer","msg":"WiredTiger message","attr":{"message":{"ts_sec":1772010173,"ts_usec":360189,"thread":"67409:0x30dd83000","session_name":"WT_SESSION.checkpoint","category":"WT_VERB_CHECKPOINT_PROGRESS","category_id":6,"verbose_level":"DEBUG","verbose_level_id":1,"msg":"saving checkpoint snapshot min: 4342, snapshot max: 4342 snapshot count: 0, oldest timestamp: (1772009872, 1) , meta checkpoint timestamp: (1772010172, 1) base write gen: 556601"}}}
{"t":{"$date":"2026-02-25T14:33:53.485+05:30"},"s":"I",  "c":"WTCHKPT",  "id":22430,   "ctx":"Checkpointer","msg":"WiredTiger message","attr":{"message":{"ts_sec":1772010233,"ts_usec":485660,"thread":"67409:0x30dd83000","session_name":"WT_SESSION.checkpoint","category":"WT_VERB_CHECKPOINT_PROGRESS","category_id":6,"verbose_level":"DEBUG","verbose_level_id":1,"msg":"saving checkpoint snapshot min: 4357, snapshot max: 4357 snapshot count: 0, oldest timestamp: (1772009932, 1) , meta checkpoint timestamp: (1772010232, 1) base write gen: 556601"}}}
{"t":{"$date":"2026-02-25T14:34:53.645+05:30"},"s":"I",  "c":"WTCHKPT",  "id":22430,   "ctx":"Checkpointer","msg":"WiredTiger message","attr":{"message":{"ts_sec":1772010293,"ts_usec":641786,"thread":"67409:0x30dd83000","session_name":"WT_SESSION.checkpoint","category":"WT_VERB_CHECKPOINT_PROGRESS","category_id":6,"verbose_level":"DEBUG","verbose_level_id":1,"msg":"saving checkpoint snapshot min: 4372, snapshot max: 4372 snapshot count: 0, oldest timestamp: (1772009993, 1) , meta checkpoint timestamp: (1772010293, 1) base write gen: 556601"}}}
{"t":{"$date":"2026-02-25T14:36:12.238+05:30"},"s":"I",  "c":"WTCHKPT",  "id":22430,   "ctx":"Checkpointer","msg":"WiredTiger message","attr":{"message":{"ts_sec":1772010372,"ts_usec":234963,"thread":"67409:0x30dd83000","session_name":"WT_SESSION.checkpoint","category":"WT_VERB_CHECKPOINT_PROGRESS","category_id":6,"verbose_level":"DEBUG","verbose_level_id":1,"msg":"saving checkpoint snapshot min: 4387, snapshot max: 4387 snapshot count: 0, oldest timestamp: (1772010071, 1) , meta checkpoint timestamp: (1772010371, 1) base write gen: 556601"}}}
{"t":{"$date":"2026-02-25T15:22:11.544+05:30"},"s":"I",  "c":"WTCHKPT",  "id":22430,   "ctx":"Checkpointer","msg":"WiredTiger message","attr":{"message":{"ts_sec":1772013131,"ts_usec":539545,"thread":"67409:0x30dd83000","session_name":"WT_SESSION.checkpoint","category":"WT_VERB_CHECKPOINT_PROGRESS","category_id":6,"verbose_level":"DEBUG","verbose_level_id":1,"msg":"saving checkpoint snapshot min: 4409, snapshot max: 4409 snapshot count: 0, oldest timestamp: (1772012055, 1) , meta checkpoint timestamp: (1772012355, 1) base write gen: 556601"}}}
{"t":{"$date":"2026-02-25T15:23:11.863+05:30"},"s":"I",  "c":"WTCHKPT",  "id":22430,   "ctx":"Checkpointer","msg":"WiredTiger message","attr":{"message":{"ts_sec":1772013191,"ts_usec":859300,"thread":"67409:0x30dd83000","session_name":"WT_SESSION.checkpoint","category":"WT_VERB_CHECKPOINT_PROGRESS","category_id":6,"verbose_level":"DEBUG","verbose_level_id":1,"msg":"saving checkpoint snapshot min: 4424, snapshot max: 4424 snapshot count: 0, oldest timestamp: (1772012890, 1) , meta checkpoint timestamp: (1772013190, 1) base write gen: 556601"}}}
{"t":{"$date":"2026-02-25T15:24:11.971+05:30"},"s":"I",  "c":"WTCHKPT",  "id":22430,   "ctx":"Checkpointer","msg":"WiredTiger message","attr":{"message":{"ts_sec":1772013251,"ts_usec":971088,"thread":"67409:0x30dd83000","session_name":"WT_SESSION.checkpoint","category":"WT_VERB_CHECKPOINT_PROGRESS","category_id":6,"verbose_level":"DEBUG","verbose_level_id":1,"msg":"saving checkpoint snapshot min: 4439, snapshot max: 4439 snapshot count: 0, oldest timestamp: (1772012950, 1) , meta checkpoint timestamp: (1772013250, 1) base write gen: 556601"}}}
{"t":{"$date":"2026-02-25T15:25:12.083+05:30"},"s":"I",  "c":"WTCHKPT",  "id":22430,   "ctx":"Checkpointer","msg":"WiredTiger message","attr":{"message":{"ts_sec":1772013312,"ts_usec":83211,"thread":"67409:0x30dd83000","session_name":"WT_SESSION.checkpoint","category":"WT_VERB_CHECKPOINT_PROGRESS","category_id":6,"verbose_level":"DEBUG","verbose_level_id":1,"msg":"saving checkpoint snapshot min: 4454, snapshot max: 4454 snapshot count: 0, oldest timestamp: (1772013010, 1) , meta checkpoint timestamp: (1772013310, 1) base write gen: 556601"}}}
{"t":{"$date":"2026-02-25T15:26:12.180+05:30"},"s":"I",  "c":"WTCHKPT",  "id":22430,   "ctx":"Checkpointer","msg":"WiredTiger message","attr":{"message":{"ts_sec":1772013372,"ts_usec":179986,"thread":"67409:0x30dd83000","session_name":"WT_SESSION.checkpoint","category":"WT_VERB_CHECKPOINT_PROGRESS","category_id":6,"verbose_level":"DEBUG","verbose_level_id":1,"msg":"saving checkpoint snapshot min: 4469, snapshot max: 4469 snapshot count: 0, oldest timestamp: (1772013070, 1) , meta checkpoint timestamp: (1772013370, 1) base write gen: 556601"}}}
{"t":{"$date":"2026-02-25T15:27:12.326+05:30"},"s":"I",  "c":"WTCHKPT",  "id":22430,   "ctx":"Checkpointer","msg":"WiredTiger message","attr":{"message":{"ts_sec":1772013432,"ts_usec":326184,"thread":"67409:0x30dd83000","session_name":"WT_SESSION.checkpoint","category":"WT_VERB_CHECKPOINT_PROGRESS","category_id":6,"verbose_level":"DEBUG","verbose_level_id":1,"msg":"saving checkpoint snapshot min: 4484, snapshot max: 4484 snapshot count: 0, oldest timestamp: (1772013131, 1) , meta checkpoint timestamp: (1772013431, 1) base write gen: 556601"}}}
{"t":{"$date":"2026-02-25T15:28:12.574+05:30"},"s":"I",  "c":"WTCHKPT",  "id":22430,   "ctx":"Checkpointer","msg":"WiredTiger message","attr":{"message":{"ts_sec":1772013492,"ts_usec":574078,"thread":"67409:0x30dd83000","session_name":"WT_SESSION.checkpoint","category":"WT_VERB_CHECKPOINT_PROGRESS","category_id":6,"verbose_level":"DEBUG","verbose_level_id":1,"msg":"saving checkpoint snapshot min: 4499, snapshot max: 4499 snapshot count: 0, oldest timestamp: (1772013191, 1) , meta checkpoint timestamp: (1772013491, 1) base write gen: 556601"}}}
{"t":{"$date":"2026-02-25T15:29:12.693+05:30"},"s":"I",  "c":"WTCHKPT",  "id":22430,   "ctx":"Checkpointer","msg":"WiredTiger message","attr":{"message":{"ts_sec":1772013552,"ts_usec":693192,"thread":"67409:0x30dd83000","session_name":"WT_SESSION.checkpoint","category":"WT_VERB_CHECKPOINT_PROGRESS","category_id":6,"verbose_level":"DEBUG","verbose_level_id":1,"msg":"saving checkpoint snapshot min: 4514, snapshot max: 4514 snapshot count: 0, oldest timestamp: (1772013251, 1) , meta checkpoint timestamp: (1772013551, 1) base write gen: 556601"}}}
{"t":{"$date":"2026-02-25T15:30:12.809+05:30"},"s":"I",  "c":"WTCHKPT",  "id":22430,   "ctx":"Checkpointer","msg":"WiredTiger message","attr":{"message":{"ts_sec":1772013612,"ts_usec":809520,"thread":"67409:0x30dd83000","session_name":"WT_SESSION.checkpoint","category":"WT_VERB_CHECKPOINT_PROGRESS","category_id":6,"verbose_level":"DEBUG","verbose_level_id":1,"msg":"saving checkpoint snapshot min: 4529, snapshot max: 4529 snapshot count: 0, oldest timestamp: (1772013311, 1) , meta checkpoint timestamp: (1772013611, 1) base write gen: 556601"}}}
{"t":{"$date":"2026-02-25T15:31:12.905+05:30"},"s":"I",  "c":"WTCHKPT",  "id":22430,   "ctx":"Checkpointer","msg":"WiredTiger message","attr":{"message":{"ts_sec":1772013672,"ts_usec":905588,"thread":"67409:0x30dd83000","session_name":"WT_SESSION.checkpoint","category":"WT_VERB_CHECKPOINT_PROGRESS","category_id":6,"verbose_level":"DEBUG","verbose_level_id":1,"msg":"saving checkpoint snapshot min: 4544, snapshot max: 4544 snapshot count: 0, oldest timestamp: (1772013371, 1) , meta checkpoint timestamp: (1772013671, 1) base write gen: 556601"}}}
{"t":{"$date":"2026-02-25T15:32:12.994+05:30"},"s":"I",  "c":"WTCHKPT",  "id":22430,   "ctx":"Checkpointer","msg":"WiredTiger message","attr":{"message":{"ts_sec":1772013732,"ts_usec":994580,"thread":"67409:0x30dd83000","session_name":"WT_SESSION.checkpoint","category":"WT_VERB_CHECKPOINT_PROGRESS","category_id":6,"verbose_level":"DEBUG","verbose_level_id":1,"msg":"saving checkpoint snapshot min: 4559, snapshot max: 4559 snapshot count: 0, oldest timestamp: (1772013431, 1) , meta checkpoint timestamp: (1772013731, 1) base write gen: 556601"}}}
{"t":{"$date":"2026-02-25T15:33:13.136+05:30"},"s":"I",  "c":"WTCHKPT",  "id":22430,   "ctx":"Checkpointer","msg":"WiredTiger message","attr":{"message":{"ts_sec":1772013793,"ts_usec":136290,"thread":"67409:0x30dd83000","session_name":"WT_SESSION.checkpoint","category":"WT_VERB_CHECKPOINT_PROGRESS","category_id":6,"verbose_level":"DEBUG","verbose_level_id":1,"msg":"saving checkpoint snapshot min: 4574, snapshot max: 4574 snapshot count: 0, oldest timestamp: (1772013491, 1) , meta checkpoint timestamp: (1772013791, 1) base write gen: 556601"}}}
{"t":{"$date":"2026-02-25T15:34:13.217+05:30"},"s":"I",  "c":"WTCHKPT",  "id":22430,   "ctx":"Checkpointer","msg":"WiredTiger message","attr":{"message":{"ts_sec":1772013853,"ts_usec":216910,"thread":"67409:0x30dd83000","session_name":"WT_SESSION.checkpoint","category":"WT_VERB_CHECKPOINT_PROGRESS","category_id":6,"verbose_level":"DEBUG","verbose_level_id":1,"msg":"saving checkpoint snapshot min: 4589, snapshot max: 4589 snapshot count: 0, oldest timestamp: (1772013551, 1) , meta checkpoint timestamp: (1772013851, 1) base write gen: 556601"}}}
{"t":{"$date":"2026-02-25T15:35:13.329+05:30"},"s":"I",  "c":"WTCHKPT",  "id":22430,   "ctx":"Checkpointer","msg":"WiredTiger message","attr":{"message":{"ts_sec":1772013913,"ts_usec":324707,"thread":"67409:0x30dd83000","session_name":"WT_SESSION.checkpoint","category":"WT_VERB_CHECKPOINT_PROGRESS","category_id":6,"verbose_level":"DEBUG","verbose_level_id":1,"msg":"saving checkpoint snapshot min: 4604, snapshot max: 4604 snapshot count: 0, oldest timestamp: (1772013611, 1) , meta checkpoint timestamp: (1772013911, 1) base write gen: 556601"}}}
{"t":{"$date":"2026-02-25T15:36:13.499+05:30"},"s":"I",  "c":"WTCHKPT",  "id":22430,   "ctx":"Checkpointer","msg":"WiredTiger message","attr":{"message":{"ts_sec":1772013973,"ts_usec":499339,"thread":"67409:0x30dd83000","session_name":"WT_SESSION.checkpoint","category":"WT_VERB_CHECKPOINT_PROGRESS","category_id":6,"verbose_level":"DEBUG","verbose_level_id":1,"msg":"saving checkpoint snapshot min: 4619, snapshot max: 4619 snapshot count: 0, oldest timestamp: (1772013671, 1) , meta checkpoint timestamp: (1772013971, 1) base write gen: 556601"}}}
{"t":{"$date":"2026-02-25T15:37:13.600+05:30"},"s":"I",  "c":"WTCHKPT",  "id":22430,   "ctx":"Checkpointer","msg":"WiredTiger message","attr":{"message":{"ts_sec":1772014033,"ts_usec":600044,"thread":"67409:0x30dd83000","session_name":"WT_SESSION.checkpoint","category":"WT_VERB_CHECKPOINT_PROGRESS","category_id":6,"verbose_level":"DEBUG","verbose_level_id":1,"msg":"saving checkpoint snapshot min: 4634, snapshot max: 4634 snapshot count: 0, oldest timestamp: (1772013731, 1) , meta checkpoint timestamp: (1772014031, 1) base write gen: 556601"}}}
{"t":{"$date":"2026-02-25T15:38:13.670+05:30"},"s":"I",  "c":"WTCHKPT",  "id":22430,   "ctx":"Checkpointer","msg":"WiredTiger message","attr":{"message":{"ts_sec":1772014093,"ts_usec":669892,"thread":"67409:0x30dd83000","session_name":"WT_SESSION.checkpoint","category":"WT_VERB_CHECKPOINT_PROGRESS","category_id":6,"verbose_level":"DEBUG","verbose_level_id":1,"msg":"saving checkpoint snapshot min: 4649, snapshot max: 4649 snapshot count: 0, oldest timestamp: (1772013791, 1) , meta checkpoint timestamp: (1772014091, 1) base write gen: 556601"}}}
{"t":{"$date":"2026-02-25T15:39:13.770+05:30"},"s":"I",  "c":"WTCHKPT",  "id":22430,   "ctx":"Checkpointer","msg":"WiredTiger message","attr":{"message":{"ts_sec":1772014153,"ts_usec":770610,"thread":"67409:0x30dd83000","session_name":"WT_SESSION.checkpoint","category":"WT_VERB_CHECKPOINT_PROGRESS","category_id":6,"verbose_level":"DEBUG","verbose_level_id":1,"msg":"saving checkpoint snapshot min: 4664, snapshot max: 4664 snapshot count: 0, oldest timestamp: (1772013851, 1) , meta checkpoint timestamp: (1772014151, 1) base write gen: 556601"}}}
{"t":{"$date":"2026-02-25T15:40:13.866+05:30"},"s":"I",  "c":"WTCHKPT",  "id":22430,   "ctx":"Checkpointer","msg":"WiredTiger message","attr":{"message":{"ts_sec":1772014213,"ts_usec":866495,"thread":"67409:0x30dd83000","session_name":"WT_SESSION.checkpoint","category":"WT_VERB_CHECKPOINT_PROGRESS","category_id":6,"verbose_level":"DEBUG","verbose_level_id":1,"msg":"saving checkpoint snapshot min: 4679, snapshot max: 4679 snapshot count: 0, oldest timestamp: (1772013907, 1) , meta checkpoint timestamp: (1772014207, 1) base write gen: 556601"}}}
{"t":{"$date":"2026-02-25T15:40:53.486+05:30"},"s":"I",  "c":"NETWORK",  "id":22944,   "ctx":"conn29","msg":"Connection ended","attr":{"remote":"127.0.0.1:50533","uuid":"29951c37-7c4c-49fe-8e0f-484150659875","connectionId":29,"connectionCount":5}}
{"t":{"$date":"2026-02-25T15:40:53.486+05:30"},"s":"I",  "c":"NETWORK",  "id":22944,   "ctx":"conn32","msg":"Connection ended","attr":{"remote":"127.0.0.1:50780","uuid":"d215a56e-a756-4fd4-bb56-2ddcf65201dd","connectionId":32,"connectionCount":2}}
{"t":{"$date":"2026-02-25T15:40:53.486+05:30"},"s":"I",  "c":"NETWORK",  "id":22944,   "ctx":"conn33","msg":"Connection ended","attr":{"remote":"127.0.0.1:50781","uuid":"b4ac9c25-02e1-4863-907e-0fcf5190f8e3","connectionId":33,"connectionCount":3}}
{"t":{"$date":"2026-02-25T15:40:53.486+05:30"},"s":"I",  "c":"NETWORK",  "id":22944,   "ctx":"conn30","msg":"Connection ended","attr":{"remote":"127.0.0.1:50535","uuid":"0801bcf6-500b-4a19-a2d1-bec5380c564e","connectionId":30,"connectionCount":4}}
{"t":{"$date":"2026-02-25T15:40:54.280+05:30"},"s":"W",  "c":"NETWORK",  "id":4615610, "ctx":"conn28","msg":"Failed to check socket connectivity","attr":{"error":{"code":6,"codeName":"HostUnreachable","errmsg":"Connection closed by peer"}}}
{"t":{"$date":"2026-02-25T15:40:54.283+05:30"},"s":"I",  "c":"-",        "id":20883,   "ctx":"conn28","msg":"Interrupted operation as its client disconnected","attr":{"opId":253650}}
{"t":{"$date":"2026-02-25T15:40:54.288+05:30"},"s":"I",  "c":"NETWORK",  "id":22944,   "ctx":"conn28","msg":"Connection ended","attr":{"remote":"127.0.0.1:50531","uuid":"e336331e-cafe-4a6f-9002-a4bcb57673e0","connectionId":28,"connectionCount":1}}
{"t":{"$date":"2026-02-25T15:40:54.292+05:30"},"s":"W",  "c":"NETWORK",  "id":4615610, "ctx":"conn31","msg":"Failed to check socket connectivity","attr":{"error":{"code":6,"codeName":"HostUnreachable","errmsg":"Connection closed by peer"}}}
{"t":{"$date":"2026-02-25T15:40:54.293+05:30"},"s":"I",  "c":"-",        "id":20883,   "ctx":"conn31","msg":"Interrupted operation as its client disconnected","attr":{"opId":253651}}
{"t":{"$date":"2026-02-25T15:40:54.295+05:30"},"s":"I",  "c":"NETWORK",  "id":22944,   "ctx":"conn31","msg":"Connection ended","attr":{"remote":"127.0.0.1:50777","uuid":"9dabef51-9bd3-47c4-a687-3e0aa7b8d564","connectionId":31,"connectionCount":0}}
{"t":{"$date":"2026-02-25T15:41:13.978+05:30"},"s":"I",  "c":"WTCHKPT",  "id":22430,   "ctx":"Checkpointer","msg":"WiredTiger message","attr":{"message":{"ts_sec":1772014273,"ts_usec":975644,"thread":"67409:0x30dd83000","session_name":"WT_SESSION.checkpoint","category":"WT_VERB_CHECKPOINT_PROGRESS","category_id":6,"verbose_level":"DEBUG","verbose_level_id":1,"msg":"saving checkpoint snapshot min: 4694, snapshot max: 4694 snapshot count: 0, oldest timestamp: (1772013971, 1) , meta checkpoint timestamp: (1772014271, 1) base write gen: 556601"}}}
{"t":{"$date":"2026-02-25T15:42:14.095+05:30"},"s":"I",  "c":"WTCHKPT",  "id":22430,   "ctx":"Checkpointer","msg":"WiredTiger message","attr":{"message":{"ts_sec":1772014334,"ts_usec":95508,"thread":"67409:0x30dd83000","session_name":"WT_SESSION.checkpoint","category":"WT_VERB_CHECKPOINT_PROGRESS","category_id":6,"verbose_level":"DEBUG","verbose_level_id":1,"msg":"saving checkpoint snapshot min: 4709, snapshot max: 4709 snapshot count: 0, oldest timestamp: (1772014024, 1) , meta checkpoint timestamp: (1772014324, 1) base write gen: 556601"}}}
{"t":{"$date":"2026-02-25T16:07:06.191+05:30"},"s":"I",  "c":"WTCHKPT",  "id":22430,   "ctx":"Checkpointer","msg":"WiredTiger message","attr":{"message":{"ts_sec":1772015826,"ts_usec":191136,"thread":"67409:0x30dd83000","session_name":"WT_SESSION.checkpoint","category":"WT_VERB_CHECKPOINT_PROGRESS","category_id":6,"verbose_level":"DEBUG","verbose_level_id":1,"msg":"saving checkpoint snapshot min: 4724, snapshot max: 4724 snapshot count: 0, oldest timestamp: (1772015523, 1) , meta checkpoint timestamp: (1772015823, 1) base write gen: 556601"}}}
{"t":{"$date":"2026-02-25T16:17:49.771+05:30"},"s":"I",  "c":"WTCHKPT",  "id":22430,   "ctx":"Checkpointer","msg":"WiredTiger message","attr":{"message":{"ts_sec":1772016469,"ts_usec":771570,"thread":"67409:0x30dd83000","session_name":"WT_SESSION.checkpoint","category":"WT_VERB_CHECKPOINT_PROGRESS","category_id":6,"verbose_level":"DEBUG","verbose_level_id":1,"msg":"saving checkpoint snapshot min: 4739, snapshot max: 4739 snapshot count: 0, oldest timestamp: (1772016166, 1) , meta checkpoint timestamp: (1772016466, 1) base write gen: 556601"}}}
{"t":{"$date":"2026-02-25T16:18:49.865+05:30"},"s":"I",  "c":"WTCHKPT",  "id":22430,   "ctx":"Checkpointer","msg":"WiredTiger message","attr":{"message":{"ts_sec":1772016529,"ts_usec":865277,"thread":"67409:0x30dd83000","session_name":"WT_SESSION.checkpoint","category":"WT_VERB_CHECKPOINT_PROGRESS","category_id":6,"verbose_level":"DEBUG","verbose_level_id":1,"msg":"saving checkpoint snapshot min: 4754, snapshot max: 4754 snapshot count: 0, oldest timestamp: (1772016226, 1) , meta checkpoint timestamp: (1772016526, 1) base write gen: 556601"}}}
{"t":{"$date":"2026-02-25T16:19:49.986+05:30"},"s":"I",  "c":"WTCHKPT",  "id":22430,   "ctx":"Checkpointer","msg":"WiredTiger message","attr":{"message":{"ts_sec":1772016589,"ts_usec":986472,"thread":"67409:0x30dd83000","session_name":"WT_SESSION.checkpoint","category":"WT_VERB_CHECKPOINT_PROGRESS","category_id":6,"verbose_level":"DEBUG","verbose_level_id":1,"msg":"saving checkpoint snapshot min: 4769, snapshot max: 4769 snapshot count: 0, oldest timestamp: (1772016286, 1) , meta checkpoint timestamp: (1772016586, 1) base write gen: 556601"}}}
{"t":{"$date":"2026-02-25T16:20:50.118+05:30"},"s":"I",  "c":"WTCHKPT",  "id":22430,   "ctx":"Checkpointer","msg":"WiredTiger message","attr":{"message":{"ts_sec":1772016650,"ts_usec":118806,"thread":"67409:0x30dd83000","session_name":"WT_SESSION.checkpoint","category":"WT_VERB_CHECKPOINT_PROGRESS","category_id":6,"verbose_level":"DEBUG","verbose_level_id":1,"msg":"saving checkpoint snapshot min: 4784, snapshot max: 4784 snapshot count: 0, oldest timestamp: (1772016346, 1) , meta checkpoint timestamp: (1772016646, 1) base write gen: 556601"}}}
{"t":{"$date":"2026-02-25T16:21:50.236+05:30"},"s":"I",  "c":"WTCHKPT",  "id":22430,   "ctx":"Checkpointer","msg":"WiredTiger message","attr":{"message":{"ts_sec":1772016710,"ts_usec":236843,"thread":"67409:0x30dd83000","session_name":"WT_SESSION.checkpoint","category":"WT_VERB_CHECKPOINT_PROGRESS","category_id":6,"verbose_level":"DEBUG","verbose_level_id":1,"msg":"saving checkpoint snapshot min: 4799, snapshot max: 4799 snapshot count: 0, oldest timestamp: (1772016406, 1) , meta checkpoint timestamp: (1772016706, 1) base write gen: 556601"}}}
{"t":{"$date":"2026-02-25T16:22:50.355+05:30"},"s":"I",  "c":"WTCHKPT",  "id":22430,   "ctx":"Checkpointer","msg":"WiredTiger message","attr":{"message":{"ts_sec":1772016770,"ts_usec":355784,"thread":"67409:0x30dd83000","session_name":"WT_SESSION.checkpoint","category":"WT_VERB_CHECKPOINT_PROGRESS","category_id":6,"verbose_level":"DEBUG","verbose_level_id":1,"msg":"saving checkpoint snapshot min: 4814, snapshot max: 4814 snapshot count: 0, oldest timestamp: (1772016466, 1) , meta checkpoint timestamp: (1772016766, 1) base write gen: 556601"}}}
{"t":{"$date":"2026-02-25T16:23:50.478+05:30"},"s":"I",  "c":"WTCHKPT",  "id":22430,   "ctx":"Checkpointer","msg":"WiredTiger message","attr":{"message":{"ts_sec":1772016830,"ts_usec":478606,"thread":"67409:0x30dd83000","session_name":"WT_SESSION.checkpoint","category":"WT_VERB_CHECKPOINT_PROGRESS","category_id":6,"verbose_level":"DEBUG","verbose_level_id":1,"msg":"saving checkpoint snapshot min: 4829, snapshot max: 4829 snapshot count: 0, oldest timestamp: (1772016526, 1) , meta checkpoint timestamp: (1772016826, 1) base write gen: 556601"}}}
{"t":{"$date":"2026-02-25T16:24:50.599+05:30"},"s":"I",  "c":"WTCHKPT",  "id":22430,   "ctx":"Checkpointer","msg":"WiredTiger message","attr":{"message":{"ts_sec":1772016890,"ts_usec":599688,"thread":"67409:0x30dd83000","session_name":"WT_SESSION.checkpoint","category":"WT_VERB_CHECKPOINT_PROGRESS","category_id":6,"verbose_level":"DEBUG","verbose_level_id":1,"msg":"saving checkpoint snapshot min: 4844, snapshot max: 4844 snapshot count: 0, oldest timestamp: (1772016586, 1) , meta checkpoint timestamp: (1772016886, 1) base write gen: 556601"}}}
{"t":{"$date":"2026-02-25T16:25:50.744+05:30"},"s":"I",  "c":"WTCHKPT",  "id":22430,   "ctx":"Checkpointer","msg":"WiredTiger message","attr":{"message":{"ts_sec":1772016950,"ts_usec":744426,"thread":"67409:0x30dd83000","session_name":"WT_SESSION.checkpoint","category":"WT_VERB_CHECKPOINT_PROGRESS","category_id":6,"verbose_level":"DEBUG","verbose_level_id":1,"msg":"saving checkpoint snapshot min: 4859, snapshot max: 4859 snapshot count: 0, oldest timestamp: (1772016647, 1) , meta checkpoint timestamp: (1772016947, 1) base write gen: 556601"}}}
{"t":{"$date":"2026-02-25T16:26:50.869+05:30"},"s":"I",  "c":"WTCHKPT",  "id":22430,   "ctx":"Checkpointer","msg":"WiredTiger message","attr":{"message":{"ts_sec":1772017010,"ts_usec":869224,"thread":"67409:0x30dd83000","session_name":"WT_SESSION.checkpoint","category":"WT_VERB_CHECKPOINT_PROGRESS","category_id":6,"verbose_level":"DEBUG","verbose_level_id":1,"msg":"saving checkpoint snapshot min: 4874, snapshot max: 4874 snapshot count: 0, oldest timestamp: (1772016707, 1) , meta checkpoint timestamp: (1772017007, 1) base write gen: 556601"}}}
{"t":{"$date":"2026-02-25T16:27:50.989+05:30"},"s":"I",  "c":"WTCHKPT",  "id":22430,   "ctx":"Checkpointer","msg":"WiredTiger message","attr":{"message":{"ts_sec":1772017070,"ts_usec":989210,"thread":"67409:0x30dd83000","session_name":"WT_SESSION.checkpoint","category":"WT_VERB_CHECKPOINT_PROGRESS","category_id":6,"verbose_level":"DEBUG","verbose_level_id":1,"msg":"saving checkpoint snapshot min: 4889, snapshot max: 4889 snapshot count: 0, oldest timestamp: (1772016767, 1) , meta checkpoint timestamp: (1772017067, 1) base write gen: 556601"}}}
{"t":{"$date":"2026-02-25T16:28:51.097+05:30"},"s":"I",  "c":"WTCHKPT",  "id":22430,   "ctx":"Checkpointer","msg":"WiredTiger message","attr":{"message":{"ts_sec":1772017131,"ts_usec":97403,"thread":"67409:0x30dd83000","session_name":"WT_SESSION.checkpoint","category":"WT_VERB_CHECKPOINT_PROGRESS","category_id":6,"verbose_level":"DEBUG","verbose_level_id":1,"msg":"saving checkpoint snapshot min: 4904, snapshot max: 4904 snapshot count: 0, oldest timestamp: (1772016827, 1) , meta checkpoint timestamp: (1772017127, 1) base write gen: 556601"}}}
{"t":{"$date":"2026-02-25T16:29:51.221+05:30"},"s":"I",  "c":"WTCHKPT",  "id":22430,   "ctx":"Checkpointer","msg":"WiredTiger message","attr":{"message":{"ts_sec":1772017191,"ts_usec":221708,"thread":"67409:0x30dd83000","session_name":"WT_SESSION.checkpoint","category":"WT_VERB_CHECKPOINT_PROGRESS","category_id":6,"verbose_level":"DEBUG","verbose_level_id":1,"msg":"saving checkpoint snapshot min: 4919, snapshot max: 4919 snapshot count: 0, oldest timestamp: (1772016887, 1) , meta checkpoint timestamp: (1772017187, 1) base write gen: 556601"}}}
{"t":{"$date":"2026-02-25T16:30:51.362+05:30"},"s":"I",  "c":"WTCHKPT",  "id":22430,   "ctx":"Checkpointer","msg":"WiredTiger message","attr":{"message":{"ts_sec":1772017251,"ts_usec":362078,"thread":"67409:0x30dd83000","session_name":"WT_SESSION.checkpoint","category":"WT_VERB_CHECKPOINT_PROGRESS","category_id":6,"verbose_level":"DEBUG","verbose_level_id":1,"msg":"saving checkpoint snapshot min: 4934, snapshot max: 4934 snapshot count: 0, oldest timestamp: (1772016947, 1) , meta checkpoint timestamp: (1772017247, 1) base write gen: 556601"}}}
{"t":{"$date":"2026-02-25T16:31:51.456+05:30"},"s":"I",  "c":"WTCHKPT",  "id":22430,   "ctx":"Checkpointer","msg":"WiredTiger message","attr":{"message":{"ts_sec":1772017311,"ts_usec":456902,"thread":"67409:0x30dd83000","session_name":"WT_SESSION.checkpoint","category":"WT_VERB_CHECKPOINT_PROGRESS","category_id":6,"verbose_level":"DEBUG","verbose_level_id":1,"msg":"saving checkpoint snapshot min: 4949, snapshot max: 4949 snapshot count: 0, oldest timestamp: (1772017007, 1) , meta checkpoint timestamp: (1772017307, 1) base write gen: 556601"}}}
{"t":{"$date":"2026-02-25T16:32:51.586+05:30"},"s":"I",  "c":"WTCHKPT",  "id":22430,   "ctx":"Checkpointer","msg":"WiredTiger message","attr":{"message":{"ts_sec":1772017371,"ts_usec":586163,"thread":"67409:0x30dd83000","session_name":"WT_SESSION.checkpoint","category":"WT_VERB_CHECKPOINT_PROGRESS","category_id":6,"verbose_level":"DEBUG","verbose_level_id":1,"msg":"saving checkpoint snapshot min: 4964, snapshot max: 4964 snapshot count: 0, oldest timestamp: (1772017067, 1) , meta checkpoint timestamp: (1772017367, 1) base write gen: 556601"}}}
{"t":{"$date":"2026-02-25T16:33:51.700+05:30"},"s":"I",  "c":"WTCHKPT",  "id":22430,   "ctx":"Checkpointer","msg":"WiredTiger message","attr":{"message":{"ts_sec":1772017431,"ts_usec":700369,"thread":"67409:0x30dd83000","session_name":"WT_SESSION.checkpoint","category":"WT_VERB_CHECKPOINT_PROGRESS","category_id":6,"verbose_level":"DEBUG","verbose_level_id":1,"msg":"saving checkpoint snapshot min: 4979, snapshot max: 4979 snapshot count: 0, oldest timestamp: (1772017127, 1) , meta checkpoint timestamp: (1772017427, 1) base write gen: 556601"}}}
{"t":{"$date":"2026-02-25T16:34:51.865+05:30"},"s":"I",  "c":"WTCHKPT",  "id":22430,   "ctx":"Checkpointer","msg":"WiredTiger message","attr":{"message":{"ts_sec":1772017491,"ts_usec":865122,"thread":"67409:0x30dd83000","session_name":"WT_SESSION.checkpoint","category":"WT_VERB_CHECKPOINT_PROGRESS","category_id":6,"verbose_level":"DEBUG","verbose_level_id":1,"msg":"saving checkpoint snapshot min: 4994, snapshot max: 4994 snapshot count: 0, oldest timestamp: (1772017187, 1) , meta checkpoint timestamp: (1772017487, 1) base write gen: 556601"}}}
{"t":{"$date":"2026-02-25T16:35:52.020+05:30"},"s":"I",  "c":"WTCHKPT",  "id":22430,   "ctx":"Checkpointer","msg":"WiredTiger message","attr":{"message":{"ts_sec":1772017552,"ts_usec":20414,"thread":"67409:0x30dd83000","session_name":"WT_SESSION.checkpoint","category":"WT_VERB_CHECKPOINT_PROGRESS","category_id":6,"verbose_level":"DEBUG","verbose_level_id":1,"msg":"saving checkpoint snapshot min: 5009, snapshot max: 5009 snapshot count: 0, oldest timestamp: (1772017247, 1) , meta checkpoint timestamp: (1772017547, 1) base write gen: 556601"}}}
{"t":{"$date":"2026-02-25T16:36:52.149+05:30"},"s":"I",  "c":"WTCHKPT",  "id":22430,   "ctx":"Checkpointer","msg":"WiredTiger message","attr":{"message":{"ts_sec":1772017612,"ts_usec":148962,"thread":"67409:0x30dd83000","session_name":"WT_SESSION.checkpoint","category":"WT_VERB_CHECKPOINT_PROGRESS","category_id":6,"verbose_level":"DEBUG","verbose_level_id":1,"msg":"saving checkpoint snapshot min: 5024, snapshot max: 5024 snapshot count: 0, oldest timestamp: (1772017307, 1) , meta checkpoint timestamp: (1772017607, 1) base write gen: 556601"}}}
{"t":{"$date":"2026-02-25T16:37:52.274+05:30"},"s":"I",  "c":"WTCHKPT",  "id":22430,   "ctx":"Checkpointer","msg":"WiredTiger message","attr":{"message":{"ts_sec":1772017672,"ts_usec":274545,"thread":"67409:0x30dd83000","session_name":"WT_SESSION.checkpoint","category":"WT_VERB_CHECKPOINT_PROGRESS","category_id":6,"verbose_level":"DEBUG","verbose_level_id":1,"msg":"saving checkpoint snapshot min: 5039, snapshot max: 5039 snapshot count: 0, oldest timestamp: (1772017367, 1) , meta checkpoint timestamp: (1772017667, 1) base write gen: 556601"}}}
{"t":{"$date":"2026-02-25T16:38:52.403+05:30"},"s":"I",  "c":"WTCHKPT",  "id":22430,   "ctx":"Checkpointer","msg":"WiredTiger message","attr":{"message":{"ts_sec":1772017732,"ts_usec":403275,"thread":"67409:0x30dd83000","session_name":"WT_SESSION.checkpoint","category":"WT_VERB_CHECKPOINT_PROGRESS","category_id":6,"verbose_level":"DEBUG","verbose_level_id":1,"msg":"saving checkpoint snapshot min: 5054, snapshot max: 5054 snapshot count: 0, oldest timestamp: (1772017427, 1) , meta checkpoint timestamp: (1772017727, 1) base write gen: 556601"}}}
{"t":{"$date":"2026-02-25T16:59:06.625+05:30"},"s":"I",  "c":"WTCHKPT",  "id":22430,   "ctx":"Checkpointer","msg":"WiredTiger message","attr":{"message":{"ts_sec":1772018946,"ts_usec":625246,"thread":"67409:0x30dd83000","session_name":"WT_SESSION.checkpoint","category":"WT_VERB_CHECKPOINT_PROGRESS","category_id":6,"verbose_level":"DEBUG","verbose_level_id":1,"msg":"saving checkpoint snapshot min: 5071, snapshot max: 5071 snapshot count: 0, oldest timestamp: (1772017607, 1) , meta checkpoint timestamp: (1772017907, 1) base write gen: 556601"}}}
{"t":{"$date":"2026-02-25T17:10:54.616+05:30"},"s":"I",  "c":"WTCHKPT",  "id":22430,   "ctx":"Checkpointer","msg":"WiredTiger message","attr":{"message":{"ts_sec":1772019654,"ts_usec":616155,"thread":"67409:0x30dd83000","session_name":"WT_SESSION.checkpoint","category":"WT_VERB_CHECKPOINT_PROGRESS","category_id":6,"verbose_level":"DEBUG","verbose_level_id":1,"msg":"saving checkpoint snapshot min: 5087, snapshot max: 5087 snapshot count: 0, oldest timestamp: (1772019349, 1) , meta checkpoint timestamp: (1772019649, 1) base write gen: 556601"}}}
{"t":{"$date":"2026-02-25T17:11:54.771+05:30"},"s":"I",  "c":"WTCHKPT",  "id":22430,   "ctx":"Checkpointer","msg":"WiredTiger message","attr":{"message":{"ts_sec":1772019714,"ts_usec":771199,"thread":"67409:0x30dd83000","session_name":"WT_SESSION.checkpoint","category":"WT_VERB_CHECKPOINT_PROGRESS","category_id":6,"verbose_level":"DEBUG","verbose_level_id":1,"msg":"saving checkpoint snapshot min: 5102, snapshot max: 5102 snapshot count: 0, oldest timestamp: (1772019409, 1) , meta checkpoint timestamp: (1772019709, 1) base write gen: 556601"}}}
{"t":{"$date":"2026-02-25T17:12:54.900+05:30"},"s":"I",  "c":"WTCHKPT",  "id":22430,   "ctx":"Checkpointer","msg":"WiredTiger message","attr":{"message":{"ts_sec":1772019774,"ts_usec":900034,"thread":"67409:0x30dd83000","session_name":"WT_SESSION.checkpoint","category":"WT_VERB_CHECKPOINT_PROGRESS","category_id":6,"verbose_level":"DEBUG","verbose_level_id":1,"msg":"saving checkpoint snapshot min: 5117, snapshot max: 5117 snapshot count: 0, oldest timestamp: (1772019469, 1) , meta checkpoint timestamp: (1772019769, 1) base write gen: 556601"}}}
{"t":{"$date":"2026-02-25T17:13:55.026+05:30"},"s":"I",  "c":"WTCHKPT",  "id":22430,   "ctx":"Checkpointer","msg":"WiredTiger message","attr":{"message":{"ts_sec":1772019835,"ts_usec":26142,"thread":"67409:0x30dd83000","session_name":"WT_SESSION.checkpoint","category":"WT_VERB_CHECKPOINT_PROGRESS","category_id":6,"verbose_level":"DEBUG","verbose_level_id":1,"msg":"saving checkpoint snapshot min: 5132, snapshot max: 5132 snapshot count: 0, oldest timestamp: (1772019529, 1) , meta checkpoint timestamp: (1772019829, 1) base write gen: 556601"}}}
{"t":{"$date":"2026-02-25T17:14:55.146+05:30"},"s":"I",  "c":"WTCHKPT",  "id":22430,   "ctx":"Checkpointer","msg":"WiredTiger message","attr":{"message":{"ts_sec":1772019895,"ts_usec":146696,"thread":"67409:0x30dd83000","session_name":"WT_SESSION.checkpoint","category":"WT_VERB_CHECKPOINT_PROGRESS","category_id":6,"verbose_level":"DEBUG","verbose_level_id":1,"msg":"saving checkpoint snapshot min: 5147, snapshot max: 5147 snapshot count: 0, oldest timestamp: (1772019589, 1) , meta checkpoint timestamp: (1772019889, 1) base write gen: 556601"}}}
{"t":{"$date":"2026-02-25T17:15:55.275+05:30"},"s":"I",  "c":"WTCHKPT",  "id":22430,   "ctx":"Checkpointer","msg":"WiredTiger message","attr":{"message":{"ts_sec":1772019955,"ts_usec":275572,"thread":"67409:0x30dd83000","session_name":"WT_SESSION.checkpoint","category":"WT_VERB_CHECKPOINT_PROGRESS","category_id":6,"verbose_level":"DEBUG","verbose_level_id":1,"msg":"saving checkpoint snapshot min: 5162, snapshot max: 5162 snapshot count: 0, oldest timestamp: (1772019649, 1) , meta checkpoint timestamp: (1772019949, 1) base write gen: 556601"}}}
{"t":{"$date":"2026-02-25T17:16:55.408+05:30"},"s":"I",  "c":"WTCHKPT",  "id":22430,   "ctx":"Checkpointer","msg":"WiredTiger message","attr":{"message":{"ts_sec":1772020015,"ts_usec":408489,"thread":"67409:0x30dd83000","session_name":"WT_SESSION.checkpoint","category":"WT_VERB_CHECKPOINT_PROGRESS","category_id":6,"verbose_level":"DEBUG","verbose_level_id":1,"msg":"saving checkpoint snapshot min: 5177, snapshot max: 5177 snapshot count: 0, oldest timestamp: (1772019709, 1) , meta checkpoint timestamp: (1772020009, 1) base write gen: 556601"}}}
{"t":{"$date":"2026-02-25T17:17:55.517+05:30"},"s":"I",  "c":"WTCHKPT",  "id":22430,   "ctx":"Checkpointer","msg":"WiredTiger message","attr":{"message":{"ts_sec":1772020075,"ts_usec":517612,"thread":"67409:0x30dd83000","session_name":"WT_SESSION.checkpoint","category":"WT_VERB_CHECKPOINT_PROGRESS","category_id":6,"verbose_level":"DEBUG","verbose_level_id":1,"msg":"saving checkpoint snapshot min: 5192, snapshot max: 5192 snapshot count: 0, oldest timestamp: (1772019769, 1) , meta checkpoint timestamp: (1772020069, 1) base write gen: 556601"}}}
{"t":{"$date":"2026-02-25T17:18:55.655+05:30"},"s":"I",  "c":"WTCHKPT",  "id":22430,   "ctx":"Checkpointer","msg":"WiredTiger message","attr":{"message":{"ts_sec":1772020135,"ts_usec":655239,"thread":"67409:0x30dd83000","session_name":"WT_SESSION.checkpoint","category":"WT_VERB_CHECKPOINT_PROGRESS","category_id":6,"verbose_level":"DEBUG","verbose_level_id":1,"msg":"saving checkpoint snapshot min: 5207, snapshot max: 5207 snapshot count: 0, oldest timestamp: (1772019829, 1) , meta checkpoint timestamp: (1772020129, 1) base write gen: 556601"}}}
{"t":{"$date":"2026-02-25T17:19:55.805+05:30"},"s":"I",  "c":"WTCHKPT",  "id":22430,   "ctx":"Checkpointer","msg":"WiredTiger message","attr":{"message":{"ts_sec":1772020195,"ts_usec":805232,"thread":"67409:0x30dd83000","session_name":"WT_SESSION.checkpoint","category":"WT_VERB_CHECKPOINT_PROGRESS","category_id":6,"verbose_level":"DEBUG","verbose_level_id":1,"msg":"saving checkpoint snapshot min: 5222, snapshot max: 5222 snapshot count: 0, oldest timestamp: (1772019889, 1) , meta checkpoint timestamp: (1772020189, 1) base write gen: 556601"}}}
{"t":{"$date":"2026-02-25T17:20:55.928+05:30"},"s":"I",  "c":"WTCHKPT",  "id":22430,   "ctx":"Checkpointer","msg":"WiredTiger message","attr":{"message":{"ts_sec":1772020255,"ts_usec":928466,"thread":"67409:0x30dd83000","session_name":"WT_SESSION.checkpoint","category":"WT_VERB_CHECKPOINT_PROGRESS","category_id":6,"verbose_level":"DEBUG","verbose_level_id":1,"msg":"saving checkpoint snapshot min: 5237, snapshot max: 5237 snapshot count: 0, oldest timestamp: (1772019949, 1) , meta checkpoint timestamp: (1772020249, 1) base write gen: 556601"}}}
{"t":{"$date":"2026-02-25T17:21:56.053+05:30"},"s":"I",  "c":"WTCHKPT",  "id":22430,   "ctx":"Checkpointer","msg":"WiredTiger message","attr":{"message":{"ts_sec":1772020316,"ts_usec":52943,"thread":"67409:0x30dd83000","session_name":"WT_SESSION.checkpoint","category":"WT_VERB_CHECKPOINT_PROGRESS","category_id":6,"verbose_level":"DEBUG","verbose_level_id":1,"msg":"saving checkpoint snapshot min: 5252, snapshot max: 5252 snapshot count: 0, oldest timestamp: (1772020009, 1) , meta checkpoint timestamp: (1772020309, 1) base write gen: 556601"}}}
{"t":{"$date":"2026-02-25T17:22:56.193+05:30"},"s":"I",  "c":"WTCHKPT",  "id":22430,   "ctx":"Checkpointer","msg":"WiredTiger message","attr":{"message":{"ts_sec":1772020376,"ts_usec":193015,"thread":"67409:0x30dd83000","session_name":"WT_SESSION.checkpoint","category":"WT_VERB_CHECKPOINT_PROGRESS","category_id":6,"verbose_level":"DEBUG","verbose_level_id":1,"msg":"saving checkpoint snapshot min: 5267, snapshot max: 5267 snapshot count: 0, oldest timestamp: (1772020069, 1) , meta checkpoint timestamp: (1772020369, 1) base write gen: 556601"}}}
{"t":{"$date":"2026-02-25T17:23:56.374+05:30"},"s":"I",  "c":"WTCHKPT",  "id":22430,   "ctx":"Checkpointer","msg":"WiredTiger message","attr":{"message":{"ts_sec":1772020436,"ts_usec":374819,"thread":"67409:0x30dd83000","session_name":"WT_SESSION.checkpoint","category":"WT_VERB_CHECKPOINT_PROGRESS","category_id":6,"verbose_level":"DEBUG","verbose_level_id":1,"msg":"saving checkpoint snapshot min: 5282, snapshot max: 5282 snapshot count: 0, oldest timestamp: (1772020129, 1) , meta checkpoint timestamp: (1772020429, 1) base write gen: 556601"}}}
{"t":{"$date":"2026-02-25T17:24:56.551+05:30"},"s":"I",  "c":"WTCHKPT",  "id":22430,   "ctx":"Checkpointer","msg":"WiredTiger message","attr":{"message":{"ts_sec":1772020496,"ts_usec":551336,"thread":"67409:0x30dd83000","session_name":"WT_SESSION.checkpoint","category":"WT_VERB_CHECKPOINT_PROGRESS","category_id":6,"verbose_level":"DEBUG","verbose_level_id":1,"msg":"saving checkpoint snapshot min: 5297, snapshot max: 5297 snapshot count: 0, oldest timestamp: (1772020189, 1) , meta checkpoint timestamp: (1772020489, 1) base write gen: 556601"}}}
{"t":{"$date":"2026-02-25T17:25:56.663+05:30"},"s":"I",  "c":"WTCHKPT",  "id":22430,   "ctx":"Checkpointer","msg":"WiredTiger message","attr":{"message":{"ts_sec":1772020556,"ts_usec":663333,"thread":"67409:0x30dd83000","session_name":"WT_SESSION.checkpoint","category":"WT_VERB_CHECKPOINT_PROGRESS","category_id":6,"verbose_level":"DEBUG","verbose_level_id":1,"msg":"saving checkpoint snapshot min: 5312, snapshot max: 5312 snapshot count: 0, oldest timestamp: (1772020249, 1) , meta checkpoint timestamp: (1772020549, 1) base write gen: 556601"}}}
{"t":{"$date":"2026-02-25T17:26:56.789+05:30"},"s":"I",  "c":"WTCHKPT",  "id":22430,   "ctx":"Checkpointer","msg":"WiredTiger message","attr":{"message":{"ts_sec":1772020616,"ts_usec":789004,"thread":"67409:0x30dd83000","session_name":"WT_SESSION.checkpoint","category":"WT_VERB_CHECKPOINT_PROGRESS","category_id":6,"verbose_level":"DEBUG","verbose_level_id":1,"msg":"saving checkpoint snapshot min: 5327, snapshot max: 5327 snapshot count: 0, oldest timestamp: (1772020309, 1) , meta checkpoint timestamp: (1772020609, 1) base write gen: 556601"}}}
{"t":{"$date":"2026-02-25T17:27:56.910+05:30"},"s":"I",  "c":"WTCHKPT",  "id":22430,   "ctx":"Checkpointer","msg":"WiredTiger message","attr":{"message":{"ts_sec":1772020676,"ts_usec":910886,"thread":"67409:0x30dd83000","session_name":"WT_SESSION.checkpoint","category":"WT_VERB_CHECKPOINT_PROGRESS","category_id":6,"verbose_level":"DEBUG","verbose_level_id":1,"msg":"saving checkpoint snapshot min: 5342, snapshot max: 5342 snapshot count: 0, oldest timestamp: (1772020369, 1) , meta checkpoint timestamp: (1772020669, 1) base write gen: 556601"}}}
{"t":{"$date":"2026-02-25T17:28:57.032+05:30"},"s":"I",  "c":"WTCHKPT",  "id":22430,   "ctx":"Checkpointer","msg":"WiredTiger message","attr":{"message":{"ts_sec":1772020737,"ts_usec":31905,"thread":"67409:0x30dd83000","session_name":"WT_SESSION.checkpoint","category":"WT_VERB_CHECKPOINT_PROGRESS","category_id":6,"verbose_level":"DEBUG","verbose_level_id":1,"msg":"saving checkpoint snapshot min: 5357, snapshot max: 5357 snapshot count: 0, oldest timestamp: (1772020429, 1) , meta checkpoint timestamp: (1772020729, 1) base write gen: 556601"}}}
{"t":{"$date":"2026-02-25T17:29:57.171+05:30"},"s":"I",  "c":"WTCHKPT",  "id":22430,   "ctx":"Checkpointer","msg":"WiredTiger message","attr":{"message":{"ts_sec":1772020797,"ts_usec":171368,"thread":"67409:0x30dd83000","session_name":"WT_SESSION.checkpoint","category":"WT_VERB_CHECKPOINT_PROGRESS","category_id":6,"verbose_level":"DEBUG","verbose_level_id":1,"msg":"saving checkpoint snapshot min: 5372, snapshot max: 5372 snapshot count: 0, oldest timestamp: (1772020489, 1) , meta checkpoint timestamp: (1772020789, 1) base write gen: 556601"}}}
{"t":{"$date":"2026-02-25T17:30:57.321+05:30"},"s":"I",  "c":"WTCHKPT",  "id":22430,   "ctx":"Checkpointer","msg":"WiredTiger message","attr":{"message":{"ts_sec":1772020857,"ts_usec":321138,"thread":"67409:0x30dd83000","session_name":"WT_SESSION.checkpoint","category":"WT_VERB_CHECKPOINT_PROGRESS","category_id":6,"verbose_level":"DEBUG","verbose_level_id":1,"msg":"saving checkpoint snapshot min: 5387, snapshot max: 5387 snapshot count: 0, oldest timestamp: (1772020549, 1) , meta checkpoint timestamp: (1772020849, 1) base write gen: 556601"}}}
{"t":{"$date":"2026-02-25T17:31:57.460+05:30"},"s":"I",  "c":"WTCHKPT",  "id":22430,   "ctx":"Checkpointer","msg":"WiredTiger message","attr":{"message":{"ts_sec":1772020917,"ts_usec":460453,"thread":"67409:0x30dd83000","session_name":"WT_SESSION.checkpoint","category":"WT_VERB_CHECKPOINT_PROGRESS","category_id":6,"verbose_level":"DEBUG","verbose_level_id":1,"msg":"saving checkpoint snapshot min: 5402, snapshot max: 5402 snapshot count: 0, oldest timestamp: (1772020609, 1) , meta checkpoint timestamp: (1772020909, 1) base write gen: 556601"}}}
{"t":{"$date":"2026-02-25T17:32:57.572+05:30"},"s":"I",  "c":"WTCHKPT",  "id":22430,   "ctx":"Checkpointer","msg":"WiredTiger message","attr":{"message":{"ts_sec":1772020977,"ts_usec":572591,"thread":"67409:0x30dd83000","session_name":"WT_SESSION.checkpoint","category":"WT_VERB_CHECKPOINT_PROGRESS","category_id":6,"verbose_level":"DEBUG","verbose_level_id":1,"msg":"saving checkpoint snapshot min: 5417, snapshot max: 5417 snapshot count: 0, oldest timestamp: (1772020669, 1) , meta checkpoint timestamp: (1772020969, 1) base write gen: 556601"}}}
{"t":{"$date":"2026-02-25T17:33:57.694+05:30"},"s":"I",  "c":"WTCHKPT",  "id":22430,   "ctx":"Checkpointer","msg":"WiredTiger message","attr":{"message":{"ts_sec":1772021037,"ts_usec":693913,"thread":"67409:0x30dd83000","session_name":"WT_SESSION.checkpoint","category":"WT_VERB_CHECKPOINT_PROGRESS","category_id":6,"verbose_level":"DEBUG","verbose_level_id":1,"msg":"saving checkpoint snapshot min: 5432, snapshot max: 5432 snapshot count: 0, oldest timestamp: (1772020729, 1) , meta checkpoint timestamp: (1772021029, 1) base write gen: 556601"}}}
{"t":{"$date":"2026-02-25T17:34:57.821+05:30"},"s":"I",  "c":"WTCHKPT",  "id":22430,   "ctx":"Checkpointer","msg":"WiredTiger message","attr":{"message":{"ts_sec":1772021097,"ts_usec":821402,"thread":"67409:0x30dd83000","session_name":"WT_SESSION.checkpoint","category":"WT_VERB_CHECKPOINT_PROGRESS","category_id":6,"verbose_level":"DEBUG","verbose_level_id":1,"msg":"saving checkpoint snapshot min: 5447, snapshot max: 5447 snapshot count: 0, oldest timestamp: (1772020789, 1) , meta checkpoint timestamp: (1772021089, 1) base write gen: 556601"}}}
{"t":{"$date":"2026-02-25T17:35:57.942+05:30"},"s":"I",  "c":"WTCHKPT",  "id":22430,   "ctx":"Checkpointer","msg":"WiredTiger message","attr":{"message":{"ts_sec":1772021157,"ts_usec":942315,"thread":"67409:0x30dd83000","session_name":"WT_SESSION.checkpoint","category":"WT_VERB_CHECKPOINT_PROGRESS","category_id":6,"verbose_level":"DEBUG","verbose_level_id":1,"msg":"saving checkpoint snapshot min: 5462, snapshot max: 5462 snapshot count: 0, oldest timestamp: (1772020849, 1) , meta checkpoint timestamp: (1772021149, 1) base write gen: 556601"}}}
{"t":{"$date":"2026-02-25T17:36:58.076+05:30"},"s":"I",  "c":"WTCHKPT",  "id":22430,   "ctx":"Checkpointer","msg":"WiredTiger message","attr":{"message":{"ts_sec":1772021218,"ts_usec":76068,"thread":"67409:0x30dd83000","session_name":"WT_SESSION.checkpoint","category":"WT_VERB_CHECKPOINT_PROGRESS","category_id":6,"verbose_level":"DEBUG","verbose_level_id":1,"msg":"saving checkpoint snapshot min: 5477, snapshot max: 5477 snapshot count: 0, oldest timestamp: (1772020909, 1) , meta checkpoint timestamp: (1772021209, 1) base write gen: 556601"}}}
{"t":{"$date":"2026-02-25T17:37:58.195+05:30"},"s":"I",  "c":"WTCHKPT",  "id":22430,   "ctx":"Checkpointer","msg":"WiredTiger message","attr":{"message":{"ts_sec":1772021278,"ts_usec":195768,"thread":"67409:0x30dd83000","session_name":"WT_SESSION.checkpoint","category":"WT_VERB_CHECKPOINT_PROGRESS","category_id":6,"verbose_level":"DEBUG","verbose_level_id":1,"msg":"saving checkpoint snapshot min: 5492, snapshot max: 5492 snapshot count: 0, oldest timestamp: (1772020969, 1) , meta checkpoint timestamp: (1772021269, 1) base write gen: 556601"}}}
{"t":{"$date":"2026-02-25T17:38:58.314+05:30"},"s":"I",  "c":"WTCHKPT",  "id":22430,   "ctx":"Checkpointer","msg":"WiredTiger message","attr":{"message":{"ts_sec":1772021338,"ts_usec":314172,"thread":"67409:0x30dd83000","session_name":"WT_SESSION.checkpoint","category":"WT_VERB_CHECKPOINT_PROGRESS","category_id":6,"verbose_level":"DEBUG","verbose_level_id":1,"msg":"saving checkpoint snapshot min: 5507, snapshot max: 5507 snapshot count: 0, oldest timestamp: (1772021029, 1) , meta checkpoint timestamp: (1772021329, 1) base write gen: 556601"}}}
{"t":{"$date":"2026-02-25T17:39:58.438+05:30"},"s":"I",  "c":"WTCHKPT",  "id":22430,   "ctx":"Checkpointer","msg":"WiredTiger message","attr":{"message":{"ts_sec":1772021398,"ts_usec":438687,"thread":"67409:0x30dd83000","session_name":"WT_SESSION.checkpoint","category":"WT_VERB_CHECKPOINT_PROGRESS","category_id":6,"verbose_level":"DEBUG","verbose_level_id":1,"msg":"saving checkpoint snapshot min: 5522, snapshot max: 5522 snapshot count: 0, oldest timestamp: (1772021089, 1) , meta checkpoint timestamp: (1772021389, 1) base write gen: 556601"}}}
{"t":{"$date":"2026-02-25T17:40:58.566+05:30"},"s":"I",  "c":"WTCHKPT",  "id":22430,   "ctx":"Checkpointer","msg":"WiredTiger message","attr":{"message":{"ts_sec":1772021458,"ts_usec":566180,"thread":"67409:0x30dd83000","session_name":"WT_SESSION.checkpoint","category":"WT_VERB_CHECKPOINT_PROGRESS","category_id":6,"verbose_level":"DEBUG","verbose_level_id":1,"msg":"saving checkpoint snapshot min: 5537, snapshot max: 5537 snapshot count: 0, oldest timestamp: (1772021149, 1) , meta checkpoint timestamp: (1772021449, 1) base write gen: 556601"}}}
{"t":{"$date":"2026-02-25T17:41:58.696+05:30"},"s":"I",  "c":"WTCHKPT",  "id":22430,   "ctx":"Checkpointer","msg":"WiredTiger message","attr":{"message":{"ts_sec":1772021518,"ts_usec":695476,"thread":"67409:0x30dd83000","session_name":"WT_SESSION.checkpoint","category":"WT_VERB_CHECKPOINT_PROGRESS","category_id":6,"verbose_level":"DEBUG","verbose_level_id":1,"msg":"saving checkpoint snapshot min: 5552, snapshot max: 5552 snapshot count: 0, oldest timestamp: (1772021209, 1) , meta checkpoint timestamp: (1772021509, 1) base write gen: 556601"}}}
{"t":{"$date":"2026-02-25T17:42:58.815+05:30"},"s":"I",  "c":"WTCHKPT",  "id":22430,   "ctx":"Checkpointer","msg":"WiredTiger message","attr":{"message":{"ts_sec":1772021578,"ts_usec":815553,"thread":"67409:0x30dd83000","session_name":"WT_SESSION.checkpoint","category":"WT_VERB_CHECKPOINT_PROGRESS","category_id":6,"verbose_level":"DEBUG","verbose_level_id":1,"msg":"saving checkpoint snapshot min: 5567, snapshot max: 5567 snapshot count: 0, oldest timestamp: (1772021269, 1) , meta checkpoint timestamp: (1772021569, 1) base write gen: 556601"}}}
{"t":{"$date":"2026-02-25T17:43:58.972+05:30"},"s":"I",  "c":"WTCHKPT",  "id":22430,   "ctx":"Checkpointer","msg":"WiredTiger message","attr":{"message":{"ts_sec":1772021638,"ts_usec":972862,"thread":"67409:0x30dd83000","session_name":"WT_SESSION.checkpoint","category":"WT_VERB_CHECKPOINT_PROGRESS","category_id":6,"verbose_level":"DEBUG","verbose_level_id":1,"msg":"saving checkpoint snapshot min: 5582, snapshot max: 5582 snapshot count: 0, oldest timestamp: (1772021330, 1) , meta checkpoint timestamp: (1772021630, 1) base write gen: 556601"}}}
{"t":{"$date":"2026-02-25T17:44:59.081+05:30"},"s":"I",  "c":"WTCHKPT",  "id":22430,   "ctx":"Checkpointer","msg":"WiredTiger message","attr":{"message":{"ts_sec":1772021699,"ts_usec":81656,"thread":"67409:0x30dd83000","session_name":"WT_SESSION.checkpoint","category":"WT_VERB_CHECKPOINT_PROGRESS","category_id":6,"verbose_level":"DEBUG","verbose_level_id":1,"msg":"saving checkpoint snapshot min: 5597, snapshot max: 5597 snapshot count: 0, oldest timestamp: (1772021390, 1) , meta checkpoint timestamp: (1772021690, 1) base write gen: 556601"}}}
{"t":{"$date":"2026-02-25T17:45:59.193+05:30"},"s":"I",  "c":"WTCHKPT",  "id":22430,   "ctx":"Checkpointer","msg":"WiredTiger message","attr":{"message":{"ts_sec":1772021759,"ts_usec":193198,"thread":"67409:0x30dd83000","session_name":"WT_SESSION.checkpoint","category":"WT_VERB_CHECKPOINT_PROGRESS","category_id":6,"verbose_level":"DEBUG","verbose_level_id":1,"msg":"saving checkpoint snapshot min: 5612, snapshot max: 5612 snapshot count: 0, oldest timestamp: (1772021450, 1) , meta checkpoint timestamp: (1772021750, 1) base write gen: 556601"}}}
{"t":{"$date":"2026-02-25T17:46:59.316+05:30"},"s":"I",  "c":"WTCHKPT",  "id":22430,   "ctx":"Checkpointer","msg":"WiredTiger message","attr":{"message":{"ts_sec":1772021819,"ts_usec":316452,"thread":"67409:0x30dd83000","session_name":"WT_SESSION.checkpoint","category":"WT_VERB_CHECKPOINT_PROGRESS","category_id":6,"verbose_level":"DEBUG","verbose_level_id":1,"msg":"saving checkpoint snapshot min: 5627, snapshot max: 5627 snapshot count: 0, oldest timestamp: (1772021510, 1) , meta checkpoint timestamp: (1772021810, 1) base write gen: 556601"}}}
{"t":{"$date":"2026-02-25T17:47:59.508+05:30"},"s":"I",  "c":"WTCHKPT",  "id":22430,   "ctx":"Checkpointer","msg":"WiredTiger message","attr":{"message":{"ts_sec":1772021879,"ts_usec":508309,"thread":"67409:0x30dd83000","session_name":"WT_SESSION.checkpoint","category":"WT_VERB_CHECKPOINT_PROGRESS","category_id":6,"verbose_level":"DEBUG","verbose_level_id":1,"msg":"saving checkpoint snapshot min: 5642, snapshot max: 5642 snapshot count: 0, oldest timestamp: (1772021570, 1) , meta checkpoint timestamp: (1772021870, 1) base write gen: 556601"}}}
{"t":{"$date":"2026-02-25T17:48:59.962+05:30"},"s":"I",  "c":"WTCHKPT",  "id":22430,   "ctx":"Checkpointer","msg":"WiredTiger message","attr":{"message":{"ts_sec":1772021939,"ts_usec":962408,"thread":"67409:0x30dd83000","session_name":"WT_SESSION.checkpoint","category":"WT_VERB_CHECKPOINT_PROGRESS","category_id":6,"verbose_level":"DEBUG","verbose_level_id":1,"msg":"saving checkpoint snapshot min: 5657, snapshot max: 5657 snapshot count: 0, oldest timestamp: (1772021630, 1) , meta checkpoint timestamp: (1772021930, 1) base write gen: 556601"}}}
{"t":{"$date":"2026-02-25T17:50:00.103+05:30"},"s":"I",  "c":"WTCHKPT",  "id":22430,   "ctx":"Checkpointer","msg":"WiredTiger message","attr":{"message":{"ts_sec":1772022000,"ts_usec":103796,"thread":"67409:0x30dd83000","session_name":"WT_SESSION.checkpoint","category":"WT_VERB_CHECKPOINT_PROGRESS","category_id":6,"verbose_level":"DEBUG","verbose_level_id":1,"msg":"saving checkpoint snapshot min: 5672, snapshot max: 5672 snapshot count: 0, oldest timestamp: (1772021690, 1) , meta checkpoint timestamp: (1772021990, 1) base write gen: 556601"}}}
{"t":{"$date":"2026-02-25T17:51:00.252+05:30"},"s":"I",  "c":"WTCHKPT",  "id":22430,   "ctx":"Checkpointer","msg":"WiredTiger message","attr":{"message":{"ts_sec":1772022060,"ts_usec":252542,"thread":"67409:0x30dd83000","session_name":"WT_SESSION.checkpoint","category":"WT_VERB_CHECKPOINT_PROGRESS","category_id":6,"verbose_level":"DEBUG","verbose_level_id":1,"msg":"saving checkpoint snapshot min: 5688, snapshot max: 5688 snapshot count: 0, oldest timestamp: (1772021760, 1) , meta checkpoint timestamp: (1772022050, 1) base write gen: 556601"}}}
{"t":{"$date":"2026-02-25T17:52:00.412+05:30"},"s":"I",  "c":"WTCHKPT",  "id":22430,   "ctx":"Checkpointer","msg":"WiredTiger message","attr":{"message":{"ts_sec":1772022120,"ts_usec":412648,"thread":"67409:0x30dd83000","session_name":"WT_SESSION.checkpoint","category":"WT_VERB_CHECKPOINT_PROGRESS","category_id":6,"verbose_level":"DEBUG","verbose_level_id":1,"msg":"saving checkpoint snapshot min: 5704, snapshot max: 5704 snapshot count: 0, oldest timestamp: (1772021820, 1) , meta checkpoint timestamp: (1772022120, 1) base write gen: 556601"}}}
{"t":{"$date":"2026-02-25T17:53:00.587+05:30"},"s":"I",  "c":"WTCHKPT",  "id":22430,   "ctx":"Checkpointer","msg":"WiredTiger message","attr":{"message":{"ts_sec":1772022180,"ts_usec":587596,"thread":"67409:0x30dd83000","session_name":"WT_SESSION.checkpoint","category":"WT_VERB_CHECKPOINT_PROGRESS","category_id":6,"verbose_level":"DEBUG","verbose_level_id":1,"msg":"saving checkpoint snapshot min: 5719, snapshot max: 5719 snapshot count: 0, oldest timestamp: (1772021880, 1) , meta checkpoint timestamp: (1772022180, 1) base write gen: 556601"}}}
{"t":{"$date":"2026-02-25T17:54:06.338+05:30"},"s":"I",  "c":"WTCHKPT",  "id":22430,   "ctx":"Checkpointer","msg":"WiredTiger message","attr":{"message":{"ts_sec":1772022246,"ts_usec":338508,"thread":"67409:0x30dd83000","session_name":"WT_SESSION.checkpoint","category":"WT_VERB_CHECKPOINT_PROGRESS","category_id":6,"verbose_level":"DEBUG","verbose_level_id":1,"msg":"saving checkpoint snapshot min: 5734, snapshot max: 5734 snapshot count: 0, oldest timestamp: (1772021945, 1) , meta checkpoint timestamp: (1772022245, 1) base write gen: 556601"}}}
{"t":{"$date":"2026-02-25T18:07:15.658+05:30"},"s":"I",  "c":"WTCHKPT",  "id":22430,   "ctx":"Checkpointer","msg":"WiredTiger message","attr":{"message":{"ts_sec":1772023035,"ts_usec":657144,"thread":"67409:0x30dd83000","session_name":"WT_SESSION.checkpoint","category":"WT_VERB_CHECKPOINT_PROGRESS","category_id":6,"verbose_level":"DEBUG","verbose_level_id":1,"msg":"saving checkpoint snapshot min: 5749, snapshot max: 5749 snapshot count: 0, oldest timestamp: (1772022734, 1) , meta checkpoint timestamp: (1772023034, 1) base write gen: 556601"}}}
{"t":{"$date":"2026-02-25T18:23:42.805+05:30"},"s":"I",  "c":"WTCHKPT",  "id":22430,   "ctx":"Checkpointer","msg":"WiredTiger message","attr":{"message":{"ts_sec":1772024022,"ts_usec":800483,"thread":"67409:0x30dd83000","session_name":"WT_SESSION.checkpoint","category":"WT_VERB_CHECKPOINT_PROGRESS","category_id":6,"verbose_level":"DEBUG","verbose_level_id":1,"msg":"saving checkpoint snapshot min: 5764, snapshot max: 5764 snapshot count: 0, oldest timestamp: (1772023721, 1) , meta checkpoint timestamp: (1772024021, 1) base write gen: 556601"}}}
{"t":{"$date":"2026-02-25T18:24:43.005+05:30"},"s":"I",  "c":"WTCHKPT",  "id":22430,   "ctx":"Checkpointer","msg":"WiredTiger message","attr":{"message":{"ts_sec":1772024083,"ts_usec":5747,"thread":"67409:0x30dd83000","session_name":"WT_SESSION.checkpoint","category":"WT_VERB_CHECKPOINT_PROGRESS","category_id":6,"verbose_level":"DEBUG","verbose_level_id":1,"msg":"saving checkpoint snapshot min: 5779, snapshot max: 5779 snapshot count: 0, oldest timestamp: (1772023782, 1) , meta checkpoint timestamp: (1772024082, 1) base write gen: 556601"}}}
{"t":{"$date":"2026-02-25T18:38:52.186+05:30"},"s":"I",  "c":"WTCHKPT",  "id":22430,   "ctx":"Checkpointer","msg":"WiredTiger message","attr":{"message":{"ts_sec":1772024932,"ts_usec":186226,"thread":"67409:0x30dd83000","session_name":"WT_SESSION.checkpoint","category":"WT_VERB_CHECKPOINT_PROGRESS","category_id":6,"verbose_level":"DEBUG","verbose_level_id":1,"msg":"saving checkpoint snapshot min: 5795, snapshot max: 5795 snapshot count: 0, oldest timestamp: (1772024631, 1) , meta checkpoint timestamp: (1772024931, 1) base write gen: 556601"}}}
{"t":{"$date":"2026-02-25T18:55:05.678+05:30"},"s":"I",  "c":"WTCHKPT",  "id":22430,   "ctx":"Checkpointer","msg":"WiredTiger message","attr":{"message":{"ts_sec":1772025905,"ts_usec":678097,"thread":"67409:0x30dd83000","session_name":"WT_SESSION.checkpoint","category":"WT_VERB_CHECKPOINT_PROGRESS","category_id":6,"verbose_level":"DEBUG","verbose_level_id":1,"msg":"saving checkpoint snapshot min: 5811, snapshot max: 5811 snapshot count: 0, oldest timestamp: (1772024691, 1) , meta checkpoint timestamp: (1772024991, 1) base write gen: 556601"}}}
{"t":{"$date":"2026-02-25T18:56:05.842+05:30"},"s":"I",  "c":"WTCHKPT",  "id":22430,   "ctx":"Checkpointer","msg":"WiredTiger message","attr":{"message":{"ts_sec":1772025965,"ts_usec":842247,"thread":"67409:0x30dd83000","session_name":"WT_SESSION.checkpoint","category":"WT_VERB_CHECKPOINT_PROGRESS","category_id":6,"verbose_level":"DEBUG","verbose_level_id":1,"msg":"saving checkpoint snapshot min: 5826, snapshot max: 5826 snapshot count: 0, oldest timestamp: (1772025664, 1) , meta checkpoint timestamp: (1772025964, 1) base write gen: 556601"}}}
{"t":{"$date":"2026-02-25T18:57:05.971+05:30"},"s":"I",  "c":"WTCHKPT",  "id":22430,   "ctx":"Checkpointer","msg":"WiredTiger message","attr":{"message":{"ts_sec":1772026025,"ts_usec":971530,"thread":"67409:0x30dd83000","session_name":"WT_SESSION.checkpoint","category":"WT_VERB_CHECKPOINT_PROGRESS","category_id":6,"verbose_level":"DEBUG","verbose_level_id":1,"msg":"saving checkpoint snapshot min: 5841, snapshot max: 5841 snapshot count: 0, oldest timestamp: (1772025724, 1) , meta checkpoint timestamp: (1772026024, 1) base write gen: 556601"}}}
{"t":{"$date":"2026-02-25T18:58:06.116+05:30"},"s":"I",  "c":"WTCHKPT",  "id":22430,   "ctx":"Checkpointer","msg":"WiredTiger message","attr":{"message":{"ts_sec":1772026086,"ts_usec":116533,"thread":"67409:0x30dd83000","session_name":"WT_SESSION.checkpoint","category":"WT_VERB_CHECKPOINT_PROGRESS","category_id":6,"verbose_level":"DEBUG","verbose_level_id":1,"msg":"saving checkpoint snapshot min: 5856, snapshot max: 5856 snapshot count: 0, oldest timestamp: (1772025784, 1) , meta checkpoint timestamp: (1772026084, 1) base write gen: 556601"}}}
{"t":{"$date":"2026-02-25T18:59:06.294+05:30"},"s":"I",  "c":"WTCHKPT",  "id":22430,   "ctx":"Checkpointer","msg":"WiredTiger message","attr":{"message":{"ts_sec":1772026146,"ts_usec":294892,"thread":"67409:0x30dd83000","session_name":"WT_SESSION.checkpoint","category":"WT_VERB_CHECKPOINT_PROGRESS","category_id":6,"verbose_level":"DEBUG","verbose_level_id":1,"msg":"saving checkpoint snapshot min: 5871, snapshot max: 5871 snapshot count: 0, oldest timestamp: (1772025844, 1) , meta checkpoint timestamp: (1772026144, 1) base write gen: 556601"}}}
{"t":{"$date":"2026-02-25T19:00:06.528+05:30"},"s":"I",  "c":"WTCHKPT",  "id":22430,   "ctx":"Checkpointer","msg":"WiredTiger message","attr":{"message":{"ts_sec":1772026206,"ts_usec":528340,"thread":"67409:0x30dd83000","session_name":"WT_SESSION.checkpoint","category":"WT_VERB_CHECKPOINT_PROGRESS","category_id":6,"verbose_level":"DEBUG","verbose_level_id":1,"msg":"saving checkpoint snapshot min: 5886, snapshot max: 5886 snapshot count: 0, oldest timestamp: (1772025904, 1) , meta checkpoint timestamp: (1772026204, 1) base write gen: 556601"}}}
{"t":{"$date":"2026-02-25T19:01:06.845+05:30"},"s":"I",  "c":"WTCHKPT",  "id":22430,   "ctx":"Checkpointer","msg":"WiredTiger message","attr":{"message":{"ts_sec":1772026266,"ts_usec":845048,"thread":"67409:0x30dd83000","session_name":"WT_SESSION.checkpoint","category":"WT_VERB_CHECKPOINT_PROGRESS","category_id":6,"verbose_level":"DEBUG","verbose_level_id":1,"msg":"saving checkpoint snapshot min: 5901, snapshot max: 5901 snapshot count: 0, oldest timestamp: (1772025964, 1) , meta checkpoint timestamp: (1772026264, 1) base write gen: 556601"}}}
{"t":{"$date":"2026-02-25T19:02:07.155+05:30"},"s":"I",  "c":"WTCHKPT",  "id":22430,   "ctx":"Checkpointer","msg":"WiredTiger message","attr":{"message":{"ts_sec":1772026327,"ts_usec":154959,"thread":"67409:0x30dd83000","session_name":"WT_SESSION.checkpoint","category":"WT_VERB_CHECKPOINT_PROGRESS","category_id":6,"verbose_level":"DEBUG","verbose_level_id":1,"msg":"saving checkpoint snapshot min: 5916, snapshot max: 5916 snapshot count: 0, oldest timestamp: (1772026024, 1) , meta checkpoint timestamp: (1772026324, 1) base write gen: 556601"}}}
{"t":{"$date":"2026-02-25T19:03:07.446+05:30"},"s":"I",  "c":"WTCHKPT",  "id":22430,   "ctx":"Checkpointer","msg":"WiredTiger message","attr":{"message":{"ts_sec":1772026387,"ts_usec":446317,"thread":"67409:0x30dd83000","session_name":"WT_SESSION.checkpoint","category":"WT_VERB_CHECKPOINT_PROGRESS","category_id":6,"verbose_level":"DEBUG","verbose_level_id":1,"msg":"saving checkpoint snapshot min: 5931, snapshot max: 5931 snapshot count: 0, oldest timestamp: (1772026084, 1) , meta checkpoint timestamp: (1772026384, 1) base write gen: 556601"}}}
{"t":{"$date":"2026-02-25T19:04:07.638+05:30"},"s":"I",  "c":"WTCHKPT",  "id":22430,   "ctx":"Checkpointer","msg":"WiredTiger message","attr":{"message":{"ts_sec":1772026447,"ts_usec":638631,"thread":"67409:0x30dd83000","session_name":"WT_SESSION.checkpoint","category":"WT_VERB_CHECKPOINT_PROGRESS","category_id":6,"verbose_level":"DEBUG","verbose_level_id":1,"msg":"saving checkpoint snapshot min: 5946, snapshot max: 5946 snapshot count: 0, oldest timestamp: (1772026144, 1) , meta checkpoint timestamp: (1772026444, 1) base write gen: 556601"}}}
{"t":{"$date":"2026-02-25T19:05:07.801+05:30"},"s":"I",  "c":"WTCHKPT",  "id":22430,   "ctx":"Checkpointer","msg":"WiredTiger message","attr":{"message":{"ts_sec":1772026507,"ts_usec":801817,"thread":"67409:0x30dd83000","session_name":"WT_SESSION.checkpoint","category":"WT_VERB_CHECKPOINT_PROGRESS","category_id":6,"verbose_level":"DEBUG","verbose_level_id":1,"msg":"saving checkpoint snapshot min: 5961, snapshot max: 5961 snapshot count: 0, oldest timestamp: (1772026204, 1) , meta checkpoint timestamp: (1772026504, 1) base write gen: 556601"}}}
{"t":{"$date":"2026-02-25T19:06:07.985+05:30"},"s":"I",  "c":"WTCHKPT",  "id":22430,   "ctx":"Checkpointer","msg":"WiredTiger message","attr":{"message":{"ts_sec":1772026567,"ts_usec":985840,"thread":"67409:0x30dd83000","session_name":"WT_SESSION.checkpoint","category":"WT_VERB_CHECKPOINT_PROGRESS","category_id":6,"verbose_level":"DEBUG","verbose_level_id":1,"msg":"saving checkpoint snapshot min: 5976, snapshot max: 5976 snapshot count: 0, oldest timestamp: (1772026264, 1) , meta checkpoint timestamp: (1772026564, 1) base write gen: 556601"}}}
{"t":{"$date":"2026-02-25T19:07:08.174+05:30"},"s":"I",  "c":"WTCHKPT",  "id":22430,   "ctx":"Checkpointer","msg":"WiredTiger message","attr":{"message":{"ts_sec":1772026628,"ts_usec":174358,"thread":"67409:0x30dd83000","session_name":"WT_SESSION.checkpoint","category":"WT_VERB_CHECKPOINT_PROGRESS","category_id":6,"verbose_level":"DEBUG","verbose_level_id":1,"msg":"saving checkpoint snapshot min: 5991, snapshot max: 5991 snapshot count: 0, oldest timestamp: (1772026324, 1) , meta checkpoint timestamp: (1772026624, 1) base write gen: 556601"}}}
{"t":{"$date":"2026-02-25T19:08:08.495+05:30"},"s":"I",  "c":"WTCHKPT",  "id":22430,   "ctx":"Checkpointer","msg":"WiredTiger message","attr":{"message":{"ts_sec":1772026688,"ts_usec":495703,"thread":"67409:0x30dd83000","session_name":"WT_SESSION.checkpoint","category":"WT_VERB_CHECKPOINT_PROGRESS","category_id":6,"verbose_level":"DEBUG","verbose_level_id":1,"msg":"saving checkpoint snapshot min: 6006, snapshot max: 6006 snapshot count: 0, oldest timestamp: (1772026385, 1) , meta checkpoint timestamp: (1772026685, 1) base write gen: 556601"}}}
{"t":{"$date":"2026-02-25T19:09:08.657+05:30"},"s":"I",  "c":"WTCHKPT",  "id":22430,   "ctx":"Checkpointer","msg":"WiredTiger message","attr":{"message":{"ts_sec":1772026748,"ts_usec":657670,"thread":"67409:0x30dd83000","session_name":"WT_SESSION.checkpoint","category":"WT_VERB_CHECKPOINT_PROGRESS","category_id":6,"verbose_level":"DEBUG","verbose_level_id":1,"msg":"saving checkpoint snapshot min: 6021, snapshot max: 6021 snapshot count: 0, oldest timestamp: (1772026445, 1) , meta checkpoint timestamp: (1772026745, 1) base write gen: 556601"}}}
{"t":{"$date":"2026-02-25T19:10:08.877+05:30"},"s":"I",  "c":"WTCHKPT",  "id":22430,   "ctx":"Checkpointer","msg":"WiredTiger message","attr":{"message":{"ts_sec":1772026808,"ts_usec":877094,"thread":"67409:0x30dd83000","session_name":"WT_SESSION.checkpoint","category":"WT_VERB_CHECKPOINT_PROGRESS","category_id":6,"verbose_level":"DEBUG","verbose_level_id":1,"msg":"saving checkpoint snapshot min: 6036, snapshot max: 6036 snapshot count: 0, oldest timestamp: (1772026505, 1) , meta checkpoint timestamp: (1772026805, 1) base write gen: 556601"}}}
{"t":{"$date":"2026-02-25T19:11:09.023+05:30"},"s":"I",  "c":"WTCHKPT",  "id":22430,   "ctx":"Checkpointer","msg":"WiredTiger message","attr":{"message":{"ts_sec":1772026869,"ts_usec":22759,"thread":"67409:0x30dd83000","session_name":"WT_SESSION.checkpoint","category":"WT_VERB_CHECKPOINT_PROGRESS","category_id":6,"verbose_level":"DEBUG","verbose_level_id":1,"msg":"saving checkpoint snapshot min: 6051, snapshot max: 6051 snapshot count: 0, oldest timestamp: (1772026565, 1) , meta checkpoint timestamp: (1772026865, 1) base write gen: 556601"}}}
{"t":{"$date":"2026-02-25T19:12:09.232+05:30"},"s":"I",  "c":"WTCHKPT",  "id":22430,   "ctx":"Checkpointer","msg":"WiredTiger message","attr":{"message":{"ts_sec":1772026929,"ts_usec":232665,"thread":"67409:0x30dd83000","session_name":"WT_SESSION.checkpoint","category":"WT_VERB_CHECKPOINT_PROGRESS","category_id":6,"verbose_level":"DEBUG","verbose_level_id":1,"msg":"saving checkpoint snapshot min: 6066, snapshot max: 6066 snapshot count: 0, oldest timestamp: (1772026625, 1) , meta checkpoint timestamp: (1772026925, 1) base write gen: 556601"}}}
{"t":{"$date":"2026-02-25T19:54:23.654+05:30"},"s":"I",  "c":"WTCHKPT",  "id":22430,   "ctx":"Checkpointer","msg":"WiredTiger message","attr":{"message":{"ts_sec":1772029463,"ts_usec":654901,"thread":"67409:0x30dd83000","session_name":"WT_SESSION.checkpoint","category":"WT_VERB_CHECKPOINT_PROGRESS","category_id":6,"verbose_level":"DEBUG","verbose_level_id":1,"msg":"saving checkpoint snapshot min: 6083, snapshot max: 6083 snapshot count: 0, oldest timestamp: (1772028225, 1) , meta checkpoint timestamp: (1772028525, 1) base write gen: 556601"}}}
{"t":{"$date":"2026-02-25T20:55:25.376+05:30"},"s":"I",  "c":"WTCHKPT",  "id":22430,   "ctx":"Checkpointer","msg":"WiredTiger message","attr":{"message":{"ts_sec":1772033125,"ts_usec":376734,"thread":"67409:0x30dd83000","session_name":"WT_SESSION.checkpoint","category":"WT_VERB_CHECKPOINT_PROGRESS","category_id":6,"verbose_level":"DEBUG","verbose_level_id":1,"msg":"saving checkpoint snapshot min: 6100, snapshot max: 6100 snapshot count: 0, oldest timestamp: (1772032168, 1) , meta checkpoint timestamp: (1772032468, 1) base write gen: 556601"}}}
{"t":{"$date":"2026-02-25T21:34:48.916+05:30"},"s":"I",  "c":"WTCHKPT",  "id":22430,   "ctx":"Checkpointer","msg":"WiredTiger message","attr":{"message":{"ts_sec":1772035488,"ts_usec":916551,"thread":"67409:0x30dd83000","session_name":"WT_SESSION.checkpoint","category":"WT_VERB_CHECKPOINT_PROGRESS","category_id":6,"verbose_level":"DEBUG","verbose_level_id":1,"msg":"saving checkpoint snapshot min: 6117, snapshot max: 6117 snapshot count: 0, oldest timestamp: (1772035184, 1) , meta checkpoint timestamp: (1772035484, 1) base write gen: 556601"}}}
{"t":{"$date":"2026-02-25T21:35:49.293+05:30"},"s":"I",  "c":"WTCHKPT",  "id":22430,   "ctx":"Checkpointer","msg":"WiredTiger message","attr":{"message":{"ts_sec":1772035549,"ts_usec":292954,"thread":"67409:0x30dd83000","session_name":"WT_SESSION.checkpoint","category":"WT_VERB_CHECKPOINT_PROGRESS","category_id":6,"verbose_level":"DEBUG","verbose_level_id":1,"msg":"saving checkpoint snapshot min: 6132, snapshot max: 6132 snapshot count: 0, oldest timestamp: (1772035244, 1) , meta checkpoint timestamp: (1772035544, 1) base write gen: 556601"}}}
{"t":{"$date":"2026-02-25T21:36:49.425+05:30"},"s":"I",  "c":"WTCHKPT",  "id":22430,   "ctx":"Checkpointer","msg":"WiredTiger message","attr":{"message":{"ts_sec":1772035609,"ts_usec":425363,"thread":"67409:0x30dd83000","session_name":"WT_SESSION.checkpoint","category":"WT_VERB_CHECKPOINT_PROGRESS","category_id":6,"verbose_level":"DEBUG","verbose_level_id":1,"msg":"saving checkpoint snapshot min: 6147, snapshot max: 6147 snapshot count: 0, oldest timestamp: (1772035304, 1) , meta checkpoint timestamp: (1772035604, 1) base write gen: 556601"}}}
{"t":{"$date":"2026-02-25T21:37:49.574+05:30"},"s":"I",  "c":"WTCHKPT",  "id":22430,   "ctx":"Checkpointer","msg":"WiredTiger message","attr":{"message":{"ts_sec":1772035669,"ts_usec":574819,"thread":"67409:0x30dd83000","session_name":"WT_SESSION.checkpoint","category":"WT_VERB_CHECKPOINT_PROGRESS","category_id":6,"verbose_level":"DEBUG","verbose_level_id":1,"msg":"saving checkpoint snapshot min: 6162, snapshot max: 6162 snapshot count: 0, oldest timestamp: (1772035364, 1) , meta checkpoint timestamp: (1772035664, 1) base write gen: 556601"}}}
{"t":{"$date":"2026-02-25T21:38:49.731+05:30"},"s":"I",  "c":"WTCHKPT",  "id":22430,   "ctx":"Checkpointer","msg":"WiredTiger message","attr":{"message":{"ts_sec":1772035729,"ts_usec":731042,"thread":"67409:0x30dd83000","session_name":"WT_SESSION.checkpoint","category":"WT_VERB_CHECKPOINT_PROGRESS","category_id":6,"verbose_level":"DEBUG","verbose_level_id":1,"msg":"saving checkpoint snapshot min: 6177, snapshot max: 6177 snapshot count: 0, oldest timestamp: (1772035424, 1) , meta checkpoint timestamp: (1772035724, 1) base write gen: 556601"}}}
{"t":{"$date":"2026-02-25T21:39:49.877+05:30"},"s":"I",  "c":"WTCHKPT",  "id":22430,   "ctx":"Checkpointer","msg":"WiredTiger message","attr":{"message":{"ts_sec":1772035789,"ts_usec":877356,"thread":"67409:0x30dd83000","session_name":"WT_SESSION.checkpoint","category":"WT_VERB_CHECKPOINT_PROGRESS","category_id":6,"verbose_level":"DEBUG","verbose_level_id":1,"msg":"saving checkpoint snapshot min: 6192, snapshot max: 6192 snapshot count: 0, oldest timestamp: (1772035484, 1) , meta checkpoint timestamp: (1772035784, 1) base write gen: 556601"}}}
{"t":{"$date":"2026-02-25T21:40:50.043+05:30"},"s":"I",  "c":"WTCHKPT",  "id":22430,   "ctx":"Checkpointer","msg":"WiredTiger message","attr":{"message":{"ts_sec":1772035850,"ts_usec":43071,"thread":"67409:0x30dd83000","session_name":"WT_SESSION.checkpoint","category":"WT_VERB_CHECKPOINT_PROGRESS","category_id":6,"verbose_level":"DEBUG","verbose_level_id":1,"msg":"saving checkpoint snapshot min: 6207, snapshot max: 6207 snapshot count: 0, oldest timestamp: (1772035544, 1) , meta checkpoint timestamp: (1772035844, 1) base write gen: 556601"}}}
{"t":{"$date":"2026-02-25T21:41:50.223+05:30"},"s":"I",  "c":"WTCHKPT",  "id":22430,   "ctx":"Checkpointer","msg":"WiredTiger message","attr":{"message":{"ts_sec":1772035910,"ts_usec":223666,"thread":"67409:0x30dd83000","session_name":"WT_SESSION.checkpoint","category":"WT_VERB_CHECKPOINT_PROGRESS","category_id":6,"verbose_level":"DEBUG","verbose_level_id":1,"msg":"saving checkpoint snapshot min: 6222, snapshot max: 6222 snapshot count: 0, oldest timestamp: (1772035604, 1) , meta checkpoint timestamp: (1772035904, 1) base write gen: 556601"}}}
{"t":{"$date":"2026-02-25T21:42:50.357+05:30"},"s":"I",  "c":"WTCHKPT",  "id":22430,   "ctx":"Checkpointer","msg":"WiredTiger message","attr":{"message":{"ts_sec":1772035970,"ts_usec":357122,"thread":"67409:0x30dd83000","session_name":"WT_SESSION.checkpoint","category":"WT_VERB_CHECKPOINT_PROGRESS","category_id":6,"verbose_level":"DEBUG","verbose_level_id":1,"msg":"saving checkpoint snapshot min: 6237, snapshot max: 6237 snapshot count: 0, oldest timestamp: (1772035664, 1) , meta checkpoint timestamp: (1772035964, 1) base write gen: 556601"}}}
{"t":{"$date":"2026-02-25T21:43:50.489+05:30"},"s":"I",  "c":"WTCHKPT",  "id":22430,   "ctx":"Checkpointer","msg":"WiredTiger message","attr":{"message":{"ts_sec":1772036030,"ts_usec":489223,"thread":"67409:0x30dd83000","session_name":"WT_SESSION.checkpoint","category":"WT_VERB_CHECKPOINT_PROGRESS","category_id":6,"verbose_level":"DEBUG","verbose_level_id":1,"msg":"saving checkpoint snapshot min: 6252, snapshot max: 6252 snapshot count: 0, oldest timestamp: (1772035724, 1) , meta checkpoint timestamp: (1772036024, 1) base write gen: 556601"}}}
{"t":{"$date":"2026-02-25T21:44:50.661+05:30"},"s":"I",  "c":"WTCHKPT",  "id":22430,   "ctx":"Checkpointer","msg":"WiredTiger message","attr":{"message":{"ts_sec":1772036090,"ts_usec":661158,"thread":"67409:0x30dd83000","session_name":"WT_SESSION.checkpoint","category":"WT_VERB_CHECKPOINT_PROGRESS","category_id":6,"verbose_level":"DEBUG","verbose_level_id":1,"msg":"saving checkpoint snapshot min: 6267, snapshot max: 6267 snapshot count: 0, oldest timestamp: (1772035784, 1) , meta checkpoint timestamp: (1772036084, 1) base write gen: 556601"}}}
{"t":{"$date":"2026-02-25T21:45:50.831+05:30"},"s":"I",  "c":"WTCHKPT",  "id":22430,   "ctx":"Checkpointer","msg":"WiredTiger message","attr":{"message":{"ts_sec":1772036150,"ts_usec":830869,"thread":"67409:0x30dd83000","session_name":"WT_SESSION.checkpoint","category":"WT_VERB_CHECKPOINT_PROGRESS","category_id":6,"verbose_level":"DEBUG","verbose_level_id":1,"msg":"saving checkpoint snapshot min: 6282, snapshot max: 6282 snapshot count: 0, oldest timestamp: (1772035844, 1) , meta checkpoint timestamp: (1772036144, 1) base write gen: 556601"}}}
{"t":{"$date":"2026-02-25T21:46:51.079+05:30"},"s":"I",  "c":"WTCHKPT",  "id":22430,   "ctx":"Checkpointer","msg":"WiredTiger message","attr":{"message":{"ts_sec":1772036211,"ts_usec":79371,"thread":"67409:0x30dd83000","session_name":"WT_SESSION.checkpoint","category":"WT_VERB_CHECKPOINT_PROGRESS","category_id":6,"verbose_level":"DEBUG","verbose_level_id":1,"msg":"saving checkpoint snapshot min: 6297, snapshot max: 6297 snapshot count: 0, oldest timestamp: (1772035904, 1) , meta checkpoint timestamp: (1772036204, 1) base write gen: 556601"}}}
{"t":{"$date":"2026-02-25T22:12:11.765+05:30"},"s":"I",  "c":"WTCHKPT",  "id":22430,   "ctx":"Checkpointer","msg":"WiredTiger message","attr":{"message":{"ts_sec":1772037731,"ts_usec":759368,"thread":"67409:0x30dd83000","session_name":"WT_SESSION.checkpoint","category":"WT_VERB_CHECKPOINT_PROGRESS","category_id":6,"verbose_level":"DEBUG","verbose_level_id":1,"msg":"saving checkpoint snapshot min: 6312, snapshot max: 6312 snapshot count: 0, oldest timestamp: (1772037425, 1) , meta checkpoint timestamp: (1772037725, 1) base write gen: 556601"}}}
{"t":{"$date":"2026-02-25T22:13:11.883+05:30"},"s":"I",  "c":"WTCHKPT",  "id":22430,   "ctx":"Checkpointer","msg":"WiredTiger message","attr":{"message":{"ts_sec":1772037791,"ts_usec":883575,"thread":"67409:0x30dd83000","session_name":"WT_SESSION.checkpoint","category":"WT_VERB_CHECKPOINT_PROGRESS","category_id":6,"verbose_level":"DEBUG","verbose_level_id":1,"msg":"saving checkpoint snapshot min: 6327, snapshot max: 6327 snapshot count: 0, oldest timestamp: (1772037485, 1) , meta checkpoint timestamp: (1772037785, 1) base write gen: 556601"}}}
{"t":{"$date":"2026-02-25T22:14:12.030+05:30"},"s":"I",  "c":"WTCHKPT",  "id":22430,   "ctx":"Checkpointer","msg":"WiredTiger message","attr":{"message":{"ts_sec":1772037852,"ts_usec":30292,"thread":"67409:0x30dd83000","session_name":"WT_SESSION.checkpoint","category":"WT_VERB_CHECKPOINT_PROGRESS","category_id":6,"verbose_level":"DEBUG","verbose_level_id":1,"msg":"saving checkpoint snapshot min: 6342, snapshot max: 6342 snapshot count: 0, oldest timestamp: (1772037545, 1) , meta checkpoint timestamp: (1772037845, 1) base write gen: 556601"}}}
{"t":{"$date":"2026-02-25T22:15:12.176+05:30"},"s":"I",  "c":"WTCHKPT",  "id":22430,   "ctx":"Checkpointer","msg":"WiredTiger message","attr":{"message":{"ts_sec":1772037912,"ts_usec":176046,"thread":"67409:0x30dd83000","session_name":"WT_SESSION.checkpoint","category":"WT_VERB_CHECKPOINT_PROGRESS","category_id":6,"verbose_level":"DEBUG","verbose_level_id":1,"msg":"saving checkpoint snapshot min: 6357, snapshot max: 6357 snapshot count: 0, oldest timestamp: (1772037605, 1) , meta checkpoint timestamp: (1772037905, 1) base write gen: 556601"}}}
{"t":{"$date":"2026-02-25T22:16:12.344+05:30"},"s":"I",  "c":"WTCHKPT",  "id":22430,   "ctx":"Checkpointer","msg":"WiredTiger message","attr":{"message":{"ts_sec":1772037972,"ts_usec":344600,"thread":"67409:0x30dd83000","session_name":"WT_SESSION.checkpoint","category":"WT_VERB_CHECKPOINT_PROGRESS","category_id":6,"verbose_level":"DEBUG","verbose_level_id":1,"msg":"saving checkpoint snapshot min: 6372, snapshot max: 6372 snapshot count: 0, oldest timestamp: (1772037665, 1) , meta checkpoint timestamp: (1772037965, 1) base write gen: 556601"}}}
{"t":{"$date":"2026-02-25T22:17:12.505+05:30"},"s":"I",  "c":"WTCHKPT",  "id":22430,   "ctx":"Checkpointer","msg":"WiredTiger message","attr":{"message":{"ts_sec":1772038032,"ts_usec":505495,"thread":"67409:0x30dd83000","session_name":"WT_SESSION.checkpoint","category":"WT_VERB_CHECKPOINT_PROGRESS","category_id":6,"verbose_level":"DEBUG","verbose_level_id":1,"msg":"saving checkpoint snapshot min: 6387, snapshot max: 6387 snapshot count: 0, oldest timestamp: (1772037725, 1) , meta checkpoint timestamp: (1772038025, 1) base write gen: 556601"}}}
{"t":{"$date":"2026-02-25T22:18:12.625+05:30"},"s":"I",  "c":"WTCHKPT",  "id":22430,   "ctx":"Checkpointer","msg":"WiredTiger message","attr":{"message":{"ts_sec":1772038092,"ts_usec":625567,"thread":"67409:0x30dd83000","session_name":"WT_SESSION.checkpoint","category":"WT_VERB_CHECKPOINT_PROGRESS","category_id":6,"verbose_level":"DEBUG","verbose_level_id":1,"msg":"saving checkpoint snapshot min: 6402, snapshot max: 6402 snapshot count: 0, oldest timestamp: (1772037785, 1) , meta checkpoint timestamp: (1772038085, 1) base write gen: 556601"}}}
{"t":{"$date":"2026-02-25T22:20:01.223+05:30"},"s":"I",  "c":"WTCHKPT",  "id":22430,   "ctx":"Checkpointer","msg":"WiredTiger message","attr":{"message":{"ts_sec":1772038201,"ts_usec":223426,"thread":"67409:0x30dd83000","session_name":"WT_SESSION.checkpoint","category":"WT_VERB_CHECKPOINT_PROGRESS","category_id":6,"verbose_level":"DEBUG","verbose_level_id":1,"msg":"saving checkpoint snapshot min: 6418, snapshot max: 6418 snapshot count: 0, oldest timestamp: (1772037845, 1) , meta checkpoint timestamp: (1772038145, 1) base write gen: 556601"}}}
{"t":{"$date":"2026-02-25T22:54:14.770+05:30"},"s":"I",  "c":"WTCHKPT",  "id":22430,   "ctx":"Checkpointer","msg":"WiredTiger message","attr":{"message":{"ts_sec":1772040254,"ts_usec":765628,"thread":"67409:0x30dd83000","session_name":"WT_SESSION.checkpoint","category":"WT_VERB_CHECKPOINT_PROGRESS","category_id":6,"verbose_level":"DEBUG","verbose_level_id":1,"msg":"saving checkpoint snapshot min: 6434, snapshot max: 6434 snapshot count: 0, oldest timestamp: (1772039947, 1) , meta checkpoint timestamp: (1772040247, 1) base write gen: 556601"}}}
{"t":{"$date":"2026-02-25T22:55:14.932+05:30"},"s":"I",  "c":"WTCHKPT",  "id":22430,   "ctx":"Checkpointer","msg":"WiredTiger message","attr":{"message":{"ts_sec":1772040314,"ts_usec":932627,"thread":"67409:0x30dd83000","session_name":"WT_SESSION.checkpoint","category":"WT_VERB_CHECKPOINT_PROGRESS","category_id":6,"verbose_level":"DEBUG","verbose_level_id":1,"msg":"saving checkpoint snapshot min: 6449, snapshot max: 6449 snapshot count: 0, oldest timestamp: (1772040007, 1) , meta checkpoint timestamp: (1772040307, 1) base write gen: 556601"}}}
{"t":{"$date":"2026-02-25T22:56:15.089+05:30"},"s":"I",  "c":"WTCHKPT",  "id":22430,   "ctx":"Checkpointer","msg":"WiredTiger message","attr":{"message":{"ts_sec":1772040375,"ts_usec":89713,"thread":"67409:0x30dd83000","session_name":"WT_SESSION.checkpoint","category":"WT_VERB_CHECKPOINT_PROGRESS","category_id":6,"verbose_level":"DEBUG","verbose_level_id":1,"msg":"saving checkpoint snapshot min: 6464, snapshot max: 6464 snapshot count: 0, oldest timestamp: (1772040067, 1) , meta checkpoint timestamp: (1772040367, 1) base write gen: 556601"}}}
{"t":{"$date":"2026-02-25T22:57:15.225+05:30"},"s":"I",  "c":"WTCHKPT",  "id":22430,   "ctx":"Checkpointer","msg":"WiredTiger message","attr":{"message":{"ts_sec":1772040435,"ts_usec":225170,"thread":"67409:0x30dd83000","session_name":"WT_SESSION.checkpoint","category":"WT_VERB_CHECKPOINT_PROGRESS","category_id":6,"verbose_level":"DEBUG","verbose_level_id":1,"msg":"saving checkpoint snapshot min: 6479, snapshot max: 6479 snapshot count: 0, oldest timestamp: (1772040127, 1) , meta checkpoint timestamp: (1772040427, 1) base write gen: 556601"}}}
{"t":{"$date":"2026-02-25T22:58:15.348+05:30"},"s":"I",  "c":"WTCHKPT",  "id":22430,   "ctx":"Checkpointer","msg":"WiredTiger message","attr":{"message":{"ts_sec":1772040495,"ts_usec":347959,"thread":"67409:0x30dd83000","session_name":"WT_SESSION.checkpoint","category":"WT_VERB_CHECKPOINT_PROGRESS","category_id":6,"verbose_level":"DEBUG","verbose_level_id":1,"msg":"saving checkpoint snapshot min: 6494, snapshot max: 6494 snapshot count: 0, oldest timestamp: (1772040187, 1) , meta checkpoint timestamp: (1772040487, 1) base write gen: 556601"}}}
{"t":{"$date":"2026-02-25T22:59:15.485+05:30"},"s":"I",  "c":"WTCHKPT",  "id":22430,   "ctx":"Checkpointer","msg":"WiredTiger message","attr":{"message":{"ts_sec":1772040555,"ts_usec":485419,"thread":"67409:0x30dd83000","session_name":"WT_SESSION.checkpoint","category":"WT_VERB_CHECKPOINT_PROGRESS","category_id":6,"verbose_level":"DEBUG","verbose_level_id":1,"msg":"saving checkpoint snapshot min: 6509, snapshot max: 6509 snapshot count: 0, oldest timestamp: (1772040247, 1) , meta checkpoint timestamp: (1772040547, 1) base write gen: 556601"}}}
{"t":{"$date":"2026-02-25T23:00:15.872+05:30"},"s":"I",  "c":"WTCHKPT",  "id":22430,   "ctx":"Checkpointer","msg":"WiredTiger message","attr":{"message":{"ts_sec":1772040615,"ts_usec":872009,"thread":"67409:0x30dd83000","session_name":"WT_SESSION.checkpoint","category":"WT_VERB_CHECKPOINT_PROGRESS","category_id":6,"verbose_level":"DEBUG","verbose_level_id":1,"msg":"saving checkpoint snapshot min: 6524, snapshot max: 6524 snapshot count: 0, oldest timestamp: (1772040307, 1) , meta checkpoint timestamp: (1772040607, 1) base write gen: 556601"}}}
{"t":{"$date":"2026-02-25T23:01:16.063+05:30"},"s":"I",  "c":"WTCHKPT",  "id":22430,   "ctx":"Checkpointer","msg":"WiredTiger message","attr":{"message":{"ts_sec":1772040676,"ts_usec":63157,"thread":"67409:0x30dd83000","session_name":"WT_SESSION.checkpoint","category":"WT_VERB_CHECKPOINT_PROGRESS","category_id":6,"verbose_level":"DEBUG","verbose_level_id":1,"msg":"saving checkpoint snapshot min: 6539, snapshot max: 6539 snapshot count: 0, oldest timestamp: (1772040367, 1) , meta checkpoint timestamp: (1772040667, 1) base write gen: 556601"}}}
{"t":{"$date":"2026-02-25T23:02:16.223+05:30"},"s":"I",  "c":"WTCHKPT",  "id":22430,   "ctx":"Checkpointer","msg":"WiredTiger message","attr":{"message":{"ts_sec":1772040736,"ts_usec":223288,"thread":"67409:0x30dd83000","session_name":"WT_SESSION.checkpoint","category":"WT_VERB_CHECKPOINT_PROGRESS","category_id":6,"verbose_level":"DEBUG","verbose_level_id":1,"msg":"saving checkpoint snapshot min: 6554, snapshot max: 6554 snapshot count: 0, oldest timestamp: (1772040427, 1) , meta checkpoint timestamp: (1772040727, 1) base write gen: 556601"}}}
{"t":{"$date":"2026-02-25T23:03:16.549+05:30"},"s":"I",  "c":"WTCHKPT",  "id":22430,   "ctx":"Checkpointer","msg":"WiredTiger message","attr":{"message":{"ts_sec":1772040796,"ts_usec":549768,"thread":"67409:0x30dd83000","session_name":"WT_SESSION.checkpoint","category":"WT_VERB_CHECKPOINT_PROGRESS","category_id":6,"verbose_level":"DEBUG","verbose_level_id":1,"msg":"saving checkpoint snapshot min: 6569, snapshot max: 6569 snapshot count: 0, oldest timestamp: (1772040487, 1) , meta checkpoint timestamp: (1772040787, 1) base write gen: 556601"}}}
{"t":{"$date":"2026-02-25T23:04:16.679+05:30"},"s":"I",  "c":"WTCHKPT",  "id":22430,   "ctx":"Checkpointer","msg":"WiredTiger message","attr":{"message":{"ts_sec":1772040856,"ts_usec":679209,"thread":"67409:0x30dd83000","session_name":"WT_SESSION.checkpoint","category":"WT_VERB_CHECKPOINT_PROGRESS","category_id":6,"verbose_level":"DEBUG","verbose_level_id":1,"msg":"saving checkpoint snapshot min: 6584, snapshot max: 6584 snapshot count: 0, oldest timestamp: (1772040547, 1) , meta checkpoint timestamp: (1772040847, 1) base write gen: 556601"}}}
{"t":{"$date":"2026-02-25T23:05:16.832+05:30"},"s":"I",  "c":"WTCHKPT",  "id":22430,   "ctx":"Checkpointer","msg":"WiredTiger message","attr":{"message":{"ts_sec":1772040916,"ts_usec":832785,"thread":"67409:0x30dd83000","session_name":"WT_SESSION.checkpoint","category":"WT_VERB_CHECKPOINT_PROGRESS","category_id":6,"verbose_level":"DEBUG","verbose_level_id":1,"msg":"saving checkpoint snapshot min: 6599, snapshot max: 6599 snapshot count: 0, oldest timestamp: (1772040607, 1) , meta checkpoint timestamp: (1772040907, 1) base write gen: 556601"}}}
{"t":{"$date":"2026-02-25T23:06:17.001+05:30"},"s":"I",  "c":"WTCHKPT",  "id":22430,   "ctx":"Checkpointer","msg":"WiredTiger message","attr":{"message":{"ts_sec":1772040977,"ts_usec":894,"thread":"67409:0x30dd83000","session_name":"WT_SESSION.checkpoint","category":"WT_VERB_CHECKPOINT_PROGRESS","category_id":6,"verbose_level":"DEBUG","verbose_level_id":1,"msg":"saving checkpoint snapshot min: 6614, snapshot max: 6614 snapshot count: 0, oldest timestamp: (1772040667, 1) , meta checkpoint timestamp: (1772040967, 1) base write gen: 556601"}}}
{"t":{"$date":"2026-02-25T23:07:17.123+05:30"},"s":"I",  "c":"WTCHKPT",  "id":22430,   "ctx":"Checkpointer","msg":"WiredTiger message","attr":{"message":{"ts_sec":1772041037,"ts_usec":123260,"thread":"67409:0x30dd83000","session_name":"WT_SESSION.checkpoint","category":"WT_VERB_CHECKPOINT_PROGRESS","category_id":6,"verbose_level":"DEBUG","verbose_level_id":1,"msg":"saving checkpoint snapshot min: 6629, snapshot max: 6629 snapshot count: 0, oldest timestamp: (1772040727, 1) , meta checkpoint timestamp: (1772041027, 1) base write gen: 556601"}}}
{"t":{"$date":"2026-02-25T23:08:17.254+05:30"},"s":"I",  "c":"WTCHKPT",  "id":22430,   "ctx":"Checkpointer","msg":"WiredTiger message","attr":{"message":{"ts_sec":1772041097,"ts_usec":254338,"thread":"67409:0x30dd83000","session_name":"WT_SESSION.checkpoint","category":"WT_VERB_CHECKPOINT_PROGRESS","category_id":6,"verbose_level":"DEBUG","verbose_level_id":1,"msg":"saving checkpoint snapshot min: 6644, snapshot max: 6644 snapshot count: 0, oldest timestamp: (1772040787, 1) , meta checkpoint timestamp: (1772041087, 1) base write gen: 556601"}}}
{"t":{"$date":"2026-02-25T23:09:17.452+05:30"},"s":"I",  "c":"WTCHKPT",  "id":22430,   "ctx":"Checkpointer","msg":"WiredTiger message","attr":{"message":{"ts_sec":1772041157,"ts_usec":451916,"thread":"67409:0x30dd83000","session_name":"WT_SESSION.checkpoint","category":"WT_VERB_CHECKPOINT_PROGRESS","category_id":6,"verbose_level":"DEBUG","verbose_level_id":1,"msg":"saving checkpoint snapshot min: 6659, snapshot max: 6659 snapshot count: 0, oldest timestamp: (1772040847, 1) , meta checkpoint timestamp: (1772041147, 1) base write gen: 556601"}}}
{"t":{"$date":"2026-02-25T23:10:17.583+05:30"},"s":"I",  "c":"WTCHKPT",  "id":22430,   "ctx":"Checkpointer","msg":"WiredTiger message","attr":{"message":{"ts_sec":1772041217,"ts_usec":583258,"thread":"67409:0x30dd83000","session_name":"WT_SESSION.checkpoint","category":"WT_VERB_CHECKPOINT_PROGRESS","category_id":6,"verbose_level":"DEBUG","verbose_level_id":1,"msg":"saving checkpoint snapshot min: 6674, snapshot max: 6674 snapshot count: 0, oldest timestamp: (1772040907, 1) , meta checkpoint timestamp: (1772041207, 1) base write gen: 556601"}}}
{"t":{"$date":"2026-02-25T23:11:17.696+05:30"},"s":"I",  "c":"WTCHKPT",  "id":22430,   "ctx":"Checkpointer","msg":"WiredTiger message","attr":{"message":{"ts_sec":1772041277,"ts_usec":696782,"thread":"67409:0x30dd83000","session_name":"WT_SESSION.checkpoint","category":"WT_VERB_CHECKPOINT_PROGRESS","category_id":6,"verbose_level":"DEBUG","verbose_level_id":1,"msg":"saving checkpoint snapshot min: 6689, snapshot max: 6689 snapshot count: 0, oldest timestamp: (1772040967, 1) , meta checkpoint timestamp: (1772041267, 1) base write gen: 556601"}}}
{"t":{"$date":"2026-02-25T23:12:17.935+05:30"},"s":"I",  "c":"WTCHKPT",  "id":22430,   "ctx":"Checkpointer","msg":"WiredTiger message","attr":{"message":{"ts_sec":1772041337,"ts_usec":934936,"thread":"67409:0x30dd83000","session_name":"WT_SESSION.checkpoint","category":"WT_VERB_CHECKPOINT_PROGRESS","category_id":6,"verbose_level":"DEBUG","verbose_level_id":1,"msg":"saving checkpoint snapshot min: 6705, snapshot max: 6705 snapshot count: 0, oldest timestamp: (1772041037, 1) , meta checkpoint timestamp: (1772041327, 1) base write gen: 556601"}}}
{"t":{"$date":"2026-02-25T23:13:18.075+05:30"},"s":"I",  "c":"WTCHKPT",  "id":22430,   "ctx":"Checkpointer","msg":"WiredTiger message","attr":{"message":{"ts_sec":1772041398,"ts_usec":75799,"thread":"67409:0x30dd83000","session_name":"WT_SESSION.checkpoint","category":"WT_VERB_CHECKPOINT_PROGRESS","category_id":6,"verbose_level":"DEBUG","verbose_level_id":1,"msg":"saving checkpoint snapshot min: 6721, snapshot max: 6721 snapshot count: 0, oldest timestamp: (1772041097, 1) , meta checkpoint timestamp: (1772041397, 1) base write gen: 556601"}}}
{"t":{"$date":"2026-02-25T23:14:18.190+05:30"},"s":"I",  "c":"WTCHKPT",  "id":22430,   "ctx":"Checkpointer","msg":"WiredTiger message","attr":{"message":{"ts_sec":1772041458,"ts_usec":190010,"thread":"67409:0x30dd83000","session_name":"WT_SESSION.checkpoint","category":"WT_VERB_CHECKPOINT_PROGRESS","category_id":6,"verbose_level":"DEBUG","verbose_level_id":1,"msg":"saving checkpoint snapshot min: 6736, snapshot max: 6736 snapshot count: 0, oldest timestamp: (1772041157, 1) , meta checkpoint timestamp: (1772041457, 1) base write gen: 556601"}}}
{"t":{"$date":"2026-02-25T23:15:18.295+05:30"},"s":"I",  "c":"WTCHKPT",  "id":22430,   "ctx":"Checkpointer","msg":"WiredTiger message","attr":{"message":{"ts_sec":1772041518,"ts_usec":295432,"thread":"67409:0x30dd83000","session_name":"WT_SESSION.checkpoint","category":"WT_VERB_CHECKPOINT_PROGRESS","category_id":6,"verbose_level":"DEBUG","verbose_level_id":1,"msg":"saving checkpoint snapshot min: 6751, snapshot max: 6751 snapshot count: 0, oldest timestamp: (1772041217, 1) , meta checkpoint timestamp: (1772041517, 1) base write gen: 556601"}}}
{"t":{"$date":"2026-02-25T23:16:18.428+05:30"},"s":"I",  "c":"WTCHKPT",  "id":22430,   "ctx":"Checkpointer","msg":"WiredTiger message","attr":{"message":{"ts_sec":1772041578,"ts_usec":427908,"thread":"67409:0x30dd83000","session_name":"WT_SESSION.checkpoint","category":"WT_VERB_CHECKPOINT_PROGRESS","category_id":6,"verbose_level":"DEBUG","verbose_level_id":1,"msg":"saving checkpoint snapshot min: 6766, snapshot max: 6766 snapshot count: 0, oldest timestamp: (1772041277, 1) , meta checkpoint timestamp: (1772041577, 1) base write gen: 556601"}}}
{"t":{"$date":"2026-02-25T23:17:18.537+05:30"},"s":"I",  "c":"WTCHKPT",  "id":22430,   "ctx":"Checkpointer","msg":"WiredTiger message","attr":{"message":{"ts_sec":1772041638,"ts_usec":537618,"thread":"67409:0x30dd83000","session_name":"WT_SESSION.checkpoint","category":"WT_VERB_CHECKPOINT_PROGRESS","category_id":6,"verbose_level":"DEBUG","verbose_level_id":1,"msg":"saving checkpoint snapshot min: 6781, snapshot max: 6781 snapshot count: 0, oldest timestamp: (1772041337, 1) , meta checkpoint timestamp: (1772041637, 1) base write gen: 556601"}}}
{"t":{"$date":"2026-02-25T23:18:18.681+05:30"},"s":"I",  "c":"WTCHKPT",  "id":22430,   "ctx":"Checkpointer","msg":"WiredTiger message","attr":{"message":{"ts_sec":1772041698,"ts_usec":681196,"thread":"67409:0x30dd83000","session_name":"WT_SESSION.checkpoint","category":"WT_VERB_CHECKPOINT_PROGRESS","category_id":6,"verbose_level":"DEBUG","verbose_level_id":1,"msg":"saving checkpoint snapshot min: 6796, snapshot max: 6796 snapshot count: 0, oldest timestamp: (1772041397, 1) , meta checkpoint timestamp: (1772041697, 1) base write gen: 556601"}}}
{"t":{"$date":"2026-02-25T23:19:18.796+05:30"},"s":"I",  "c":"WTCHKPT",  "id":22430,   "ctx":"Checkpointer","msg":"WiredTiger message","attr":{"message":{"ts_sec":1772041758,"ts_usec":796731,"thread":"67409:0x30dd83000","session_name":"WT_SESSION.checkpoint","category":"WT_VERB_CHECKPOINT_PROGRESS","category_id":6,"verbose_level":"DEBUG","verbose_level_id":1,"msg":"saving checkpoint snapshot min: 6811, snapshot max: 6811 snapshot count: 0, oldest timestamp: (1772041457, 1) , meta checkpoint timestamp: (1772041757, 1) base write gen: 556601"}}}
{"t":{"$date":"2026-02-25T23:20:18.907+05:30"},"s":"I",  "c":"WTCHKPT",  "id":22430,   "ctx":"Checkpointer","msg":"WiredTiger message","attr":{"message":{"ts_sec":1772041818,"ts_usec":907095,"thread":"67409:0x30dd83000","session_name":"WT_SESSION.checkpoint","category":"WT_VERB_CHECKPOINT_PROGRESS","category_id":6,"verbose_level":"DEBUG","verbose_level_id":1,"msg":"saving checkpoint snapshot min: 6826, snapshot max: 6826 snapshot count: 0, oldest timestamp: (1772041517, 1) , meta checkpoint timestamp: (1772041817, 1) base write gen: 556601"}}}
{"t":{"$date":"2026-02-25T23:21:19.033+05:30"},"s":"I",  "c":"WTCHKPT",  "id":22430,   "ctx":"Checkpointer","msg":"WiredTiger message","attr":{"message":{"ts_sec":1772041879,"ts_usec":32854,"thread":"67409:0x30dd83000","session_name":"WT_SESSION.checkpoint","category":"WT_VERB_CHECKPOINT_PROGRESS","category_id":6,"verbose_level":"DEBUG","verbose_level_id":1,"msg":"saving checkpoint snapshot min: 6841, snapshot max: 6841 snapshot count: 0, oldest timestamp: (1772041577, 1) , meta checkpoint timestamp: (1772041877, 1) base write gen: 556601"}}}
{"t":{"$date":"2026-02-25T23:22:19.184+05:30"},"s":"I",  "c":"WTCHKPT",  "id":22430,   "ctx":"Checkpointer","msg":"WiredTiger message","attr":{"message":{"ts_sec":1772041939,"ts_usec":184624,"thread":"67409:0x30dd83000","session_name":"WT_SESSION.checkpoint","category":"WT_VERB_CHECKPOINT_PROGRESS","category_id":6,"verbose_level":"DEBUG","verbose_level_id":1,"msg":"saving checkpoint snapshot min: 6856, snapshot max: 6856 snapshot count: 0, oldest timestamp: (1772041638, 1) , meta checkpoint timestamp: (1772041938, 1) base write gen: 556601"}}}
{"t":{"$date":"2026-02-25T23:23:19.310+05:30"},"s":"I",  "c":"WTCHKPT",  "id":22430,   "ctx":"Checkpointer","msg":"WiredTiger message","attr":{"message":{"ts_sec":1772041999,"ts_usec":310675,"thread":"67409:0x30dd83000","session_name":"WT_SESSION.checkpoint","category":"WT_VERB_CHECKPOINT_PROGRESS","category_id":6,"verbose_level":"DEBUG","verbose_level_id":1,"msg":"saving checkpoint snapshot min: 6871, snapshot max: 6871 snapshot count: 0, oldest timestamp: (1772041698, 1) , meta checkpoint timestamp: (1772041998, 1) base write gen: 556601"}}}
{"t":{"$date":"2026-02-25T23:24:19.433+05:30"},"s":"I",  "c":"WTCHKPT",  "id":22430,   "ctx":"Checkpointer","msg":"WiredTiger message","attr":{"message":{"ts_sec":1772042059,"ts_usec":433647,"thread":"67409:0x30dd83000","session_name":"WT_SESSION.checkpoint","category":"WT_VERB_CHECKPOINT_PROGRESS","category_id":6,"verbose_level":"DEBUG","verbose_level_id":1,"msg":"saving checkpoint snapshot min: 6886, snapshot max: 6886 snapshot count: 0, oldest timestamp: (1772041758, 1) , meta checkpoint timestamp: (1772042058, 1) base write gen: 556601"}}}
{"t":{"$date":"2026-02-25T23:25:19.556+05:30"},"s":"I",  "c":"WTCHKPT",  "id":22430,   "ctx":"Checkpointer","msg":"WiredTiger message","attr":{"message":{"ts_sec":1772042119,"ts_usec":553983,"thread":"67409:0x30dd83000","session_name":"WT_SESSION.checkpoint","category":"WT_VERB_CHECKPOINT_PROGRESS","category_id":6,"verbose_level":"DEBUG","verbose_level_id":1,"msg":"saving checkpoint snapshot min: 6901, snapshot max: 6901 snapshot count: 0, oldest timestamp: (1772041818, 1) , meta checkpoint timestamp: (1772042118, 1) base write gen: 556601"}}}
{"t":{"$date":"2026-02-25T23:26:19.678+05:30"},"s":"I",  "c":"WTCHKPT",  "id":22430,   "ctx":"Checkpointer","msg":"WiredTiger message","attr":{"message":{"ts_sec":1772042179,"ts_usec":678502,"thread":"67409:0x30dd83000","session_name":"WT_SESSION.checkpoint","category":"WT_VERB_CHECKPOINT_PROGRESS","category_id":6,"verbose_level":"DEBUG","verbose_level_id":1,"msg":"saving checkpoint snapshot min: 6916, snapshot max: 6916 snapshot count: 0, oldest timestamp: (1772041878, 1) , meta checkpoint timestamp: (1772042178, 1) base write gen: 556601"}}}
{"t":{"$date":"2026-02-25T23:27:19.792+05:30"},"s":"I",  "c":"WTCHKPT",  "id":22430,   "ctx":"Checkpointer","msg":"WiredTiger message","attr":{"message":{"ts_sec":1772042239,"ts_usec":792079,"thread":"67409:0x30dd83000","session_name":"WT_SESSION.checkpoint","category":"WT_VERB_CHECKPOINT_PROGRESS","category_id":6,"verbose_level":"DEBUG","verbose_level_id":1,"msg":"saving checkpoint snapshot min: 6931, snapshot max: 6931 snapshot count: 0, oldest timestamp: (1772041938, 1) , meta checkpoint timestamp: (1772042238, 1) base write gen: 556601"}}}
{"t":{"$date":"2026-02-25T23:28:19.935+05:30"},"s":"I",  "c":"WTCHKPT",  "id":22430,   "ctx":"Checkpointer","msg":"WiredTiger message","attr":{"message":{"ts_sec":1772042299,"ts_usec":935599,"thread":"67409:0x30dd83000","session_name":"WT_SESSION.checkpoint","category":"WT_VERB_CHECKPOINT_PROGRESS","category_id":6,"verbose_level":"DEBUG","verbose_level_id":1,"msg":"saving checkpoint snapshot min: 6946, snapshot max: 6946 snapshot count: 0, oldest timestamp: (1772041998, 1) , meta checkpoint timestamp: (1772042298, 1) base write gen: 556601"}}}
{"t":{"$date":"2026-02-25T23:29:20.090+05:30"},"s":"I",  "c":"WTCHKPT",  "id":22430,   "ctx":"Checkpointer","msg":"WiredTiger message","attr":{"message":{"ts_sec":1772042360,"ts_usec":89959,"thread":"67409:0x30dd83000","session_name":"WT_SESSION.checkpoint","category":"WT_VERB_CHECKPOINT_PROGRESS","category_id":6,"verbose_level":"DEBUG","verbose_level_id":1,"msg":"saving checkpoint snapshot min: 6961, snapshot max: 6961 snapshot count: 0, oldest timestamp: (1772042058, 1) , meta checkpoint timestamp: (1772042358, 1) base write gen: 556601"}}}
{"t":{"$date":"2026-02-25T23:30:20.218+05:30"},"s":"I",  "c":"WTCHKPT",  "id":22430,   "ctx":"Checkpointer","msg":"WiredTiger message","attr":{"message":{"ts_sec":1772042420,"ts_usec":215453,"thread":"67409:0x30dd83000","session_name":"WT_SESSION.checkpoint","category":"WT_VERB_CHECKPOINT_PROGRESS","category_id":6,"verbose_level":"DEBUG","verbose_level_id":1,"msg":"saving checkpoint snapshot min: 6976, snapshot max: 6976 snapshot count: 0, oldest timestamp: (1772042118, 1) , meta checkpoint timestamp: (1772042418, 1) base write gen: 556601"}}}
{"t":{"$date":"2026-02-25T23:31:20.359+05:30"},"s":"I",  "c":"WTCHKPT",  "id":22430,   "ctx":"Checkpointer","msg":"WiredTiger message","attr":{"message":{"ts_sec":1772042480,"ts_usec":359013,"thread":"67409:0x30dd83000","session_name":"WT_SESSION.checkpoint","category":"WT_VERB_CHECKPOINT_PROGRESS","category_id":6,"verbose_level":"DEBUG","verbose_level_id":1,"msg":"saving checkpoint snapshot min: 6991, snapshot max: 6991 snapshot count: 0, oldest timestamp: (1772042178, 1) , meta checkpoint timestamp: (1772042478, 1) base write gen: 556601"}}}
{"t":{"$date":"2026-02-25T23:32:20.479+05:30"},"s":"I",  "c":"WTCHKPT",  "id":22430,   "ctx":"Checkpointer","msg":"WiredTiger message","attr":{"message":{"ts_sec":1772042540,"ts_usec":479284,"thread":"67409:0x30dd83000","session_name":"WT_SESSION.checkpoint","category":"WT_VERB_CHECKPOINT_PROGRESS","category_id":6,"verbose_level":"DEBUG","verbose_level_id":1,"msg":"saving checkpoint snapshot min: 7006, snapshot max: 7006 snapshot count: 0, oldest timestamp: (1772042238, 1) , meta checkpoint timestamp: (1772042538, 1) base write gen: 556601"}}}
{"t":{"$date":"2026-02-25T23:33:20.680+05:30"},"s":"I",  "c":"WTCHKPT",  "id":22430,   "ctx":"Checkpointer","msg":"WiredTiger message","attr":{"message":{"ts_sec":1772042600,"ts_usec":680651,"thread":"67409:0x30dd83000","session_name":"WT_SESSION.checkpoint","category":"WT_VERB_CHECKPOINT_PROGRESS","category_id":6,"verbose_level":"DEBUG","verbose_level_id":1,"msg":"saving checkpoint snapshot min: 7021, snapshot max: 7021 snapshot count: 0, oldest timestamp: (1772042298, 1) , meta checkpoint timestamp: (1772042598, 1) base write gen: 556601"}}}
{"t":{"$date":"2026-02-25T23:34:20.816+05:30"},"s":"I",  "c":"WTCHKPT",  "id":22430,   "ctx":"Checkpointer","msg":"WiredTiger message","attr":{"message":{"ts_sec":1772042660,"ts_usec":816468,"thread":"67409:0x30dd83000","session_name":"WT_SESSION.checkpoint","category":"WT_VERB_CHECKPOINT_PROGRESS","category_id":6,"verbose_level":"DEBUG","verbose_level_id":1,"msg":"saving checkpoint snapshot min: 7036, snapshot max: 7036 snapshot count: 0, oldest timestamp: (1772042358, 1) , meta checkpoint timestamp: (1772042658, 1) base write gen: 556601"}}}
{"t":{"$date":"2026-02-25T23:35:20.947+05:30"},"s":"I",  "c":"WTCHKPT",  "id":22430,   "ctx":"Checkpointer","msg":"WiredTiger message","attr":{"message":{"ts_sec":1772042720,"ts_usec":947602,"thread":"67409:0x30dd83000","session_name":"WT_SESSION.checkpoint","category":"WT_VERB_CHECKPOINT_PROGRESS","category_id":6,"verbose_level":"DEBUG","verbose_level_id":1,"msg":"saving checkpoint snapshot min: 7051, snapshot max: 7051 snapshot count: 0, oldest timestamp: (1772042418, 1) , meta checkpoint timestamp: (1772042718, 1) base write gen: 556601"}}}
{"t":{"$date":"2026-02-25T23:36:21.176+05:30"},"s":"I",  "c":"WTCHKPT",  "id":22430,   "ctx":"Checkpointer","msg":"WiredTiger message","attr":{"message":{"ts_sec":1772042781,"ts_usec":176145,"thread":"67409:0x30dd83000","session_name":"WT_SESSION.checkpoint","category":"WT_VERB_CHECKPOINT_PROGRESS","category_id":6,"verbose_level":"DEBUG","verbose_level_id":1,"msg":"saving checkpoint snapshot min: 7066, snapshot max: 7066 snapshot count: 0, oldest timestamp: (1772042478, 1) , meta checkpoint timestamp: (1772042778, 1) base write gen: 556601"}}}
{"t":{"$date":"2026-02-25T23:37:21.317+05:30"},"s":"I",  "c":"WTCHKPT",  "id":22430,   "ctx":"Checkpointer","msg":"WiredTiger message","attr":{"message":{"ts_sec":1772042841,"ts_usec":317579,"thread":"67409:0x30dd83000","session_name":"WT_SESSION.checkpoint","category":"WT_VERB_CHECKPOINT_PROGRESS","category_id":6,"verbose_level":"DEBUG","verbose_level_id":1,"msg":"saving checkpoint snapshot min: 7081, snapshot max: 7081 snapshot count: 0, oldest timestamp: (1772042538, 1) , meta checkpoint timestamp: (1772042838, 1) base write gen: 556601"}}}
{"t":{"$date":"2026-02-25T23:38:21.554+05:30"},"s":"I",  "c":"WTCHKPT",  "id":22430,   "ctx":"Checkpointer","msg":"WiredTiger message","attr":{"message":{"ts_sec":1772042901,"ts_usec":553943,"thread":"67409:0x30dd83000","session_name":"WT_SESSION.checkpoint","category":"WT_VERB_CHECKPOINT_PROGRESS","category_id":6,"verbose_level":"DEBUG","verbose_level_id":1,"msg":"saving checkpoint snapshot min: 7096, snapshot max: 7096 snapshot count: 0, oldest timestamp: (1772042598, 1) , meta checkpoint timestamp: (1772042898, 1) base write gen: 556601"}}}
{"t":{"$date":"2026-02-25T23:39:21.655+05:30"},"s":"I",  "c":"WTCHKPT",  "id":22430,   "ctx":"Checkpointer","msg":"WiredTiger message","attr":{"message":{"ts_sec":1772042961,"ts_usec":655439,"thread":"67409:0x30dd83000","session_name":"WT_SESSION.checkpoint","category":"WT_VERB_CHECKPOINT_PROGRESS","category_id":6,"verbose_level":"DEBUG","verbose_level_id":1,"msg":"saving checkpoint snapshot min: 7111, snapshot max: 7111 snapshot count: 0, oldest timestamp: (1772042658, 1) , meta checkpoint timestamp: (1772042958, 1) base write gen: 556601"}}}
{"t":{"$date":"2026-02-25T23:40:21.803+05:30"},"s":"I",  "c":"WTCHKPT",  "id":22430,   "ctx":"Checkpointer","msg":"WiredTiger message","attr":{"message":{"ts_sec":1772043021,"ts_usec":802969,"thread":"67409:0x30dd83000","session_name":"WT_SESSION.checkpoint","category":"WT_VERB_CHECKPOINT_PROGRESS","category_id":6,"verbose_level":"DEBUG","verbose_level_id":1,"msg":"saving checkpoint snapshot min: 7126, snapshot max: 7126 snapshot count: 0, oldest timestamp: (1772042718, 1) , meta checkpoint timestamp: (1772043018, 1) base write gen: 556601"}}}
{"t":{"$date":"2026-02-25T23:41:21.947+05:30"},"s":"I",  "c":"WTCHKPT",  "id":22430,   "ctx":"Checkpointer","msg":"WiredTiger message","attr":{"message":{"ts_sec":1772043081,"ts_usec":946930,"thread":"67409:0x30dd83000","session_name":"WT_SESSION.checkpoint","category":"WT_VERB_CHECKPOINT_PROGRESS","category_id":6,"verbose_level":"DEBUG","verbose_level_id":1,"msg":"saving checkpoint snapshot min: 7141, snapshot max: 7141 snapshot count: 0, oldest timestamp: (1772042778, 1) , meta checkpoint timestamp: (1772043078, 1) base write gen: 556601"}}}
{"t":{"$date":"2026-02-25T23:42:22.099+05:30"},"s":"I",  "c":"WTCHKPT",  "id":22430,   "ctx":"Checkpointer","msg":"WiredTiger message","attr":{"message":{"ts_sec":1772043142,"ts_usec":98964,"thread":"67409:0x30dd83000","session_name":"WT_SESSION.checkpoint","category":"WT_VERB_CHECKPOINT_PROGRESS","category_id":6,"verbose_level":"DEBUG","verbose_level_id":1,"msg":"saving checkpoint snapshot min: 7156, snapshot max: 7156 snapshot count: 0, oldest timestamp: (1772042838, 1) , meta checkpoint timestamp: (1772043138, 1) base write gen: 556601"}}}
{"t":{"$date":"2026-02-25T23:43:22.298+05:30"},"s":"I",  "c":"WTCHKPT",  "id":22430,   "ctx":"Checkpointer","msg":"WiredTiger message","attr":{"message":{"ts_sec":1772043202,"ts_usec":298145,"thread":"67409:0x30dd83000","session_name":"WT_SESSION.checkpoint","category":"WT_VERB_CHECKPOINT_PROGRESS","category_id":6,"verbose_level":"DEBUG","verbose_level_id":1,"msg":"saving checkpoint snapshot min: 7171, snapshot max: 7171 snapshot count: 0, oldest timestamp: (1772042898, 1) , meta checkpoint timestamp: (1772043198, 1) base write gen: 556601"}}}
{"t":{"$date":"2026-02-25T23:44:22.421+05:30"},"s":"I",  "c":"WTCHKPT",  "id":22430,   "ctx":"Checkpointer","msg":"WiredTiger message","attr":{"message":{"ts_sec":1772043262,"ts_usec":421138,"thread":"67409:0x30dd83000","session_name":"WT_SESSION.checkpoint","category":"WT_VERB_CHECKPOINT_PROGRESS","category_id":6,"verbose_level":"DEBUG","verbose_level_id":1,"msg":"saving checkpoint snapshot min: 7186, snapshot max: 7186 snapshot count: 0, oldest timestamp: (1772042958, 1) , meta checkpoint timestamp: (1772043258, 1) base write gen: 556601"}}}
{"t":{"$date":"2026-02-25T23:45:22.575+05:30"},"s":"I",  "c":"WTCHKPT",  "id":22430,   "ctx":"Checkpointer","msg":"WiredTiger message","attr":{"message":{"ts_sec":1772043322,"ts_usec":575054,"thread":"67409:0x30dd83000","session_name":"WT_SESSION.checkpoint","category":"WT_VERB_CHECKPOINT_PROGRESS","category_id":6,"verbose_level":"DEBUG","verbose_level_id":1,"msg":"saving checkpoint snapshot min: 7201, snapshot max: 7201 snapshot count: 0, oldest timestamp: (1772043018, 1) , meta checkpoint timestamp: (1772043318, 1) base write gen: 556601"}}}
{"t":{"$date":"2026-02-25T23:46:22.741+05:30"},"s":"I",  "c":"WTCHKPT",  "id":22430,   "ctx":"Checkpointer","msg":"WiredTiger message","attr":{"message":{"ts_sec":1772043382,"ts_usec":741056,"thread":"67409:0x30dd83000","session_name":"WT_SESSION.checkpoint","category":"WT_VERB_CHECKPOINT_PROGRESS","category_id":6,"verbose_level":"DEBUG","verbose_level_id":1,"msg":"saving checkpoint snapshot min: 7216, snapshot max: 7216 snapshot count: 0, oldest timestamp: (1772043078, 1) , meta checkpoint timestamp: (1772043378, 1) base write gen: 556601"}}}
{"t":{"$date":"2026-02-25T23:47:22.884+05:30"},"s":"I",  "c":"WTCHKPT",  "id":22430,   "ctx":"Checkpointer","msg":"WiredTiger message","attr":{"message":{"ts_sec":1772043442,"ts_usec":884883,"thread":"67409:0x30dd83000","session_name":"WT_SESSION.checkpoint","category":"WT_VERB_CHECKPOINT_PROGRESS","category_id":6,"verbose_level":"DEBUG","verbose_level_id":1,"msg":"saving checkpoint snapshot min: 7231, snapshot max: 7231 snapshot count: 0, oldest timestamp: (1772043138, 1) , meta checkpoint timestamp: (1772043438, 1) base write gen: 556601"}}}
{"t":{"$date":"2026-02-25T23:48:23.033+05:30"},"s":"I",  "c":"WTCHKPT",  "id":22430,   "ctx":"Checkpointer","msg":"WiredTiger message","attr":{"message":{"ts_sec":1772043503,"ts_usec":33000,"thread":"67409:0x30dd83000","session_name":"WT_SESSION.checkpoint","category":"WT_VERB_CHECKPOINT_PROGRESS","category_id":6,"verbose_level":"DEBUG","verbose_level_id":1,"msg":"saving checkpoint snapshot min: 7246, snapshot max: 7246 snapshot count: 0, oldest timestamp: (1772043198, 1) , meta checkpoint timestamp: (1772043498, 1) base write gen: 556601"}}}
{"t":{"$date":"2026-02-25T23:49:23.237+05:30"},"s":"I",  "c":"WTCHKPT",  "id":22430,   "ctx":"Checkpointer","msg":"WiredTiger message","attr":{"message":{"ts_sec":1772043563,"ts_usec":237514,"thread":"67409:0x30dd83000","session_name":"WT_SESSION.checkpoint","category":"WT_VERB_CHECKPOINT_PROGRESS","category_id":6,"verbose_level":"DEBUG","verbose_level_id":1,"msg":"saving checkpoint snapshot min: 7261, snapshot max: 7261 snapshot count: 0, oldest timestamp: (1772043258, 1) , meta checkpoint timestamp: (1772043558, 1) base write gen: 556601"}}}
{"t":{"$date":"2026-02-25T23:50:23.356+05:30"},"s":"I",  "c":"WTCHKPT",  "id":22430,   "ctx":"Checkpointer","msg":"WiredTiger message","attr":{"message":{"ts_sec":1772043623,"ts_usec":355974,"thread":"67409:0x30dd83000","session_name":"WT_SESSION.checkpoint","category":"WT_VERB_CHECKPOINT_PROGRESS","category_id":6,"verbose_level":"DEBUG","verbose_level_id":1,"msg":"saving checkpoint snapshot min: 7276, snapshot max: 7276 snapshot count: 0, oldest timestamp: (1772043318, 1) , meta checkpoint timestamp: (1772043618, 1) base write gen: 556601"}}}
{"t":{"$date":"2026-02-25T23:51:23.519+05:30"},"s":"I",  "c":"WTCHKPT",  "id":22430,   "ctx":"Checkpointer","msg":"WiredTiger message","attr":{"message":{"ts_sec":1772043683,"ts_usec":519849,"thread":"67409:0x30dd83000","session_name":"WT_SESSION.checkpoint","category":"WT_VERB_CHECKPOINT_PROGRESS","category_id":6,"verbose_level":"DEBUG","verbose_level_id":1,"msg":"saving checkpoint snapshot min: 7291, snapshot max: 7291 snapshot count: 0, oldest timestamp: (1772043378, 1) , meta checkpoint timestamp: (1772043678, 1) base write gen: 556601"}}}
{"t":{"$date":"2026-02-25T23:52:23.826+05:30"},"s":"I",  "c":"WTCHKPT",  "id":22430,   "ctx":"Checkpointer","msg":"WiredTiger message","attr":{"message":{"ts_sec":1772043743,"ts_usec":826381,"thread":"67409:0x30dd83000","session_name":"WT_SESSION.checkpoint","category":"WT_VERB_CHECKPOINT_PROGRESS","category_id":6,"verbose_level":"DEBUG","verbose_level_id":1,"msg":"saving checkpoint snapshot min: 7306, snapshot max: 7306 snapshot count: 0, oldest timestamp: (1772043438, 1) , meta checkpoint timestamp: (1772043738, 1) base write gen: 556601"}}}
{"t":{"$date":"2026-02-25T23:53:23.974+05:30"},"s":"I",  "c":"WTCHKPT",  "id":22430,   "ctx":"Checkpointer","msg":"WiredTiger message","attr":{"message":{"ts_sec":1772043803,"ts_usec":974196,"thread":"67409:0x30dd83000","session_name":"WT_SESSION.checkpoint","category":"WT_VERB_CHECKPOINT_PROGRESS","category_id":6,"verbose_level":"DEBUG","verbose_level_id":1,"msg":"saving checkpoint snapshot min: 7321, snapshot max: 7321 snapshot count: 0, oldest timestamp: (1772043498, 1) , meta checkpoint timestamp: (1772043798, 1) base write gen: 556601"}}}
{"t":{"$date":"2026-02-25T23:54:24.098+05:30"},"s":"I",  "c":"WTCHKPT",  "id":22430,   "ctx":"Checkpointer","msg":"WiredTiger message","attr":{"message":{"ts_sec":1772043864,"ts_usec":98374,"thread":"67409:0x30dd83000","session_name":"WT_SESSION.checkpoint","category":"WT_VERB_CHECKPOINT_PROGRESS","category_id":6,"verbose_level":"DEBUG","verbose_level_id":1,"msg":"saving checkpoint snapshot min: 7336, snapshot max: 7336 snapshot count: 0, oldest timestamp: (1772043558, 1) , meta checkpoint timestamp: (1772043858, 1) base write gen: 556601"}}}
{"t":{"$date":"2026-02-25T23:55:24.292+05:30"},"s":"I",  "c":"WTCHKPT",  "id":22430,   "ctx":"Checkpointer","msg":"WiredTiger message","attr":{"message":{"ts_sec":1772043924,"ts_usec":289881,"thread":"67409:0x30dd83000","session_name":"WT_SESSION.checkpoint","category":"WT_VERB_CHECKPOINT_PROGRESS","category_id":6,"verbose_level":"DEBUG","verbose_level_id":1,"msg":"saving checkpoint snapshot min: 7351, snapshot max: 7351 snapshot count: 0, oldest timestamp: (1772043618, 1) , meta checkpoint timestamp: (1772043918, 1) base write gen: 556601"}}}
{"t":{"$date":"2026-02-25T23:56:24.448+05:30"},"s":"I",  "c":"WTCHKPT",  "id":22430,   "ctx":"Checkpointer","msg":"WiredTiger message","attr":{"message":{"ts_sec":1772043984,"ts_usec":445848,"thread":"67409:0x30dd83000","session_name":"WT_SESSION.checkpoint","category":"WT_VERB_CHECKPOINT_PROGRESS","category_id":6,"verbose_level":"DEBUG","verbose_level_id":1,"msg":"saving checkpoint snapshot min: 7366, snapshot max: 7366 snapshot count: 0, oldest timestamp: (1772043678, 1) , meta checkpoint timestamp: (1772043978, 1) base write gen: 556601"}}}
{"t":{"$date":"2026-02-25T23:57:24.593+05:30"},"s":"I",  "c":"WTCHKPT",  "id":22430,   "ctx":"Checkpointer","msg":"WiredTiger message","attr":{"message":{"ts_sec":1772044044,"ts_usec":593199,"thread":"67409:0x30dd83000","session_name":"WT_SESSION.checkpoint","category":"WT_VERB_CHECKPOINT_PROGRESS","category_id":6,"verbose_level":"DEBUG","verbose_level_id":1,"msg":"saving checkpoint snapshot min: 7381, snapshot max: 7381 snapshot count: 0, oldest timestamp: (1772043738, 1) , meta checkpoint timestamp: (1772044038, 1) base write gen: 556601"}}}
{"t":{"$date":"2026-02-25T23:58:24.730+05:30"},"s":"I",  "c":"WTCHKPT",  "id":22430,   "ctx":"Checkpointer","msg":"WiredTiger message","attr":{"message":{"ts_sec":1772044104,"ts_usec":730453,"thread":"67409:0x30dd83000","session_name":"WT_SESSION.checkpoint","category":"WT_VERB_CHECKPOINT_PROGRESS","category_id":6,"verbose_level":"DEBUG","verbose_level_id":1,"msg":"saving checkpoint snapshot min: 7396, snapshot max: 7396 snapshot count: 0, oldest timestamp: (1772043798, 1) , meta checkpoint timestamp: (1772044098, 1) base write gen: 556601"}}}
{"t":{"$date":"2026-02-25T23:59:24.862+05:30"},"s":"I",  "c":"WTCHKPT",  "id":22430,   "ctx":"Checkpointer","msg":"WiredTiger message","attr":{"message":{"ts_sec":1772044164,"ts_usec":862262,"thread":"67409:0x30dd83000","session_name":"WT_SESSION.checkpoint","category":"WT_VERB_CHECKPOINT_PROGRESS","category_id":6,"verbose_level":"DEBUG","verbose_level_id":1,"msg":"saving checkpoint snapshot min: 7411, snapshot max: 7411 snapshot count: 0, oldest timestamp: (1772043858, 1) , meta checkpoint timestamp: (1772044158, 1) base write gen: 556601"}}}
{"t":{"$date":"2026-02-26T00:00:25.023+05:30"},"s":"I",  "c":"WTCHKPT",  "id":22430,   "ctx":"Checkpointer","msg":"WiredTiger message","attr":{"message":{"ts_sec":1772044225,"ts_usec":22942,"thread":"67409:0x30dd83000","session_name":"WT_SESSION.checkpoint","category":"WT_VERB_CHECKPOINT_PROGRESS","category_id":6,"verbose_level":"DEBUG","verbose_level_id":1,"msg":"saving checkpoint snapshot min: 7426, snapshot max: 7426 snapshot count: 0, oldest timestamp: (1772043918, 1) , meta checkpoint timestamp: (1772044218, 1) base write gen: 556601"}}}
{"t":{"$date":"2026-02-26T00:01:25.276+05:30"},"s":"I",  "c":"WTCHKPT",  "id":22430,   "ctx":"Checkpointer","msg":"WiredTiger message","attr":{"message":{"ts_sec":1772044285,"ts_usec":273170,"thread":"67409:0x30dd83000","session_name":"WT_SESSION.checkpoint","category":"WT_VERB_CHECKPOINT_PROGRESS","category_id":6,"verbose_level":"DEBUG","verbose_level_id":1,"msg":"saving checkpoint snapshot min: 7441, snapshot max: 7441 snapshot count: 0, oldest timestamp: (1772043978, 1) , meta checkpoint timestamp: (1772044278, 1) base write gen: 556601"}}}
{"t":{"$date":"2026-02-26T00:02:25.415+05:30"},"s":"I",  "c":"WTCHKPT",  "id":22430,   "ctx":"Checkpointer","msg":"WiredTiger message","attr":{"message":{"ts_sec":1772044345,"ts_usec":415397,"thread":"67409:0x30dd83000","session_name":"WT_SESSION.checkpoint","category":"WT_VERB_CHECKPOINT_PROGRESS","category_id":6,"verbose_level":"DEBUG","verbose_level_id":1,"msg":"saving checkpoint snapshot min: 7456, snapshot max: 7456 snapshot count: 0, oldest timestamp: (1772044039, 1) , meta checkpoint timestamp: (1772044339, 1) base write gen: 556601"}}}
{"t":{"$date":"2026-02-26T00:03:25.557+05:30"},"s":"I",  "c":"WTCHKPT",  "id":22430,   "ctx":"Checkpointer","msg":"WiredTiger message","attr":{"message":{"ts_sec":1772044405,"ts_usec":557297,"thread":"67409:0x30dd83000","session_name":"WT_SESSION.checkpoint","category":"WT_VERB_CHECKPOINT_PROGRESS","category_id":6,"verbose_level":"DEBUG","verbose_level_id":1,"msg":"saving checkpoint snapshot min: 7471, snapshot max: 7471 snapshot count: 0, oldest timestamp: (1772044099, 1) , meta checkpoint timestamp: (1772044399, 1) base write gen: 556601"}}}
{"t":{"$date":"2026-02-26T00:04:25.732+05:30"},"s":"I",  "c":"WTCHKPT",  "id":22430,   "ctx":"Checkpointer","msg":"WiredTiger message","attr":{"message":{"ts_sec":1772044465,"ts_usec":732665,"thread":"67409:0x30dd83000","session_name":"WT_SESSION.checkpoint","category":"WT_VERB_CHECKPOINT_PROGRESS","category_id":6,"verbose_level":"DEBUG","verbose_level_id":1,"msg":"saving checkpoint snapshot min: 7486, snapshot max: 7486 snapshot count: 0, oldest timestamp: (1772044159, 1) , meta checkpoint timestamp: (1772044459, 1) base write gen: 556601"}}}
{"t":{"$date":"2026-02-26T00:05:25.915+05:30"},"s":"I",  "c":"WTCHKPT",  "id":22430,   "ctx":"Checkpointer","msg":"WiredTiger message","attr":{"message":{"ts_sec":1772044525,"ts_usec":915103,"thread":"67409:0x30dd83000","session_name":"WT_SESSION.checkpoint","category":"WT_VERB_CHECKPOINT_PROGRESS","category_id":6,"verbose_level":"DEBUG","verbose_level_id":1,"msg":"saving checkpoint snapshot min: 7501, snapshot max: 7501 snapshot count: 0, oldest timestamp: (1772044219, 1) , meta checkpoint timestamp: (1772044519, 1) base write gen: 556601"}}}
{"t":{"$date":"2026-02-26T00:06:26.095+05:30"},"s":"I",  "c":"WTCHKPT",  "id":22430,   "ctx":"Checkpointer","msg":"WiredTiger message","attr":{"message":{"ts_sec":1772044586,"ts_usec":95250,"thread":"67409:0x30dd83000","session_name":"WT_SESSION.checkpoint","category":"WT_VERB_CHECKPOINT_PROGRESS","category_id":6,"verbose_level":"DEBUG","verbose_level_id":1,"msg":"saving checkpoint snapshot min: 7516, snapshot max: 7516 snapshot count: 0, oldest timestamp: (1772044279, 1) , meta checkpoint timestamp: (1772044579, 1) base write gen: 556601"}}}
{"t":{"$date":"2026-02-26T00:07:26.279+05:30"},"s":"I",  "c":"WTCHKPT",  "id":22430,   "ctx":"Checkpointer","msg":"WiredTiger message","attr":{"message":{"ts_sec":1772044646,"ts_usec":278958,"thread":"67409:0x30dd83000","session_name":"WT_SESSION.checkpoint","category":"WT_VERB_CHECKPOINT_PROGRESS","category_id":6,"verbose_level":"DEBUG","verbose_level_id":1,"msg":"saving checkpoint snapshot min: 7531, snapshot max: 7531 snapshot count: 0, oldest timestamp: (1772044339, 1) , meta checkpoint timestamp: (1772044639, 1) base write gen: 556601"}}}
{"t":{"$date":"2026-02-26T00:08:26.446+05:30"},"s":"I",  "c":"WTCHKPT",  "id":22430,   "ctx":"Checkpointer","msg":"WiredTiger message","attr":{"message":{"ts_sec":1772044706,"ts_usec":446345,"thread":"67409:0x30dd83000","session_name":"WT_SESSION.checkpoint","category":"WT_VERB_CHECKPOINT_PROGRESS","category_id":6,"verbose_level":"DEBUG","verbose_level_id":1,"msg":"saving checkpoint snapshot min: 7546, snapshot max: 7546 snapshot count: 0, oldest timestamp: (1772044399, 1) , meta checkpoint timestamp: (1772044699, 1) base write gen: 556601"}}}
{"t":{"$date":"2026-02-26T00:09:26.593+05:30"},"s":"I",  "c":"WTCHKPT",  "id":22430,   "ctx":"Checkpointer","msg":"WiredTiger message","attr":{"message":{"ts_sec":1772044766,"ts_usec":593858,"thread":"67409:0x30dd83000","session_name":"WT_SESSION.checkpoint","category":"WT_VERB_CHECKPOINT_PROGRESS","category_id":6,"verbose_level":"DEBUG","verbose_level_id":1,"msg":"saving checkpoint snapshot min: 7561, snapshot max: 7561 snapshot count: 0, oldest timestamp: (1772044459, 1) , meta checkpoint timestamp: (1772044759, 1) base write gen: 556601"}}}
{"t":{"$date":"2026-02-26T00:10:26.807+05:30"},"s":"I",  "c":"WTCHKPT",  "id":22430,   "ctx":"Checkpointer","msg":"WiredTiger message","attr":{"message":{"ts_sec":1772044826,"ts_usec":803325,"thread":"67409:0x30dd83000","session_name":"WT_SESSION.checkpoint","category":"WT_VERB_CHECKPOINT_PROGRESS","category_id":6,"verbose_level":"DEBUG","verbose_level_id":1,"msg":"saving checkpoint snapshot min: 7576, snapshot max: 7576 snapshot count: 0, oldest timestamp: (1772044519, 1) , meta checkpoint timestamp: (1772044819, 1) base write gen: 556601"}}}
{"t":{"$date":"2026-02-26T00:11:26.948+05:30"},"s":"I",  "c":"WTCHKPT",  "id":22430,   "ctx":"Checkpointer","msg":"WiredTiger message","attr":{"message":{"ts_sec":1772044886,"ts_usec":947941,"thread":"67409:0x30dd83000","session_name":"WT_SESSION.checkpoint","category":"WT_VERB_CHECKPOINT_PROGRESS","category_id":6,"verbose_level":"DEBUG","verbose_level_id":1,"msg":"saving checkpoint snapshot min: 7591, snapshot max: 7591 snapshot count: 0, oldest timestamp: (1772044579, 1) , meta checkpoint timestamp: (1772044879, 1) base write gen: 556601"}}}
{"t":{"$date":"2026-02-26T00:12:27.097+05:30"},"s":"I",  "c":"WTCHKPT",  "id":22430,   "ctx":"Checkpointer","msg":"WiredTiger message","attr":{"message":{"ts_sec":1772044947,"ts_usec":97102,"thread":"67409:0x30dd83000","session_name":"WT_SESSION.checkpoint","category":"WT_VERB_CHECKPOINT_PROGRESS","category_id":6,"verbose_level":"DEBUG","verbose_level_id":1,"msg":"saving checkpoint snapshot min: 7606, snapshot max: 7606 snapshot count: 0, oldest timestamp: (1772044639, 1) , meta checkpoint timestamp: (1772044939, 1) base write gen: 556601"}}}
{"t":{"$date":"2026-02-26T00:13:27.239+05:30"},"s":"I",  "c":"WTCHKPT",  "id":22430,   "ctx":"Checkpointer","msg":"WiredTiger message","attr":{"message":{"ts_sec":1772045007,"ts_usec":239297,"thread":"67409:0x30dd83000","session_name":"WT_SESSION.checkpoint","category":"WT_VERB_CHECKPOINT_PROGRESS","category_id":6,"verbose_level":"DEBUG","verbose_level_id":1,"msg":"saving checkpoint snapshot min: 7621, snapshot max: 7621 snapshot count: 0, oldest timestamp: (1772044699, 1) , meta checkpoint timestamp: (1772044999, 1) base write gen: 556601"}}}
{"t":{"$date":"2026-02-26T00:14:27.381+05:30"},"s":"I",  "c":"WTCHKPT",  "id":22430,   "ctx":"Checkpointer","msg":"WiredTiger message","attr":{"message":{"ts_sec":1772045067,"ts_usec":381005,"thread":"67409:0x30dd83000","session_name":"WT_SESSION.checkpoint","category":"WT_VERB_CHECKPOINT_PROGRESS","category_id":6,"verbose_level":"DEBUG","verbose_level_id":1,"msg":"saving checkpoint snapshot min: 7636, snapshot max: 7636 snapshot count: 0, oldest timestamp: (1772044759, 1) , meta checkpoint timestamp: (1772045059, 1) base write gen: 556601"}}}
{"t":{"$date":"2026-02-26T00:15:27.512+05:30"},"s":"I",  "c":"WTCHKPT",  "id":22430,   "ctx":"Checkpointer","msg":"WiredTiger message","attr":{"message":{"ts_sec":1772045127,"ts_usec":512829,"thread":"67409:0x30dd83000","session_name":"WT_SESSION.checkpoint","category":"WT_VERB_CHECKPOINT_PROGRESS","category_id":6,"verbose_level":"DEBUG","verbose_level_id":1,"msg":"saving checkpoint snapshot min: 7651, snapshot max: 7651 snapshot count: 0, oldest timestamp: (1772044819, 1) , meta checkpoint timestamp: (1772045119, 1) base write gen: 556601"}}}
{"t":{"$date":"2026-02-26T00:16:27.668+05:30"},"s":"I",  "c":"WTCHKPT",  "id":22430,   "ctx":"Checkpointer","msg":"WiredTiger message","attr":{"message":{"ts_sec":1772045187,"ts_usec":668851,"thread":"67409:0x30dd83000","session_name":"WT_SESSION.checkpoint","category":"WT_VERB_CHECKPOINT_PROGRESS","category_id":6,"verbose_level":"DEBUG","verbose_level_id":1,"msg":"saving checkpoint snapshot min: 7666, snapshot max: 7666 snapshot count: 0, oldest timestamp: (1772044879, 1) , meta checkpoint timestamp: (1772045179, 1) base write gen: 556601"}}}
{"t":{"$date":"2026-02-26T00:17:27.849+05:30"},"s":"I",  "c":"WTCHKPT",  "id":22430,   "ctx":"Checkpointer","msg":"WiredTiger message","attr":{"message":{"ts_sec":1772045247,"ts_usec":849340,"thread":"67409:0x30dd83000","session_name":"WT_SESSION.checkpoint","category":"WT_VERB_CHECKPOINT_PROGRESS","category_id":6,"verbose_level":"DEBUG","verbose_level_id":1,"msg":"saving checkpoint snapshot min: 7681, snapshot max: 7681 snapshot count: 0, oldest timestamp: (1772044939, 1) , meta checkpoint timestamp: (1772045239, 1) base write gen: 556601"}}}
{"t":{"$date":"2026-02-26T00:18:27.993+05:30"},"s":"I",  "c":"WTCHKPT",  "id":22430,   "ctx":"Checkpointer","msg":"WiredTiger message","attr":{"message":{"ts_sec":1772045307,"ts_usec":993546,"thread":"67409:0x30dd83000","session_name":"WT_SESSION.checkpoint","category":"WT_VERB_CHECKPOINT_PROGRESS","category_id":6,"verbose_level":"DEBUG","verbose_level_id":1,"msg":"saving checkpoint snapshot min: 7696, snapshot max: 7696 snapshot count: 0, oldest timestamp: (1772044999, 1) , meta checkpoint timestamp: (1772045299, 1) base write gen: 556601"}}}
{"t":{"$date":"2026-02-26T00:19:28.206+05:30"},"s":"I",  "c":"WTCHKPT",  "id":22430,   "ctx":"Checkpointer","msg":"WiredTiger message","attr":{"message":{"ts_sec":1772045368,"ts_usec":206062,"thread":"67409:0x30dd83000","session_name":"WT_SESSION.checkpoint","category":"WT_VERB_CHECKPOINT_PROGRESS","category_id":6,"verbose_level":"DEBUG","verbose_level_id":1,"msg":"saving checkpoint snapshot min: 7711, snapshot max: 7711 snapshot count: 0, oldest timestamp: (1772045059, 1) , meta checkpoint timestamp: (1772045359, 1) base write gen: 556601"}}}
{"t":{"$date":"2026-02-26T00:20:28.372+05:30"},"s":"I",  "c":"WTCHKPT",  "id":22430,   "ctx":"Checkpointer","msg":"WiredTiger message","attr":{"message":{"ts_sec":1772045428,"ts_usec":372805,"thread":"67409:0x30dd83000","session_name":"WT_SESSION.checkpoint","category":"WT_VERB_CHECKPOINT_PROGRESS","category_id":6,"verbose_level":"DEBUG","verbose_level_id":1,"msg":"saving checkpoint snapshot min: 7726, snapshot max: 7726 snapshot count: 0, oldest timestamp: (1772045119, 1) , meta checkpoint timestamp: (1772045419, 1) base write gen: 556601"}}}
{"t":{"$date":"2026-02-26T00:21:28.557+05:30"},"s":"I",  "c":"WTCHKPT",  "id":22430,   "ctx":"Checkpointer","msg":"WiredTiger message","attr":{"message":{"ts_sec":1772045488,"ts_usec":557553,"thread":"67409:0x30dd83000","session_name":"WT_SESSION.checkpoint","category":"WT_VERB_CHECKPOINT_PROGRESS","category_id":6,"verbose_level":"DEBUG","verbose_level_id":1,"msg":"saving checkpoint snapshot min: 7741, snapshot max: 7741 snapshot count: 0, oldest timestamp: (1772045179, 1) , meta checkpoint timestamp: (1772045479, 1) base write gen: 556601"}}}
{"t":{"$date":"2026-02-26T00:22:28.687+05:30"},"s":"I",  "c":"WTCHKPT",  "id":22430,   "ctx":"Checkpointer","msg":"WiredTiger message","attr":{"message":{"ts_sec":1772045548,"ts_usec":687799,"thread":"67409:0x30dd83000","session_name":"WT_SESSION.checkpoint","category":"WT_VERB_CHECKPOINT_PROGRESS","category_id":6,"verbose_level":"DEBUG","verbose_level_id":1,"msg":"saving checkpoint snapshot min: 7756, snapshot max: 7756 snapshot count: 0, oldest timestamp: (1772045239, 1) , meta checkpoint timestamp: (1772045539, 1) base write gen: 556601"}}}
{"t":{"$date":"2026-02-26T00:23:28.806+05:30"},"s":"I",  "c":"WTCHKPT",  "id":22430,   "ctx":"Checkpointer","msg":"WiredTiger message","attr":{"message":{"ts_sec":1772045608,"ts_usec":805989,"thread":"67409:0x30dd83000","session_name":"WT_SESSION.checkpoint","category":"WT_VERB_CHECKPOINT_PROGRESS","category_id":6,"verbose_level":"DEBUG","verbose_level_id":1,"msg":"saving checkpoint snapshot min: 7771, snapshot max: 7771 snapshot count: 0, oldest timestamp: (1772045299, 1) , meta checkpoint timestamp: (1772045599, 1) base write gen: 556601"}}}
{"t":{"$date":"2026-02-26T00:24:28.932+05:30"},"s":"I",  "c":"WTCHKPT",  "id":22430,   "ctx":"Checkpointer","msg":"WiredTiger message","attr":{"message":{"ts_sec":1772045668,"ts_usec":928149,"thread":"67409:0x30dd83000","session_name":"WT_SESSION.checkpoint","category":"WT_VERB_CHECKPOINT_PROGRESS","category_id":6,"verbose_level":"DEBUG","verbose_level_id":1,"msg":"saving checkpoint snapshot min: 7786, snapshot max: 7786 snapshot count: 0, oldest timestamp: (1772045359, 1) , meta checkpoint timestamp: (1772045659, 1) base write gen: 556601"}}}
{"t":{"$date":"2026-02-26T00:25:29.186+05:30"},"s":"I",  "c":"WTCHKPT",  "id":22430,   "ctx":"Checkpointer","msg":"WiredTiger message","attr":{"message":{"ts_sec":1772045729,"ts_usec":181631,"thread":"67409:0x30dd83000","session_name":"WT_SESSION.checkpoint","category":"WT_VERB_CHECKPOINT_PROGRESS","category_id":6,"verbose_level":"DEBUG","verbose_level_id":1,"msg":"saving checkpoint snapshot min: 7801, snapshot max: 7801 snapshot count: 0, oldest timestamp: (1772045419, 1) , meta checkpoint timestamp: (1772045719, 1) base write gen: 556601"}}}
{"t":{"$date":"2026-02-26T00:26:29.345+05:30"},"s":"I",  "c":"WTCHKPT",  "id":22430,   "ctx":"Checkpointer","msg":"WiredTiger message","attr":{"message":{"ts_sec":1772045789,"ts_usec":345717,"thread":"67409:0x30dd83000","session_name":"WT_SESSION.checkpoint","category":"WT_VERB_CHECKPOINT_PROGRESS","category_id":6,"verbose_level":"DEBUG","verbose_level_id":1,"msg":"saving checkpoint snapshot min: 7816, snapshot max: 7816 snapshot count: 0, oldest timestamp: (1772045479, 1) , meta checkpoint timestamp: (1772045779, 1) base write gen: 556601"}}}
{"t":{"$date":"2026-02-26T00:27:29.473+05:30"},"s":"I",  "c":"WTCHKPT",  "id":22430,   "ctx":"Checkpointer","msg":"WiredTiger message","attr":{"message":{"ts_sec":1772045849,"ts_usec":473079,"thread":"67409:0x30dd83000","session_name":"WT_SESSION.checkpoint","category":"WT_VERB_CHECKPOINT_PROGRESS","category_id":6,"verbose_level":"DEBUG","verbose_level_id":1,"msg":"saving checkpoint snapshot min: 7831, snapshot max: 7831 snapshot count: 0, oldest timestamp: (1772045539, 1) , meta checkpoint timestamp: (1772045839, 1) base write gen: 556601"}}}
{"t":{"$date":"2026-02-26T00:28:29.631+05:30"},"s":"I",  "c":"WTCHKPT",  "id":22430,   "ctx":"Checkpointer","msg":"WiredTiger message","attr":{"message":{"ts_sec":1772045909,"ts_usec":631834,"thread":"67409:0x30dd83000","session_name":"WT_SESSION.checkpoint","category":"WT_VERB_CHECKPOINT_PROGRESS","category_id":6,"verbose_level":"DEBUG","verbose_level_id":1,"msg":"saving checkpoint snapshot min: 7846, snapshot max: 7846 snapshot count: 0, oldest timestamp: (1772045599, 1) , meta checkpoint timestamp: (1772045899, 1) base write gen: 556601"}}}
{"t":{"$date":"2026-02-26T00:29:29.772+05:30"},"s":"I",  "c":"WTCHKPT",  "id":22430,   "ctx":"Checkpointer","msg":"WiredTiger message","attr":{"message":{"ts_sec":1772045969,"ts_usec":772825,"thread":"67409:0x30dd83000","session_name":"WT_SESSION.checkpoint","category":"WT_VERB_CHECKPOINT_PROGRESS","category_id":6,"verbose_level":"DEBUG","verbose_level_id":1,"msg":"saving checkpoint snapshot min: 7861, snapshot max: 7861 snapshot count: 0, oldest timestamp: (1772045659, 1) , meta checkpoint timestamp: (1772045959, 1) base write gen: 556601"}}}
{"t":{"$date":"2026-02-26T00:30:29.925+05:30"},"s":"I",  "c":"WTCHKPT",  "id":22430,   "ctx":"Checkpointer","msg":"WiredTiger message","attr":{"message":{"ts_sec":1772046029,"ts_usec":925306,"thread":"67409:0x30dd83000","session_name":"WT_SESSION.checkpoint","category":"WT_VERB_CHECKPOINT_PROGRESS","category_id":6,"verbose_level":"DEBUG","verbose_level_id":1,"msg":"saving checkpoint snapshot min: 7877, snapshot max: 7877 snapshot count: 0, oldest timestamp: (1772045729, 1) , meta checkpoint timestamp: (1772046019, 1) base write gen: 556601"}}}
{"t":{"$date":"2026-02-26T00:31:30.145+05:30"},"s":"I",  "c":"WTCHKPT",  "id":22430,   "ctx":"Checkpointer","msg":"WiredTiger message","attr":{"message":{"ts_sec":1772046090,"ts_usec":145287,"thread":"67409:0x30dd83000","session_name":"WT_SESSION.checkpoint","category":"WT_VERB_CHECKPOINT_PROGRESS","category_id":6,"verbose_level":"DEBUG","verbose_level_id":1,"msg":"saving checkpoint snapshot min: 7893, snapshot max: 7893 snapshot count: 0, oldest timestamp: (1772045789, 1) , meta checkpoint timestamp: (1772046089, 1) base write gen: 556601"}}}
{"t":{"$date":"2026-02-26T00:32:30.283+05:30"},"s":"I",  "c":"WTCHKPT",  "id":22430,   "ctx":"Checkpointer","msg":"WiredTiger message","attr":{"message":{"ts_sec":1772046150,"ts_usec":283775,"thread":"67409:0x30dd83000","session_name":"WT_SESSION.checkpoint","category":"WT_VERB_CHECKPOINT_PROGRESS","category_id":6,"verbose_level":"DEBUG","verbose_level_id":1,"msg":"saving checkpoint snapshot min: 7908, snapshot max: 7908 snapshot count: 0, oldest timestamp: (1772045849, 1) , meta checkpoint timestamp: (1772046149, 1) base write gen: 556601"}}}
{"t":{"$date":"2026-02-26T00:33:30.390+05:30"},"s":"I",  "c":"WTCHKPT",  "id":22430,   "ctx":"Checkpointer","msg":"WiredTiger message","attr":{"message":{"ts_sec":1772046210,"ts_usec":390771,"thread":"67409:0x30dd83000","session_name":"WT_SESSION.checkpoint","category":"WT_VERB_CHECKPOINT_PROGRESS","category_id":6,"verbose_level":"DEBUG","verbose_level_id":1,"msg":"saving checkpoint snapshot min: 7923, snapshot max: 7923 snapshot count: 0, oldest timestamp: (1772045909, 1) , meta checkpoint timestamp: (1772046209, 1) base write gen: 556601"}}}
{"t":{"$date":"2026-02-26T00:34:30.505+05:30"},"s":"I",  "c":"WTCHKPT",  "id":22430,   "ctx":"Checkpointer","msg":"WiredTiger message","attr":{"message":{"ts_sec":1772046270,"ts_usec":505798,"thread":"67409:0x30dd83000","session_name":"WT_SESSION.checkpoint","category":"WT_VERB_CHECKPOINT_PROGRESS","category_id":6,"verbose_level":"DEBUG","verbose_level_id":1,"msg":"saving checkpoint snapshot min: 7938, snapshot max: 7938 snapshot count: 0, oldest timestamp: (1772045969, 1) , meta checkpoint timestamp: (1772046269, 1) base write gen: 556601"}}}
{"t":{"$date":"2026-02-26T00:35:30.694+05:30"},"s":"I",  "c":"WTCHKPT",  "id":22430,   "ctx":"Checkpointer","msg":"WiredTiger message","attr":{"message":{"ts_sec":1772046330,"ts_usec":693958,"thread":"67409:0x30dd83000","session_name":"WT_SESSION.checkpoint","category":"WT_VERB_CHECKPOINT_PROGRESS","category_id":6,"verbose_level":"DEBUG","verbose_level_id":1,"msg":"saving checkpoint snapshot min: 7953, snapshot max: 7953 snapshot count: 0, oldest timestamp: (1772046029, 1) , meta checkpoint timestamp: (1772046329, 1) base write gen: 556601"}}}
{"t":{"$date":"2026-02-26T00:36:30.787+05:30"},"s":"I",  "c":"WTCHKPT",  "id":22430,   "ctx":"Checkpointer","msg":"WiredTiger message","attr":{"message":{"ts_sec":1772046390,"ts_usec":787190,"thread":"67409:0x30dd83000","session_name":"WT_SESSION.checkpoint","category":"WT_VERB_CHECKPOINT_PROGRESS","category_id":6,"verbose_level":"DEBUG","verbose_level_id":1,"msg":"saving checkpoint snapshot min: 7968, snapshot max: 7968 snapshot count: 0, oldest timestamp: (1772046089, 1) , meta checkpoint timestamp: (1772046389, 1) base write gen: 556601"}}}
{"t":{"$date":"2026-02-26T00:37:31.008+05:30"},"s":"I",  "c":"WTCHKPT",  "id":22430,   "ctx":"Checkpointer","msg":"WiredTiger message","attr":{"message":{"ts_sec":1772046451,"ts_usec":8431,"thread":"67409:0x30dd83000","session_name":"WT_SESSION.checkpoint","category":"WT_VERB_CHECKPOINT_PROGRESS","category_id":6,"verbose_level":"DEBUG","verbose_level_id":1,"msg":"saving checkpoint snapshot min: 7983, snapshot max: 7983 snapshot count: 0, oldest timestamp: (1772046149, 1) , meta checkpoint timestamp: (1772046449, 1) base write gen: 556601"}}}
{"t":{"$date":"2026-02-26T00:38:31.127+05:30"},"s":"I",  "c":"WTCHKPT",  "id":22430,   "ctx":"Checkpointer","msg":"WiredTiger message","attr":{"message":{"ts_sec":1772046511,"ts_usec":127489,"thread":"67409:0x30dd83000","session_name":"WT_SESSION.checkpoint","category":"WT_VERB_CHECKPOINT_PROGRESS","category_id":6,"verbose_level":"DEBUG","verbose_level_id":1,"msg":"saving checkpoint snapshot min: 7998, snapshot max: 7998 snapshot count: 0, oldest timestamp: (1772046209, 1) , meta checkpoint timestamp: (1772046509, 1) base write gen: 556601"}}}
{"t":{"$date":"2026-02-26T00:39:31.253+05:30"},"s":"I",  "c":"WTCHKPT",  "id":22430,   "ctx":"Checkpointer","msg":"WiredTiger message","attr":{"message":{"ts_sec":1772046571,"ts_usec":253273,"thread":"67409:0x30dd83000","session_name":"WT_SESSION.checkpoint","category":"WT_VERB_CHECKPOINT_PROGRESS","category_id":6,"verbose_level":"DEBUG","verbose_level_id":1,"msg":"saving checkpoint snapshot min: 8013, snapshot max: 8013 snapshot count: 0, oldest timestamp: (1772046269, 1) , meta checkpoint timestamp: (1772046569, 1) base write gen: 556601"}}}
{"t":{"$date":"2026-02-26T00:40:31.389+05:30"},"s":"I",  "c":"WTCHKPT",  "id":22430,   "ctx":"Checkpointer","msg":"WiredTiger message","attr":{"message":{"ts_sec":1772046631,"ts_usec":389044,"thread":"67409:0x30dd83000","session_name":"WT_SESSION.checkpoint","category":"WT_VERB_CHECKPOINT_PROGRESS","category_id":6,"verbose_level":"DEBUG","verbose_level_id":1,"msg":"saving checkpoint snapshot min: 8028, snapshot max: 8028 snapshot count: 0, oldest timestamp: (1772046330, 1) , meta checkpoint timestamp: (1772046630, 1) base write gen: 556601"}}}
{"t":{"$date":"2026-02-26T00:41:31.547+05:30"},"s":"I",  "c":"WTCHKPT",  "id":22430,   "ctx":"Checkpointer","msg":"WiredTiger message","attr":{"message":{"ts_sec":1772046691,"ts_usec":547348,"thread":"67409:0x30dd83000","session_name":"WT_SESSION.checkpoint","category":"WT_VERB_CHECKPOINT_PROGRESS","category_id":6,"verbose_level":"DEBUG","verbose_level_id":1,"msg":"saving checkpoint snapshot min: 8043, snapshot max: 8043 snapshot count: 0, oldest timestamp: (1772046390, 1) , meta checkpoint timestamp: (1772046690, 1) base write gen: 556601"}}}
{"t":{"$date":"2026-02-26T00:42:31.676+05:30"},"s":"I",  "c":"WTCHKPT",  "id":22430,   "ctx":"Checkpointer","msg":"WiredTiger message","attr":{"message":{"ts_sec":1772046751,"ts_usec":676341,"thread":"67409:0x30dd83000","session_name":"WT_SESSION.checkpoint","category":"WT_VERB_CHECKPOINT_PROGRESS","category_id":6,"verbose_level":"DEBUG","verbose_level_id":1,"msg":"saving checkpoint snapshot min: 8058, snapshot max: 8058 snapshot count: 0, oldest timestamp: (1772046450, 1) , meta checkpoint timestamp: (1772046750, 1) base write gen: 556601"}}}
{"t":{"$date":"2026-02-26T00:43:31.857+05:30"},"s":"I",  "c":"WTCHKPT",  "id":22430,   "ctx":"Checkpointer","msg":"WiredTiger message","attr":{"message":{"ts_sec":1772046811,"ts_usec":853594,"thread":"67409:0x30dd83000","session_name":"WT_SESSION.checkpoint","category":"WT_VERB_CHECKPOINT_PROGRESS","category_id":6,"verbose_level":"DEBUG","verbose_level_id":1,"msg":"saving checkpoint snapshot min: 8073, snapshot max: 8073 snapshot count: 0, oldest timestamp: (1772046510, 1) , meta checkpoint timestamp: (1772046810, 1) base write gen: 556601"}}}
{"t":{"$date":"2026-02-26T00:44:32.021+05:30"},"s":"I",  "c":"WTCHKPT",  "id":22430,   "ctx":"Checkpointer","msg":"WiredTiger message","attr":{"message":{"ts_sec":1772046872,"ts_usec":20834,"thread":"67409:0x30dd83000","session_name":"WT_SESSION.checkpoint","category":"WT_VERB_CHECKPOINT_PROGRESS","category_id":6,"verbose_level":"DEBUG","verbose_level_id":1,"msg":"saving checkpoint snapshot min: 8088, snapshot max: 8088 snapshot count: 0, oldest timestamp: (1772046570, 1) , meta checkpoint timestamp: (1772046870, 1) base write gen: 556601"}}}
{"t":{"$date":"2026-02-26T00:45:32.199+05:30"},"s":"I",  "c":"WTCHKPT",  "id":22430,   "ctx":"Checkpointer","msg":"WiredTiger message","attr":{"message":{"ts_sec":1772046932,"ts_usec":199025,"thread":"67409:0x30dd83000","session_name":"WT_SESSION.checkpoint","category":"WT_VERB_CHECKPOINT_PROGRESS","category_id":6,"verbose_level":"DEBUG","verbose_level_id":1,"msg":"saving checkpoint snapshot min: 8103, snapshot max: 8103 snapshot count: 0, oldest timestamp: (1772046630, 1) , meta checkpoint timestamp: (1772046930, 1) base write gen: 556601"}}}
{"t":{"$date":"2026-02-26T00:46:32.308+05:30"},"s":"I",  "c":"WTCHKPT",  "id":22430,   "ctx":"Checkpointer","msg":"WiredTiger message","attr":{"message":{"ts_sec":1772046992,"ts_usec":308264,"thread":"67409:0x30dd83000","session_name":"WT_SESSION.checkpoint","category":"WT_VERB_CHECKPOINT_PROGRESS","category_id":6,"verbose_level":"DEBUG","verbose_level_id":1,"msg":"saving checkpoint snapshot min: 8118, snapshot max: 8118 snapshot count: 0, oldest timestamp: (1772046690, 1) , meta checkpoint timestamp: (1772046990, 1) base write gen: 556601"}}}
{"t":{"$date":"2026-02-26T00:47:32.428+05:30"},"s":"I",  "c":"WTCHKPT",  "id":22430,   "ctx":"Checkpointer","msg":"WiredTiger message","attr":{"message":{"ts_sec":1772047052,"ts_usec":428231,"thread":"67409:0x30dd83000","session_name":"WT_SESSION.checkpoint","category":"WT_VERB_CHECKPOINT_PROGRESS","category_id":6,"verbose_level":"DEBUG","verbose_level_id":1,"msg":"saving checkpoint snapshot min: 8133, snapshot max: 8133 snapshot count: 0, oldest timestamp: (1772046750, 1) , meta checkpoint timestamp: (1772047050, 1) base write gen: 556601"}}}
{"t":{"$date":"2026-02-26T00:48:32.648+05:30"},"s":"I",  "c":"WTCHKPT",  "id":22430,   "ctx":"Checkpointer","msg":"WiredTiger message","attr":{"message":{"ts_sec":1772047112,"ts_usec":648320,"thread":"67409:0x30dd83000","session_name":"WT_SESSION.checkpoint","category":"WT_VERB_CHECKPOINT_PROGRESS","category_id":6,"verbose_level":"DEBUG","verbose_level_id":1,"msg":"saving checkpoint snapshot min: 8148, snapshot max: 8148 snapshot count: 0, oldest timestamp: (1772046810, 1) , meta checkpoint timestamp: (1772047110, 1) base write gen: 556601"}}}
{"t":{"$date":"2026-02-26T00:49:32.863+05:30"},"s":"I",  "c":"WTCHKPT",  "id":22430,   "ctx":"Checkpointer","msg":"WiredTiger message","attr":{"message":{"ts_sec":1772047172,"ts_usec":858064,"thread":"67409:0x30dd83000","session_name":"WT_SESSION.checkpoint","category":"WT_VERB_CHECKPOINT_PROGRESS","category_id":6,"verbose_level":"DEBUG","verbose_level_id":1,"msg":"saving checkpoint snapshot min: 8163, snapshot max: 8163 snapshot count: 0, oldest timestamp: (1772046870, 1) , meta checkpoint timestamp: (1772047170, 1) base write gen: 556601"}}}
{"t":{"$date":"2026-02-26T00:50:33.173+05:30"},"s":"I",  "c":"WTCHKPT",  "id":22430,   "ctx":"Checkpointer","msg":"WiredTiger message","attr":{"message":{"ts_sec":1772047233,"ts_usec":173080,"thread":"67409:0x30dd83000","session_name":"WT_SESSION.checkpoint","category":"WT_VERB_CHECKPOINT_PROGRESS","category_id":6,"verbose_level":"DEBUG","verbose_level_id":1,"msg":"saving checkpoint snapshot min: 8178, snapshot max: 8178 snapshot count: 0, oldest timestamp: (1772046930, 1) , meta checkpoint timestamp: (1772047230, 1) base write gen: 556601"}}}
{"t":{"$date":"2026-02-26T00:51:33.412+05:30"},"s":"I",  "c":"WTCHKPT",  "id":22430,   "ctx":"Checkpointer","msg":"WiredTiger message","attr":{"message":{"ts_sec":1772047293,"ts_usec":412535,"thread":"67409:0x30dd83000","session_name":"WT_SESSION.checkpoint","category":"WT_VERB_CHECKPOINT_PROGRESS","category_id":6,"verbose_level":"DEBUG","verbose_level_id":1,"msg":"saving checkpoint snapshot min: 8193, snapshot max: 8193 snapshot count: 0, oldest timestamp: (1772046990, 1) , meta checkpoint timestamp: (1772047290, 1) base write gen: 556601"}}}
{"t":{"$date":"2026-02-26T00:52:33.788+05:30"},"s":"I",  "c":"WTCHKPT",  "id":22430,   "ctx":"Checkpointer","msg":"WiredTiger message","attr":{"message":{"ts_sec":1772047353,"ts_usec":784609,"thread":"67409:0x30dd83000","session_name":"WT_SESSION.checkpoint","category":"WT_VERB_CHECKPOINT_PROGRESS","category_id":6,"verbose_level":"DEBUG","verbose_level_id":1,"msg":"saving checkpoint snapshot min: 8208, snapshot max: 8208 snapshot count: 0, oldest timestamp: (1772047050, 1) , meta checkpoint timestamp: (1772047350, 1) base write gen: 556601"}}}
{"t":{"$date":"2026-02-26T00:53:33.918+05:30"},"s":"I",  "c":"WTCHKPT",  "id":22430,   "ctx":"Checkpointer","msg":"WiredTiger message","attr":{"message":{"ts_sec":1772047413,"ts_usec":913706,"thread":"67409:0x30dd83000","session_name":"WT_SESSION.checkpoint","category":"WT_VERB_CHECKPOINT_PROGRESS","category_id":6,"verbose_level":"DEBUG","verbose_level_id":1,"msg":"saving checkpoint snapshot min: 8223, snapshot max: 8223 snapshot count: 0, oldest timestamp: (1772047110, 1) , meta checkpoint timestamp: (1772047410, 1) base write gen: 556601"}}}
{"t":{"$date":"2026-02-26T00:54:34.154+05:30"},"s":"I",  "c":"WTCHKPT",  "id":22430,   "ctx":"Checkpointer","msg":"WiredTiger message","attr":{"message":{"ts_sec":1772047474,"ts_usec":150807,"thread":"67409:0x30dd83000","session_name":"WT_SESSION.checkpoint","category":"WT_VERB_CHECKPOINT_PROGRESS","category_id":6,"verbose_level":"DEBUG","verbose_level_id":1,"msg":"saving checkpoint snapshot min: 8238, snapshot max: 8238 snapshot count: 0, oldest timestamp: (1772047170, 1) , meta checkpoint timestamp: (1772047470, 1) base write gen: 556601"}}}
{"t":{"$date":"2026-02-26T00:55:34.332+05:30"},"s":"I",  "c":"WTCHKPT",  "id":22430,   "ctx":"Checkpointer","msg":"WiredTiger message","attr":{"message":{"ts_sec":1772047534,"ts_usec":329236,"thread":"67409:0x30dd83000","session_name":"WT_SESSION.checkpoint","category":"WT_VERB_CHECKPOINT_PROGRESS","category_id":6,"verbose_level":"DEBUG","verbose_level_id":1,"msg":"saving checkpoint snapshot min: 8253, snapshot max: 8253 snapshot count: 0, oldest timestamp: (1772047230, 1) , meta checkpoint timestamp: (1772047530, 1) base write gen: 556601"}}}
{"t":{"$date":"2026-02-26T00:56:34.869+05:30"},"s":"I",  "c":"WTCHKPT",  "id":22430,   "ctx":"Checkpointer","msg":"WiredTiger message","attr":{"message":{"ts_sec":1772047594,"ts_usec":867779,"thread":"67409:0x30dd83000","session_name":"WT_SESSION.checkpoint","category":"WT_VERB_CHECKPOINT_PROGRESS","category_id":6,"verbose_level":"DEBUG","verbose_level_id":1,"msg":"saving checkpoint snapshot min: 8268, snapshot max: 8268 snapshot count: 0, oldest timestamp: (1772047290, 1) , meta checkpoint timestamp: (1772047590, 1) base write gen: 556601"}}}
{"t":{"$date":"2026-02-26T00:57:34.991+05:30"},"s":"I",  "c":"WTCHKPT",  "id":22430,   "ctx":"Checkpointer","msg":"WiredTiger message","attr":{"message":{"ts_sec":1772047654,"ts_usec":990666,"thread":"67409:0x30dd83000","session_name":"WT_SESSION.checkpoint","category":"WT_VERB_CHECKPOINT_PROGRESS","category_id":6,"verbose_level":"DEBUG","verbose_level_id":1,"msg":"saving checkpoint snapshot min: 8283, snapshot max: 8283 snapshot count: 0, oldest timestamp: (1772047350, 1) , meta checkpoint timestamp: (1772047650, 1) base write gen: 556601"}}}
{"t":{"$date":"2026-02-26T00:58:35.140+05:30"},"s":"I",  "c":"WTCHKPT",  "id":22430,   "ctx":"Checkpointer","msg":"WiredTiger message","attr":{"message":{"ts_sec":1772047715,"ts_usec":139288,"thread":"67409:0x30dd83000","session_name":"WT_SESSION.checkpoint","category":"WT_VERB_CHECKPOINT_PROGRESS","category_id":6,"verbose_level":"DEBUG","verbose_level_id":1,"msg":"saving checkpoint snapshot min: 8298, snapshot max: 8298 snapshot count: 0, oldest timestamp: (1772047410, 1) , meta checkpoint timestamp: (1772047710, 1) base write gen: 556601"}}}
{"t":{"$date":"2026-02-26T00:59:35.388+05:30"},"s":"I",  "c":"WTCHKPT",  "id":22430,   "ctx":"Checkpointer","msg":"WiredTiger message","attr":{"message":{"ts_sec":1772047775,"ts_usec":387022,"thread":"67409:0x30dd83000","session_name":"WT_SESSION.checkpoint","category":"WT_VERB_CHECKPOINT_PROGRESS","category_id":6,"verbose_level":"DEBUG","verbose_level_id":1,"msg":"saving checkpoint snapshot min: 8313, snapshot max: 8313 snapshot count: 0, oldest timestamp: (1772047470, 1) , meta checkpoint timestamp: (1772047770, 1) base write gen: 556601"}}}
{"t":{"$date":"2026-02-26T01:00:35.660+05:30"},"s":"I",  "c":"WTCHKPT",  "id":22430,   "ctx":"Checkpointer","msg":"WiredTiger message","attr":{"message":{"ts_sec":1772047835,"ts_usec":660265,"thread":"67409:0x30dd83000","session_name":"WT_SESSION.checkpoint","category":"WT_VERB_CHECKPOINT_PROGRESS","category_id":6,"verbose_level":"DEBUG","verbose_level_id":1,"msg":"saving checkpoint snapshot min: 8328, snapshot max: 8328 snapshot count: 0, oldest timestamp: (1772047530, 1) , meta checkpoint timestamp: (1772047830, 1) base write gen: 556601"}}}
{"t":{"$date":"2026-02-26T01:01:35.973+05:30"},"s":"I",  "c":"WTCHKPT",  "id":22430,   "ctx":"Checkpointer","msg":"WiredTiger message","attr":{"message":{"ts_sec":1772047895,"ts_usec":973594,"thread":"67409:0x30dd83000","session_name":"WT_SESSION.checkpoint","category":"WT_VERB_CHECKPOINT_PROGRESS","category_id":6,"verbose_level":"DEBUG","verbose_level_id":1,"msg":"saving checkpoint snapshot min: 8343, snapshot max: 8343 snapshot count: 0, oldest timestamp: (1772047590, 1) , meta checkpoint timestamp: (1772047890, 1) base write gen: 556601"}}}
{"t":{"$date":"2026-02-26T01:02:36.118+05:30"},"s":"I",  "c":"WTCHKPT",  "id":22430,   "ctx":"Checkpointer","msg":"WiredTiger message","attr":{"message":{"ts_sec":1772047956,"ts_usec":118262,"thread":"67409:0x30dd83000","session_name":"WT_SESSION.checkpoint","category":"WT_VERB_CHECKPOINT_PROGRESS","category_id":6,"verbose_level":"DEBUG","verbose_level_id":1,"msg":"saving checkpoint snapshot min: 8358, snapshot max: 8358 snapshot count: 0, oldest timestamp: (1772047650, 1) , meta checkpoint timestamp: (1772047950, 1) base write gen: 556601"}}}
{"t":{"$date":"2026-02-26T01:03:36.940+05:30"},"s":"I",  "c":"WTCHKPT",  "id":22430,   "ctx":"Checkpointer","msg":"WiredTiger message","attr":{"message":{"ts_sec":1772048016,"ts_usec":940687,"thread":"67409:0x30dd83000","session_name":"WT_SESSION.checkpoint","category":"WT_VERB_CHECKPOINT_PROGRESS","category_id":6,"verbose_level":"DEBUG","verbose_level_id":1,"msg":"saving checkpoint snapshot min: 8373, snapshot max: 8373 snapshot count: 0, oldest timestamp: (1772047710, 1) , meta checkpoint timestamp: (1772048010, 1) base write gen: 556601"}}}
{"t":{"$date":"2026-02-26T01:04:37.209+05:30"},"s":"I",  "c":"WTCHKPT",  "id":22430,   "ctx":"Checkpointer","msg":"WiredTiger message","attr":{"message":{"ts_sec":1772048077,"ts_usec":208981,"thread":"67409:0x30dd83000","session_name":"WT_SESSION.checkpoint","category":"WT_VERB_CHECKPOINT_PROGRESS","category_id":6,"verbose_level":"DEBUG","verbose_level_id":1,"msg":"saving checkpoint snapshot min: 8388, snapshot max: 8388 snapshot count: 0, oldest timestamp: (1772047770, 1) , meta checkpoint timestamp: (1772048070, 1) base write gen: 556601"}}}
{"t":{"$date":"2026-02-26T01:05:37.427+05:30"},"s":"I",  "c":"WTCHKPT",  "id":22430,   "ctx":"Checkpointer","msg":"WiredTiger message","attr":{"message":{"ts_sec":1772048137,"ts_usec":427222,"thread":"67409:0x30dd83000","session_name":"WT_SESSION.checkpoint","category":"WT_VERB_CHECKPOINT_PROGRESS","category_id":6,"verbose_level":"DEBUG","verbose_level_id":1,"msg":"saving checkpoint snapshot min: 8404, snapshot max: 8404 snapshot count: 0, oldest timestamp: (1772047830, 1) , meta checkpoint timestamp: (1772048130, 1) base write gen: 556601"}}}
{"t":{"$date":"2026-02-26T01:06:37.886+05:30"},"s":"I",  "c":"WTCHKPT",  "id":22430,   "ctx":"Checkpointer","msg":"WiredTiger message","attr":{"message":{"ts_sec":1772048197,"ts_usec":886068,"thread":"67409:0x30dd83000","session_name":"WT_SESSION.checkpoint","category":"WT_VERB_CHECKPOINT_PROGRESS","category_id":6,"verbose_level":"DEBUG","verbose_level_id":1,"msg":"saving checkpoint snapshot min: 8419, snapshot max: 8419 snapshot count: 0, oldest timestamp: (1772047890, 1) , meta checkpoint timestamp: (1772048190, 1) base write gen: 556601"}}}
{"t":{"$date":"2026-02-26T01:07:38.012+05:30"},"s":"I",  "c":"WTCHKPT",  "id":22430,   "ctx":"Checkpointer","msg":"WiredTiger message","attr":{"message":{"ts_sec":1772048258,"ts_usec":12418,"thread":"67409:0x30dd83000","session_name":"WT_SESSION.checkpoint","category":"WT_VERB_CHECKPOINT_PROGRESS","category_id":6,"verbose_level":"DEBUG","verbose_level_id":1,"msg":"saving checkpoint snapshot min: 8434, snapshot max: 8434 snapshot count: 0, oldest timestamp: (1772047950, 1) , meta checkpoint timestamp: (1772048250, 1) base write gen: 556601"}}}
{"t":{"$date":"2026-02-26T01:08:38.139+05:30"},"s":"I",  "c":"WTCHKPT",  "id":22430,   "ctx":"Checkpointer","msg":"WiredTiger message","attr":{"message":{"ts_sec":1772048318,"ts_usec":136479,"thread":"67409:0x30dd83000","session_name":"WT_SESSION.checkpoint","category":"WT_VERB_CHECKPOINT_PROGRESS","category_id":6,"verbose_level":"DEBUG","verbose_level_id":1,"msg":"saving checkpoint snapshot min: 8449, snapshot max: 8449 snapshot count: 0, oldest timestamp: (1772048010, 1) , meta checkpoint timestamp: (1772048310, 1) base write gen: 556601"}}}
{"t":{"$date":"2026-02-26T01:09:38.252+05:30"},"s":"I",  "c":"WTCHKPT",  "id":22430,   "ctx":"Checkpointer","msg":"WiredTiger message","attr":{"message":{"ts_sec":1772048378,"ts_usec":249317,"thread":"67409:0x30dd83000","session_name":"WT_SESSION.checkpoint","category":"WT_VERB_CHECKPOINT_PROGRESS","category_id":6,"verbose_level":"DEBUG","verbose_level_id":1,"msg":"saving checkpoint snapshot min: 8464, snapshot max: 8464 snapshot count: 0, oldest timestamp: (1772048070, 1) , meta checkpoint timestamp: (1772048370, 1) base write gen: 556601"}}}
{"t":{"$date":"2026-02-26T01:10:38.421+05:30"},"s":"I",  "c":"WTCHKPT",  "id":22430,   "ctx":"Checkpointer","msg":"WiredTiger message","attr":{"message":{"ts_sec":1772048438,"ts_usec":418479,"thread":"67409:0x30dd83000","session_name":"WT_SESSION.checkpoint","category":"WT_VERB_CHECKPOINT_PROGRESS","category_id":6,"verbose_level":"DEBUG","verbose_level_id":1,"msg":"saving checkpoint snapshot min: 8479, snapshot max: 8479 snapshot count: 0, oldest timestamp: (1772048130, 1) , meta checkpoint timestamp: (1772048430, 1) base write gen: 556601"}}}
{"t":{"$date":"2026-02-26T01:11:38.658+05:30"},"s":"I",  "c":"WTCHKPT",  "id":22430,   "ctx":"Checkpointer","msg":"WiredTiger message","attr":{"message":{"ts_sec":1772048498,"ts_usec":652799,"thread":"67409:0x30dd83000","session_name":"WT_SESSION.checkpoint","category":"WT_VERB_CHECKPOINT_PROGRESS","category_id":6,"verbose_level":"DEBUG","verbose_level_id":1,"msg":"saving checkpoint snapshot min: 8494, snapshot max: 8494 snapshot count: 0, oldest timestamp: (1772048190, 1) , meta checkpoint timestamp: (1772048490, 1) base write gen: 556601"}}}
{"t":{"$date":"2026-02-26T01:12:39.217+05:30"},"s":"I",  "c":"WTCHKPT",  "id":22430,   "ctx":"Checkpointer","msg":"WiredTiger message","attr":{"message":{"ts_sec":1772048559,"ts_usec":211638,"thread":"67409:0x30dd83000","session_name":"WT_SESSION.checkpoint","category":"WT_VERB_CHECKPOINT_PROGRESS","category_id":6,"verbose_level":"DEBUG","verbose_level_id":1,"msg":"saving checkpoint snapshot min: 8509, snapshot max: 8509 snapshot count: 0, oldest timestamp: (1772048250, 1) , meta checkpoint timestamp: (1772048550, 1) base write gen: 556601"}}}
{"t":{"$date":"2026-02-26T01:13:39.362+05:30"},"s":"I",  "c":"WTCHKPT",  "id":22430,   "ctx":"Checkpointer","msg":"WiredTiger message","attr":{"message":{"ts_sec":1772048619,"ts_usec":359254,"thread":"67409:0x30dd83000","session_name":"WT_SESSION.checkpoint","category":"WT_VERB_CHECKPOINT_PROGRESS","category_id":6,"verbose_level":"DEBUG","verbose_level_id":1,"msg":"saving checkpoint snapshot min: 8524, snapshot max: 8524 snapshot count: 0, oldest timestamp: (1772048310, 1) , meta checkpoint timestamp: (1772048610, 1) base write gen: 556601"}}}
{"t":{"$date":"2026-02-26T01:14:39.547+05:30"},"s":"I",  "c":"WTCHKPT",  "id":22430,   "ctx":"Checkpointer","msg":"WiredTiger message","attr":{"message":{"ts_sec":1772048679,"ts_usec":541876,"thread":"67409:0x30dd83000","session_name":"WT_SESSION.checkpoint","category":"WT_VERB_CHECKPOINT_PROGRESS","category_id":6,"verbose_level":"DEBUG","verbose_level_id":1,"msg":"saving checkpoint snapshot min: 8539, snapshot max: 8539 snapshot count: 0, oldest timestamp: (1772048370, 1) , meta checkpoint timestamp: (1772048670, 1) base write gen: 556601"}}}
{"t":{"$date":"2026-02-26T01:15:39.740+05:30"},"s":"I",  "c":"WTCHKPT",  "id":22430,   "ctx":"Checkpointer","msg":"WiredTiger message","attr":{"message":{"ts_sec":1772048739,"ts_usec":740770,"thread":"67409:0x30dd83000","session_name":"WT_SESSION.checkpoint","category":"WT_VERB_CHECKPOINT_PROGRESS","category_id":6,"verbose_level":"DEBUG","verbose_level_id":1,"msg":"saving checkpoint snapshot min: 8554, snapshot max: 8554 snapshot count: 0, oldest timestamp: (1772048430, 1) , meta checkpoint timestamp: (1772048730, 1) base write gen: 556601"}}}
{"t":{"$date":"2026-02-26T01:16:39.862+05:30"},"s":"I",  "c":"WTCHKPT",  "id":22430,   "ctx":"Checkpointer","msg":"WiredTiger message","attr":{"message":{"ts_sec":1772048799,"ts_usec":862557,"thread":"67409:0x30dd83000","session_name":"WT_SESSION.checkpoint","category":"WT_VERB_CHECKPOINT_PROGRESS","category_id":6,"verbose_level":"DEBUG","verbose_level_id":1,"msg":"saving checkpoint snapshot min: 8569, snapshot max: 8569 snapshot count: 0, oldest timestamp: (1772048490, 1) , meta checkpoint timestamp: (1772048790, 1) base write gen: 556601"}}}
{"t":{"$date":"2026-02-26T01:17:40.022+05:30"},"s":"I",  "c":"WTCHKPT",  "id":22430,   "ctx":"Checkpointer","msg":"WiredTiger message","attr":{"message":{"ts_sec":1772048860,"ts_usec":22116,"thread":"67409:0x30dd83000","session_name":"WT_SESSION.checkpoint","category":"WT_VERB_CHECKPOINT_PROGRESS","category_id":6,"verbose_level":"DEBUG","verbose_level_id":1,"msg":"saving checkpoint snapshot min: 8584, snapshot max: 8584 snapshot count: 0, oldest timestamp: (1772048550, 1) , meta checkpoint timestamp: (1772048850, 1) base write gen: 556601"}}}
{"t":{"$date":"2026-02-26T01:18:40.253+05:30"},"s":"I",  "c":"WTCHKPT",  "id":22430,   "ctx":"Checkpointer","msg":"WiredTiger message","attr":{"message":{"ts_sec":1772048920,"ts_usec":253780,"thread":"67409:0x30dd83000","session_name":"WT_SESSION.checkpoint","category":"WT_VERB_CHECKPOINT_PROGRESS","category_id":6,"verbose_level":"DEBUG","verbose_level_id":1,"msg":"saving checkpoint snapshot min: 8599, snapshot max: 8599 snapshot count: 0, oldest timestamp: (1772048611, 1) , meta checkpoint timestamp: (1772048911, 1) base write gen: 556601"}}}
{"t":{"$date":"2026-02-26T01:19:40.349+05:30"},"s":"I",  "c":"WTCHKPT",  "id":22430,   "ctx":"Checkpointer","msg":"WiredTiger message","attr":{"message":{"ts_sec":1772048980,"ts_usec":349728,"thread":"67409:0x30dd83000","session_name":"WT_SESSION.checkpoint","category":"WT_VERB_CHECKPOINT_PROGRESS","category_id":6,"verbose_level":"DEBUG","verbose_level_id":1,"msg":"saving checkpoint snapshot min: 8614, snapshot max: 8614 snapshot count: 0, oldest timestamp: (1772048671, 1) , meta checkpoint timestamp: (1772048971, 1) base write gen: 556601"}}}
{"t":{"$date":"2026-02-26T01:20:40.432+05:30"},"s":"I",  "c":"WTCHKPT",  "id":22430,   "ctx":"Checkpointer","msg":"WiredTiger message","attr":{"message":{"ts_sec":1772049040,"ts_usec":432876,"thread":"67409:0x30dd83000","session_name":"WT_SESSION.checkpoint","category":"WT_VERB_CHECKPOINT_PROGRESS","category_id":6,"verbose_level":"DEBUG","verbose_level_id":1,"msg":"saving checkpoint snapshot min: 8629, snapshot max: 8629 snapshot count: 0, oldest timestamp: (1772048731, 1) , meta checkpoint timestamp: (1772049031, 1) base write gen: 556601"}}}
{"t":{"$date":"2026-02-26T01:21:40.568+05:30"},"s":"I",  "c":"WTCHKPT",  "id":22430,   "ctx":"Checkpointer","msg":"WiredTiger message","attr":{"message":{"ts_sec":1772049100,"ts_usec":568555,"thread":"67409:0x30dd83000","session_name":"WT_SESSION.checkpoint","category":"WT_VERB_CHECKPOINT_PROGRESS","category_id":6,"verbose_level":"DEBUG","verbose_level_id":1,"msg":"saving checkpoint snapshot min: 8644, snapshot max: 8644 snapshot count: 0, oldest timestamp: (1772048791, 1) , meta checkpoint timestamp: (1772049091, 1) base write gen: 556601"}}}
{"t":{"$date":"2026-02-26T01:22:41.136+05:30"},"s":"I",  "c":"WTCHKPT",  "id":22430,   "ctx":"Checkpointer","msg":"WiredTiger message","attr":{"message":{"ts_sec":1772049161,"ts_usec":136706,"thread":"67409:0x30dd83000","session_name":"WT_SESSION.checkpoint","category":"WT_VERB_CHECKPOINT_PROGRESS","category_id":6,"verbose_level":"DEBUG","verbose_level_id":1,"msg":"saving checkpoint snapshot min: 8660, snapshot max: 8660 snapshot count: 0, oldest timestamp: (1772048851, 1) , meta checkpoint timestamp: (1772049151, 1) base write gen: 556601"}}}
{"t":{"$date":"2026-02-26T01:23:41.263+05:30"},"s":"I",  "c":"WTCHKPT",  "id":22430,   "ctx":"Checkpointer","msg":"WiredTiger message","attr":{"message":{"ts_sec":1772049221,"ts_usec":263508,"thread":"67409:0x30dd83000","session_name":"WT_SESSION.checkpoint","category":"WT_VERB_CHECKPOINT_PROGRESS","category_id":6,"verbose_level":"DEBUG","verbose_level_id":1,"msg":"saving checkpoint snapshot min: 8676, snapshot max: 8676 snapshot count: 0, oldest timestamp: (1772048921, 1) , meta checkpoint timestamp: (1772049211, 1) base write gen: 556601"}}}
{"t":{"$date":"2026-02-26T01:24:41.522+05:30"},"s":"I",  "c":"WTCHKPT",  "id":22430,   "ctx":"Checkpointer","msg":"WiredTiger message","attr":{"message":{"ts_sec":1772049281,"ts_usec":521975,"thread":"67409:0x30dd83000","session_name":"WT_SESSION.checkpoint","category":"WT_VERB_CHECKPOINT_PROGRESS","category_id":6,"verbose_level":"DEBUG","verbose_level_id":1,"msg":"saving checkpoint snapshot min: 8691, snapshot max: 8691 snapshot count: 0, oldest timestamp: (1772048981, 1) , meta checkpoint timestamp: (1772049281, 1) base write gen: 556601"}}}
{"t":{"$date":"2026-02-26T01:25:41.964+05:30"},"s":"I",  "c":"WTCHKPT",  "id":22430,   "ctx":"Checkpointer","msg":"WiredTiger message","attr":{"message":{"ts_sec":1772049341,"ts_usec":963942,"thread":"67409:0x30dd83000","session_name":"WT_SESSION.checkpoint","category":"WT_VERB_CHECKPOINT_PROGRESS","category_id":6,"verbose_level":"DEBUG","verbose_level_id":1,"msg":"saving checkpoint snapshot min: 8706, snapshot max: 8706 snapshot count: 0, oldest timestamp: (1772049041, 1) , meta checkpoint timestamp: (1772049341, 1) base write gen: 556601"}}}
{"t":{"$date":"2026-02-26T01:26:42.096+05:30"},"s":"I",  "c":"WTCHKPT",  "id":22430,   "ctx":"Checkpointer","msg":"WiredTiger message","attr":{"message":{"ts_sec":1772049402,"ts_usec":93875,"thread":"67409:0x30dd83000","session_name":"WT_SESSION.checkpoint","category":"WT_VERB_CHECKPOINT_PROGRESS","category_id":6,"verbose_level":"DEBUG","verbose_level_id":1,"msg":"saving checkpoint snapshot min: 8721, snapshot max: 8721 snapshot count: 0, oldest timestamp: (1772049101, 1) , meta checkpoint timestamp: (1772049401, 1) base write gen: 556601"}}}
{"t":{"$date":"2026-02-26T01:27:42.474+05:30"},"s":"I",  "c":"WTCHKPT",  "id":22430,   "ctx":"Checkpointer","msg":"WiredTiger message","attr":{"message":{"ts_sec":1772049462,"ts_usec":474820,"thread":"67409:0x30dd83000","session_name":"WT_SESSION.checkpoint","category":"WT_VERB_CHECKPOINT_PROGRESS","category_id":6,"verbose_level":"DEBUG","verbose_level_id":1,"msg":"saving checkpoint snapshot min: 8736, snapshot max: 8736 snapshot count: 0, oldest timestamp: (1772049161, 1) , meta checkpoint timestamp: (1772049461, 1) base write gen: 556601"}}}
{"t":{"$date":"2026-02-26T01:28:43.869+05:30"},"s":"I",  "c":"WTCHKPT",  "id":22430,   "ctx":"Checkpointer","msg":"WiredTiger message","attr":{"message":{"ts_sec":1772049523,"ts_usec":869757,"thread":"67409:0x30dd83000","session_name":"WT_SESSION.checkpoint","category":"WT_VERB_CHECKPOINT_PROGRESS","category_id":6,"verbose_level":"DEBUG","verbose_level_id":1,"msg":"saving checkpoint snapshot min: 8751, snapshot max: 8751 snapshot count: 0, oldest timestamp: (1772049221, 1) , meta checkpoint timestamp: (1772049521, 1) base write gen: 556601"}}}
{"t":{"$date":"2026-02-26T01:29:44.193+05:30"},"s":"I",  "c":"WTCHKPT",  "id":22430,   "ctx":"Checkpointer","msg":"WiredTiger message","attr":{"message":{"ts_sec":1772049584,"ts_usec":192922,"thread":"67409:0x30dd83000","session_name":"WT_SESSION.checkpoint","category":"WT_VERB_CHECKPOINT_PROGRESS","category_id":6,"verbose_level":"DEBUG","verbose_level_id":1,"msg":"saving checkpoint snapshot min: 8766, snapshot max: 8766 snapshot count: 0, oldest timestamp: (1772049281, 1) , meta checkpoint timestamp: (1772049581, 1) base write gen: 556601"}}}
{"t":{"$date":"2026-02-26T01:30:44.292+05:30"},"s":"I",  "c":"WTCHKPT",  "id":22430,   "ctx":"Checkpointer","msg":"WiredTiger message","attr":{"message":{"ts_sec":1772049644,"ts_usec":292453,"thread":"67409:0x30dd83000","session_name":"WT_SESSION.checkpoint","category":"WT_VERB_CHECKPOINT_PROGRESS","category_id":6,"verbose_level":"DEBUG","verbose_level_id":1,"msg":"saving checkpoint snapshot min: 8781, snapshot max: 8781 snapshot count: 0, oldest timestamp: (1772049341, 1) , meta checkpoint timestamp: (1772049641, 1) base write gen: 556601"}}}
{"t":{"$date":"2026-02-26T01:31:44.380+05:30"},"s":"I",  "c":"WTCHKPT",  "id":22430,   "ctx":"Checkpointer","msg":"WiredTiger message","attr":{"message":{"ts_sec":1772049704,"ts_usec":380328,"thread":"67409:0x30dd83000","session_name":"WT_SESSION.checkpoint","category":"WT_VERB_CHECKPOINT_PROGRESS","category_id":6,"verbose_level":"DEBUG","verbose_level_id":1,"msg":"saving checkpoint snapshot min: 8796, snapshot max: 8796 snapshot count: 0, oldest timestamp: (1772049401, 1) , meta checkpoint timestamp: (1772049701, 1) base write gen: 556601"}}}
{"t":{"$date":"2026-02-26T01:32:44.510+05:30"},"s":"I",  "c":"WTCHKPT",  "id":22430,   "ctx":"Checkpointer","msg":"WiredTiger message","attr":{"message":{"ts_sec":1772049764,"ts_usec":510080,"thread":"67409:0x30dd83000","session_name":"WT_SESSION.checkpoint","category":"WT_VERB_CHECKPOINT_PROGRESS","category_id":6,"verbose_level":"DEBUG","verbose_level_id":1,"msg":"saving checkpoint snapshot min: 8811, snapshot max: 8811 snapshot count: 0, oldest timestamp: (1772049461, 1) , meta checkpoint timestamp: (1772049761, 1) base write gen: 556601"}}}
{"t":{"$date":"2026-02-26T01:33:44.626+05:30"},"s":"I",  "c":"WTCHKPT",  "id":22430,   "ctx":"Checkpointer","msg":"WiredTiger message","attr":{"message":{"ts_sec":1772049824,"ts_usec":626728,"thread":"67409:0x30dd83000","session_name":"WT_SESSION.checkpoint","category":"WT_VERB_CHECKPOINT_PROGRESS","category_id":6,"verbose_level":"DEBUG","verbose_level_id":1,"msg":"saving checkpoint snapshot min: 8826, snapshot max: 8826 snapshot count: 0, oldest timestamp: (1772049521, 1) , meta checkpoint timestamp: (1772049821, 1) base write gen: 556601"}}}
{"t":{"$date":"2026-02-26T01:34:44.731+05:30"},"s":"I",  "c":"WTCHKPT",  "id":22430,   "ctx":"Checkpointer","msg":"WiredTiger message","attr":{"message":{"ts_sec":1772049884,"ts_usec":731784,"thread":"67409:0x30dd83000","session_name":"WT_SESSION.checkpoint","category":"WT_VERB_CHECKPOINT_PROGRESS","category_id":6,"verbose_level":"DEBUG","verbose_level_id":1,"msg":"saving checkpoint snapshot min: 8841, snapshot max: 8841 snapshot count: 0, oldest timestamp: (1772049581, 1) , meta checkpoint timestamp: (1772049881, 1) base write gen: 556601"}}}
{"t":{"$date":"2026-02-26T01:35:44.856+05:30"},"s":"I",  "c":"WTCHKPT",  "id":22430,   "ctx":"Checkpointer","msg":"WiredTiger message","attr":{"message":{"ts_sec":1772049944,"ts_usec":850240,"thread":"67409:0x30dd83000","session_name":"WT_SESSION.checkpoint","category":"WT_VERB_CHECKPOINT_PROGRESS","category_id":6,"verbose_level":"DEBUG","verbose_level_id":1,"msg":"saving checkpoint snapshot min: 8856, snapshot max: 8856 snapshot count: 0, oldest timestamp: (1772049641, 1) , meta checkpoint timestamp: (1772049941, 1) base write gen: 556601"}}}
{"t":{"$date":"2026-02-26T01:36:45.024+05:30"},"s":"I",  "c":"WTCHKPT",  "id":22430,   "ctx":"Checkpointer","msg":"WiredTiger message","attr":{"message":{"ts_sec":1772050005,"ts_usec":23937,"thread":"67409:0x30dd83000","session_name":"WT_SESSION.checkpoint","category":"WT_VERB_CHECKPOINT_PROGRESS","category_id":6,"verbose_level":"DEBUG","verbose_level_id":1,"msg":"saving checkpoint snapshot min: 8871, snapshot max: 8871 snapshot count: 0, oldest timestamp: (1772049701, 1) , meta checkpoint timestamp: (1772050001, 1) base write gen: 556601"}}}
{"t":{"$date":"2026-02-26T01:37:45.199+05:30"},"s":"I",  "c":"WTCHKPT",  "id":22430,   "ctx":"Checkpointer","msg":"WiredTiger message","attr":{"message":{"ts_sec":1772050065,"ts_usec":199479,"thread":"67409:0x30dd83000","session_name":"WT_SESSION.checkpoint","category":"WT_VERB_CHECKPOINT_PROGRESS","category_id":6,"verbose_level":"DEBUG","verbose_level_id":1,"msg":"saving checkpoint snapshot min: 8886, snapshot max: 8886 snapshot count: 0, oldest timestamp: (1772049761, 1) , meta checkpoint timestamp: (1772050061, 1) base write gen: 556601"}}}
{"t":{"$date":"2026-02-26T01:38:45.310+05:30"},"s":"I",  "c":"WTCHKPT",  "id":22430,   "ctx":"Checkpointer","msg":"WiredTiger message","attr":{"message":{"ts_sec":1772050125,"ts_usec":309975,"thread":"67409:0x30dd83000","session_name":"WT_SESSION.checkpoint","category":"WT_VERB_CHECKPOINT_PROGRESS","category_id":6,"verbose_level":"DEBUG","verbose_level_id":1,"msg":"saving checkpoint snapshot min: 8901, snapshot max: 8901 snapshot count: 0, oldest timestamp: (1772049821, 1) , meta checkpoint timestamp: (1772050121, 1) base write gen: 556601"}}}
{"t":{"$date":"2026-02-26T01:39:45.431+05:30"},"s":"I",  "c":"WTCHKPT",  "id":22430,   "ctx":"Checkpointer","msg":"WiredTiger message","attr":{"message":{"ts_sec":1772050185,"ts_usec":431861,"thread":"67409:0x30dd83000","session_name":"WT_SESSION.checkpoint","category":"WT_VERB_CHECKPOINT_PROGRESS","category_id":6,"verbose_level":"DEBUG","verbose_level_id":1,"msg":"saving checkpoint snapshot min: 8916, snapshot max: 8916 snapshot count: 0, oldest timestamp: (1772049881, 1) , meta checkpoint timestamp: (1772050181, 1) base write gen: 556601"}}}
{"t":{"$date":"2026-02-26T01:40:45.563+05:30"},"s":"I",  "c":"WTCHKPT",  "id":22430,   "ctx":"Checkpointer","msg":"WiredTiger message","attr":{"message":{"ts_sec":1772050245,"ts_usec":563856,"thread":"67409:0x30dd83000","session_name":"WT_SESSION.checkpoint","category":"WT_VERB_CHECKPOINT_PROGRESS","category_id":6,"verbose_level":"DEBUG","verbose_level_id":1,"msg":"saving checkpoint snapshot min: 8931, snapshot max: 8931 snapshot count: 0, oldest timestamp: (1772049941, 1) , meta checkpoint timestamp: (1772050241, 1) base write gen: 556601"}}}
{"t":{"$date":"2026-02-26T01:41:45.792+05:30"},"s":"I",  "c":"WTCHKPT",  "id":22430,   "ctx":"Checkpointer","msg":"WiredTiger message","attr":{"message":{"ts_sec":1772050305,"ts_usec":791923,"thread":"67409:0x30dd83000","session_name":"WT_SESSION.checkpoint","category":"WT_VERB_CHECKPOINT_PROGRESS","category_id":6,"verbose_level":"DEBUG","verbose_level_id":1,"msg":"saving checkpoint snapshot min: 8946, snapshot max: 8946 snapshot count: 0, oldest timestamp: (1772050001, 1) , meta checkpoint timestamp: (1772050301, 1) base write gen: 556601"}}}
{"t":{"$date":"2026-02-26T01:42:45.945+05:30"},"s":"I",  "c":"WTCHKPT",  "id":22430,   "ctx":"Checkpointer","msg":"WiredTiger message","attr":{"message":{"ts_sec":1772050365,"ts_usec":945244,"thread":"67409:0x30dd83000","session_name":"WT_SESSION.checkpoint","category":"WT_VERB_CHECKPOINT_PROGRESS","category_id":6,"verbose_level":"DEBUG","verbose_level_id":1,"msg":"saving checkpoint snapshot min: 8961, snapshot max: 8961 snapshot count: 0, oldest timestamp: (1772050061, 1) , meta checkpoint timestamp: (1772050361, 1) base write gen: 556601"}}}
{"t":{"$date":"2026-02-26T01:43:46.074+05:30"},"s":"I",  "c":"WTCHKPT",  "id":22430,   "ctx":"Checkpointer","msg":"WiredTiger message","attr":{"message":{"ts_sec":1772050426,"ts_usec":73990,"thread":"67409:0x30dd83000","session_name":"WT_SESSION.checkpoint","category":"WT_VERB_CHECKPOINT_PROGRESS","category_id":6,"verbose_level":"DEBUG","verbose_level_id":1,"msg":"saving checkpoint snapshot min: 8976, snapshot max: 8976 snapshot count: 0, oldest timestamp: (1772050121, 1) , meta checkpoint timestamp: (1772050421, 1) base write gen: 556601"}}}
{"t":{"$date":"2026-02-26T01:44:46.196+05:30"},"s":"I",  "c":"WTCHKPT",  "id":22430,   "ctx":"Checkpointer","msg":"WiredTiger message","attr":{"message":{"ts_sec":1772050486,"ts_usec":196674,"thread":"67409:0x30dd83000","session_name":"WT_SESSION.checkpoint","category":"WT_VERB_CHECKPOINT_PROGRESS","category_id":6,"verbose_level":"DEBUG","verbose_level_id":1,"msg":"saving checkpoint snapshot min: 8991, snapshot max: 8991 snapshot count: 0, oldest timestamp: (1772050181, 1) , meta checkpoint timestamp: (1772050481, 1) base write gen: 556601"}}}
{"t":{"$date":"2026-02-26T01:45:46.330+05:30"},"s":"I",  "c":"WTCHKPT",  "id":22430,   "ctx":"Checkpointer","msg":"WiredTiger message","attr":{"message":{"ts_sec":1772050546,"ts_usec":330637,"thread":"67409:0x30dd83000","session_name":"WT_SESSION.checkpoint","category":"WT_VERB_CHECKPOINT_PROGRESS","category_id":6,"verbose_level":"DEBUG","verbose_level_id":1,"msg":"saving checkpoint snapshot min: 9006, snapshot max: 9006 snapshot count: 0, oldest timestamp: (1772050241, 1) , meta checkpoint timestamp: (1772050541, 1) base write gen: 556601"}}}
{"t":{"$date":"2026-02-26T01:46:46.424+05:30"},"s":"I",  "c":"WTCHKPT",  "id":22430,   "ctx":"Checkpointer","msg":"WiredTiger message","attr":{"message":{"ts_sec":1772050606,"ts_usec":424395,"thread":"67409:0x30dd83000","session_name":"WT_SESSION.checkpoint","category":"WT_VERB_CHECKPOINT_PROGRESS","category_id":6,"verbose_level":"DEBUG","verbose_level_id":1,"msg":"saving checkpoint snapshot min: 9021, snapshot max: 9021 snapshot count: 0, oldest timestamp: (1772050301, 1) , meta checkpoint timestamp: (1772050601, 1) base write gen: 556601"}}}
{"t":{"$date":"2026-02-26T01:47:46.556+05:30"},"s":"I",  "c":"WTCHKPT",  "id":22430,   "ctx":"Checkpointer","msg":"WiredTiger message","attr":{"message":{"ts_sec":1772050666,"ts_usec":556505,"thread":"67409:0x30dd83000","session_name":"WT_SESSION.checkpoint","category":"WT_VERB_CHECKPOINT_PROGRESS","category_id":6,"verbose_level":"DEBUG","verbose_level_id":1,"msg":"saving checkpoint snapshot min: 9036, snapshot max: 9036 snapshot count: 0, oldest timestamp: (1772050361, 1) , meta checkpoint timestamp: (1772050661, 1) base write gen: 556601"}}}
{"t":{"$date":"2026-02-26T01:48:46.737+05:30"},"s":"I",  "c":"WTCHKPT",  "id":22430,   "ctx":"Checkpointer","msg":"WiredTiger message","attr":{"message":{"ts_sec":1772050726,"ts_usec":737041,"thread":"67409:0x30dd83000","session_name":"WT_SESSION.checkpoint","category":"WT_VERB_CHECKPOINT_PROGRESS","category_id":6,"verbose_level":"DEBUG","verbose_level_id":1,"msg":"saving checkpoint snapshot min: 9051, snapshot max: 9051 snapshot count: 0, oldest timestamp: (1772050421, 1) , meta checkpoint timestamp: (1772050721, 1) base write gen: 556601"}}}
{"t":{"$date":"2026-02-26T01:49:46.873+05:30"},"s":"I",  "c":"WTCHKPT",  "id":22430,   "ctx":"Checkpointer","msg":"WiredTiger message","attr":{"message":{"ts_sec":1772050786,"ts_usec":873783,"thread":"67409:0x30dd83000","session_name":"WT_SESSION.checkpoint","category":"WT_VERB_CHECKPOINT_PROGRESS","category_id":6,"verbose_level":"DEBUG","verbose_level_id":1,"msg":"saving checkpoint snapshot min: 9066, snapshot max: 9066 snapshot count: 0, oldest timestamp: (1772050481, 1) , meta checkpoint timestamp: (1772050781, 1) base write gen: 556601"}}}
{"t":{"$date":"2026-02-26T01:50:46.991+05:30"},"s":"I",  "c":"WTCHKPT",  "id":22430,   "ctx":"Checkpointer","msg":"WiredTiger message","attr":{"message":{"ts_sec":1772050846,"ts_usec":991374,"thread":"67409:0x30dd83000","session_name":"WT_SESSION.checkpoint","category":"WT_VERB_CHECKPOINT_PROGRESS","category_id":6,"verbose_level":"DEBUG","verbose_level_id":1,"msg":"saving checkpoint snapshot min: 9081, snapshot max: 9081 snapshot count: 0, oldest timestamp: (1772050541, 1) , meta checkpoint timestamp: (1772050841, 1) base write gen: 556601"}}}
{"t":{"$date":"2026-02-26T01:51:47.093+05:30"},"s":"I",  "c":"WTCHKPT",  "id":22430,   "ctx":"Checkpointer","msg":"WiredTiger message","attr":{"message":{"ts_sec":1772050907,"ts_usec":93019,"thread":"67409:0x30dd83000","session_name":"WT_SESSION.checkpoint","category":"WT_VERB_CHECKPOINT_PROGRESS","category_id":6,"verbose_level":"DEBUG","verbose_level_id":1,"msg":"saving checkpoint snapshot min: 9096, snapshot max: 9096 snapshot count: 0, oldest timestamp: (1772050601, 1) , meta checkpoint timestamp: (1772050901, 1) base write gen: 556601"}}}
{"t":{"$date":"2026-02-26T01:52:47.232+05:30"},"s":"I",  "c":"WTCHKPT",  "id":22430,   "ctx":"Checkpointer","msg":"WiredTiger message","attr":{"message":{"ts_sec":1772050967,"ts_usec":232565,"thread":"67409:0x30dd83000","session_name":"WT_SESSION.checkpoint","category":"WT_VERB_CHECKPOINT_PROGRESS","category_id":6,"verbose_level":"DEBUG","verbose_level_id":1,"msg":"saving checkpoint snapshot min: 9111, snapshot max: 9111 snapshot count: 0, oldest timestamp: (1772050661, 1) , meta checkpoint timestamp: (1772050961, 1) base write gen: 556601"}}}
{"t":{"$date":"2026-02-26T01:53:47.423+05:30"},"s":"I",  "c":"WTCHKPT",  "id":22430,   "ctx":"Checkpointer","msg":"WiredTiger message","attr":{"message":{"ts_sec":1772051027,"ts_usec":422968,"thread":"67409:0x30dd83000","session_name":"WT_SESSION.checkpoint","category":"WT_VERB_CHECKPOINT_PROGRESS","category_id":6,"verbose_level":"DEBUG","verbose_level_id":1,"msg":"saving checkpoint snapshot min: 9126, snapshot max: 9126 snapshot count: 0, oldest timestamp: (1772050721, 1) , meta checkpoint timestamp: (1772051021, 1) base write gen: 556601"}}}
{"t":{"$date":"2026-02-26T01:54:47.964+05:30"},"s":"I",  "c":"WTCHKPT",  "id":22430,   "ctx":"Checkpointer","msg":"WiredTiger message","attr":{"message":{"ts_sec":1772051087,"ts_usec":964826,"thread":"67409:0x30dd83000","session_name":"WT_SESSION.checkpoint","category":"WT_VERB_CHECKPOINT_PROGRESS","category_id":6,"verbose_level":"DEBUG","verbose_level_id":1,"msg":"saving checkpoint snapshot min: 9141, snapshot max: 9141 snapshot count: 0, oldest timestamp: (1772050781, 1) , meta checkpoint timestamp: (1772051081, 1) base write gen: 556601"}}}
{"t":{"$date":"2026-02-26T01:54:48.060+05:30"},"s":"I",  "c":"COMMAND",  "id":51803,   "ctx":"LogicalSessionCacheReap","msg":"Slow query","attr":{"type":"command","ns":"config.transactions","command":{"find":"transactions","filter":{"lastWriteDate":{"$lt":{"$date":"2026-02-25T19:54:47.834Z"}}},"projection":{"_id":1},"sort":{"_id":1},"readConcern":{},"$db":"config"},"planSummary":"IXSCAN { _id: 1 }","planningTimeMicros":172416,"keysExamined":0,"docsExamined":0,"nBatches":1,"cursorExhausted":true,"numYields":0,"nreturned":0,"queryHash":"C8660328","planCacheKey":"6B6211C4","queryFramework":"classic","reslen":233,"locks":{"FeatureCompatibilityVersion":{"acquireCount":{"r":3}},"ReplicationStateTransition":{"acquireCount":{"w":1}},"Global":{"acquireCount":{"r":3}},"Database":{"acquireCount":{"r":1}},"Collection":{"acquireCount":{"r":1}},"Mutex":{"acquireCount":{"r":2}}},"readConcern":{"provenance":"implicitDefault"},"storage":{},"protocol":"op_msg","durationMillis":189}}
{"t":{"$date":"2026-02-26T01:55:48.157+05:30"},"s":"I",  "c":"WTCHKPT",  "id":22430,   "ctx":"Checkpointer","msg":"WiredTiger message","attr":{"message":{"ts_sec":1772051148,"ts_usec":156886,"thread":"67409:0x30dd83000","session_name":"WT_SESSION.checkpoint","category":"WT_VERB_CHECKPOINT_PROGRESS","category_id":6,"verbose_level":"DEBUG","verbose_level_id":1,"msg":"saving checkpoint snapshot min: 9156, snapshot max: 9156 snapshot count: 0, oldest timestamp: (1772050841, 1) , meta checkpoint timestamp: (1772051141, 1) base write gen: 556601"}}}
{"t":{"$date":"2026-02-26T01:56:48.366+05:30"},"s":"I",  "c":"WTCHKPT",  "id":22430,   "ctx":"Checkpointer","msg":"WiredTiger message","attr":{"message":{"ts_sec":1772051208,"ts_usec":366632,"thread":"67409:0x30dd83000","session_name":"WT_SESSION.checkpoint","category":"WT_VERB_CHECKPOINT_PROGRESS","category_id":6,"verbose_level":"DEBUG","verbose_level_id":1,"msg":"saving checkpoint snapshot min: 9171, snapshot max: 9171 snapshot count: 0, oldest timestamp: (1772050902, 1) , meta checkpoint timestamp: (1772051202, 1) base write gen: 556601"}}}
{"t":{"$date":"2026-02-26T01:57:48.469+05:30"},"s":"I",  "c":"WTCHKPT",  "id":22430,   "ctx":"Checkpointer","msg":"WiredTiger message","attr":{"message":{"ts_sec":1772051268,"ts_usec":469806,"thread":"67409:0x30dd83000","session_name":"WT_SESSION.checkpoint","category":"WT_VERB_CHECKPOINT_PROGRESS","category_id":6,"verbose_level":"DEBUG","verbose_level_id":1,"msg":"saving checkpoint snapshot min: 9186, snapshot max: 9186 snapshot count: 0, oldest timestamp: (1772050962, 1) , meta checkpoint timestamp: (1772051262, 1) base write gen: 556601"}}}
{"t":{"$date":"2026-02-26T01:58:48.602+05:30"},"s":"I",  "c":"WTCHKPT",  "id":22430,   "ctx":"Checkpointer","msg":"WiredTiger message","attr":{"message":{"ts_sec":1772051328,"ts_usec":602077,"thread":"67409:0x30dd83000","session_name":"WT_SESSION.checkpoint","category":"WT_VERB_CHECKPOINT_PROGRESS","category_id":6,"verbose_level":"DEBUG","verbose_level_id":1,"msg":"saving checkpoint snapshot min: 9201, snapshot max: 9201 snapshot count: 0, oldest timestamp: (1772051022, 1) , meta checkpoint timestamp: (1772051322, 1) base write gen: 556601"}}}
{"t":{"$date":"2026-02-26T01:59:48.711+05:30"},"s":"I",  "c":"WTCHKPT",  "id":22430,   "ctx":"Checkpointer","msg":"WiredTiger message","attr":{"message":{"ts_sec":1772051388,"ts_usec":711800,"thread":"67409:0x30dd83000","session_name":"WT_SESSION.checkpoint","category":"WT_VERB_CHECKPOINT_PROGRESS","category_id":6,"verbose_level":"DEBUG","verbose_level_id":1,"msg":"saving checkpoint snapshot min: 9216, snapshot max: 9216 snapshot count: 0, oldest timestamp: (1772051082, 1) , meta checkpoint timestamp: (1772051382, 1) base write gen: 556601"}}}
{"t":{"$date":"2026-02-26T02:00:48.871+05:30"},"s":"I",  "c":"WTCHKPT",  "id":22430,   "ctx":"Checkpointer","msg":"WiredTiger message","attr":{"message":{"ts_sec":1772051448,"ts_usec":866133,"thread":"67409:0x30dd83000","session_name":"WT_SESSION.checkpoint","category":"WT_VERB_CHECKPOINT_PROGRESS","category_id":6,"verbose_level":"DEBUG","verbose_level_id":1,"msg":"saving checkpoint snapshot min: 9231, snapshot max: 9231 snapshot count: 0, oldest timestamp: (1772051142, 1) , meta checkpoint timestamp: (1772051442, 1) base write gen: 556601"}}}
{"t":{"$date":"2026-02-26T02:01:49.259+05:30"},"s":"I",  "c":"WTCHKPT",  "id":22430,   "ctx":"Checkpointer","msg":"WiredTiger message","attr":{"message":{"ts_sec":1772051509,"ts_usec":220899,"thread":"67409:0x30dd83000","session_name":"WT_SESSION.checkpoint","category":"WT_VERB_CHECKPOINT_PROGRESS","category_id":6,"verbose_level":"DEBUG","verbose_level_id":1,"msg":"saving checkpoint snapshot min: 9246, snapshot max: 9246 snapshot count: 0, oldest timestamp: (1772051202, 1) , meta checkpoint timestamp: (1772051502, 1) base write gen: 556601"}}}
{"t":{"$date":"2026-02-26T02:02:49.644+05:30"},"s":"I",  "c":"WTCHKPT",  "id":22430,   "ctx":"Checkpointer","msg":"WiredTiger message","attr":{"message":{"ts_sec":1772051569,"ts_usec":644693,"thread":"67409:0x30dd83000","session_name":"WT_SESSION.checkpoint","category":"WT_VERB_CHECKPOINT_PROGRESS","category_id":6,"verbose_level":"DEBUG","verbose_level_id":1,"msg":"saving checkpoint snapshot min: 9261, snapshot max: 9261 snapshot count: 0, oldest timestamp: (1772051262, 1) , meta checkpoint timestamp: (1772051562, 1) base write gen: 556601"}}}
{"t":{"$date":"2026-02-26T02:03:49.759+05:30"},"s":"I",  "c":"WTCHKPT",  "id":22430,   "ctx":"Checkpointer","msg":"WiredTiger message","attr":{"message":{"ts_sec":1772051629,"ts_usec":759431,"thread":"67409:0x30dd83000","session_name":"WT_SESSION.checkpoint","category":"WT_VERB_CHECKPOINT_PROGRESS","category_id":6,"verbose_level":"DEBUG","verbose_level_id":1,"msg":"saving checkpoint snapshot min: 9276, snapshot max: 9276 snapshot count: 0, oldest timestamp: (1772051322, 1) , meta checkpoint timestamp: (1772051622, 1) base write gen: 556601"}}}
{"t":{"$date":"2026-02-26T02:04:50.082+05:30"},"s":"I",  "c":"WTCHKPT",  "id":22430,   "ctx":"Checkpointer","msg":"WiredTiger message","attr":{"message":{"ts_sec":1772051690,"ts_usec":82264,"thread":"67409:0x30dd83000","session_name":"WT_SESSION.checkpoint","category":"WT_VERB_CHECKPOINT_PROGRESS","category_id":6,"verbose_level":"DEBUG","verbose_level_id":1,"msg":"saving checkpoint snapshot min: 9291, snapshot max: 9291 snapshot count: 0, oldest timestamp: (1772051382, 1) , meta checkpoint timestamp: (1772051682, 1) base write gen: 556601"}}}
{"t":{"$date":"2026-02-26T02:05:50.199+05:30"},"s":"I",  "c":"WTCHKPT",  "id":22430,   "ctx":"Checkpointer","msg":"WiredTiger message","attr":{"message":{"ts_sec":1772051750,"ts_usec":199279,"thread":"67409:0x30dd83000","session_name":"WT_SESSION.checkpoint","category":"WT_VERB_CHECKPOINT_PROGRESS","category_id":6,"verbose_level":"DEBUG","verbose_level_id":1,"msg":"saving checkpoint snapshot min: 9306, snapshot max: 9306 snapshot count: 0, oldest timestamp: (1772051442, 1) , meta checkpoint timestamp: (1772051742, 1) base write gen: 556601"}}}
{"t":{"$date":"2026-02-26T02:06:50.347+05:30"},"s":"I",  "c":"WTCHKPT",  "id":22430,   "ctx":"Checkpointer","msg":"WiredTiger message","attr":{"message":{"ts_sec":1772051810,"ts_usec":347465,"thread":"67409:0x30dd83000","session_name":"WT_SESSION.checkpoint","category":"WT_VERB_CHECKPOINT_PROGRESS","category_id":6,"verbose_level":"DEBUG","verbose_level_id":1,"msg":"saving checkpoint snapshot min: 9321, snapshot max: 9321 snapshot count: 0, oldest timestamp: (1772051502, 1) , meta checkpoint timestamp: (1772051802, 1) base write gen: 556601"}}}
{"t":{"$date":"2026-02-26T02:07:50.476+05:30"},"s":"I",  "c":"WTCHKPT",  "id":22430,   "ctx":"Checkpointer","msg":"WiredTiger message","attr":{"message":{"ts_sec":1772051870,"ts_usec":476041,"thread":"67409:0x30dd83000","session_name":"WT_SESSION.checkpoint","category":"WT_VERB_CHECKPOINT_PROGRESS","category_id":6,"verbose_level":"DEBUG","verbose_level_id":1,"msg":"saving checkpoint snapshot min: 9336, snapshot max: 9336 snapshot count: 0, oldest timestamp: (1772051562, 1) , meta checkpoint timestamp: (1772051862, 1) base write gen: 556601"}}}
{"t":{"$date":"2026-02-26T02:08:50.627+05:30"},"s":"I",  "c":"WTCHKPT",  "id":22430,   "ctx":"Checkpointer","msg":"WiredTiger message","attr":{"message":{"ts_sec":1772051930,"ts_usec":627242,"thread":"67409:0x30dd83000","session_name":"WT_SESSION.checkpoint","category":"WT_VERB_CHECKPOINT_PROGRESS","category_id":6,"verbose_level":"DEBUG","verbose_level_id":1,"msg":"saving checkpoint snapshot min: 9351, snapshot max: 9351 snapshot count: 0, oldest timestamp: (1772051622, 1) , meta checkpoint timestamp: (1772051922, 1) base write gen: 556601"}}}
{"t":{"$date":"2026-02-26T02:09:50.742+05:30"},"s":"I",  "c":"WTCHKPT",  "id":22430,   "ctx":"Checkpointer","msg":"WiredTiger message","attr":{"message":{"ts_sec":1772051990,"ts_usec":742154,"thread":"67409:0x30dd83000","session_name":"WT_SESSION.checkpoint","category":"WT_VERB_CHECKPOINT_PROGRESS","category_id":6,"verbose_level":"DEBUG","verbose_level_id":1,"msg":"saving checkpoint snapshot min: 9366, snapshot max: 9366 snapshot count: 0, oldest timestamp: (1772051682, 1) , meta checkpoint timestamp: (1772051982, 1) base write gen: 556601"}}}
{"t":{"$date":"2026-02-26T02:10:51.034+05:30"},"s":"I",  "c":"WTCHKPT",  "id":22430,   "ctx":"Checkpointer","msg":"WiredTiger message","attr":{"message":{"ts_sec":1772052051,"ts_usec":34480,"thread":"67409:0x30dd83000","session_name":"WT_SESSION.checkpoint","category":"WT_VERB_CHECKPOINT_PROGRESS","category_id":6,"verbose_level":"DEBUG","verbose_level_id":1,"msg":"saving checkpoint snapshot min: 9381, snapshot max: 9381 snapshot count: 0, oldest timestamp: (1772051742, 1) , meta checkpoint timestamp: (1772052042, 1) base write gen: 556601"}}}
{"t":{"$date":"2026-02-26T02:11:51.154+05:30"},"s":"I",  "c":"WTCHKPT",  "id":22430,   "ctx":"Checkpointer","msg":"WiredTiger message","attr":{"message":{"ts_sec":1772052111,"ts_usec":154824,"thread":"67409:0x30dd83000","session_name":"WT_SESSION.checkpoint","category":"WT_VERB_CHECKPOINT_PROGRESS","category_id":6,"verbose_level":"DEBUG","verbose_level_id":1,"msg":"saving checkpoint snapshot min: 9396, snapshot max: 9396 snapshot count: 0, oldest timestamp: (1772051802, 1) , meta checkpoint timestamp: (1772052102, 1) base write gen: 556601"}}}
{"t":{"$date":"2026-02-26T02:12:51.258+05:30"},"s":"I",  "c":"WTCHKPT",  "id":22430,   "ctx":"Checkpointer","msg":"WiredTiger message","attr":{"message":{"ts_sec":1772052171,"ts_usec":258229,"thread":"67409:0x30dd83000","session_name":"WT_SESSION.checkpoint","category":"WT_VERB_CHECKPOINT_PROGRESS","category_id":6,"verbose_level":"DEBUG","verbose_level_id":1,"msg":"saving checkpoint snapshot min: 9411, snapshot max: 9411 snapshot count: 0, oldest timestamp: (1772051862, 1) , meta checkpoint timestamp: (1772052162, 1) base write gen: 556601"}}}
{"t":{"$date":"2026-02-26T02:13:51.387+05:30"},"s":"I",  "c":"WTCHKPT",  "id":22430,   "ctx":"Checkpointer","msg":"WiredTiger message","attr":{"message":{"ts_sec":1772052231,"ts_usec":387277,"thread":"67409:0x30dd83000","session_name":"WT_SESSION.checkpoint","category":"WT_VERB_CHECKPOINT_PROGRESS","category_id":6,"verbose_level":"DEBUG","verbose_level_id":1,"msg":"saving checkpoint snapshot min: 9426, snapshot max: 9426 snapshot count: 0, oldest timestamp: (1772051922, 1) , meta checkpoint timestamp: (1772052222, 1) base write gen: 556601"}}}
{"t":{"$date":"2026-02-26T02:14:51.839+05:30"},"s":"I",  "c":"WTCHKPT",  "id":22430,   "ctx":"Checkpointer","msg":"WiredTiger message","attr":{"message":{"ts_sec":1772052291,"ts_usec":839001,"thread":"67409:0x30dd83000","session_name":"WT_SESSION.checkpoint","category":"WT_VERB_CHECKPOINT_PROGRESS","category_id":6,"verbose_level":"DEBUG","verbose_level_id":1,"msg":"saving checkpoint snapshot min: 9441, snapshot max: 9441 snapshot count: 0, oldest timestamp: (1772051982, 1) , meta checkpoint timestamp: (1772052282, 1) base write gen: 556601"}}}
{"t":{"$date":"2026-02-26T02:15:51.931+05:30"},"s":"I",  "c":"WTCHKPT",  "id":22430,   "ctx":"Checkpointer","msg":"WiredTiger message","attr":{"message":{"ts_sec":1772052351,"ts_usec":931779,"thread":"67409:0x30dd83000","session_name":"WT_SESSION.checkpoint","category":"WT_VERB_CHECKPOINT_PROGRESS","category_id":6,"verbose_level":"DEBUG","verbose_level_id":1,"msg":"saving checkpoint snapshot min: 9456, snapshot max: 9456 snapshot count: 0, oldest timestamp: (1772052042, 1) , meta checkpoint timestamp: (1772052342, 1) base write gen: 556601"}}}
{"t":{"$date":"2026-02-26T02:16:52.036+05:30"},"s":"I",  "c":"WTCHKPT",  "id":22430,   "ctx":"Checkpointer","msg":"WiredTiger message","attr":{"message":{"ts_sec":1772052412,"ts_usec":36792,"thread":"67409:0x30dd83000","session_name":"WT_SESSION.checkpoint","category":"WT_VERB_CHECKPOINT_PROGRESS","category_id":6,"verbose_level":"DEBUG","verbose_level_id":1,"msg":"saving checkpoint snapshot min: 9471, snapshot max: 9471 snapshot count: 0, oldest timestamp: (1772052102, 1) , meta checkpoint timestamp: (1772052402, 1) base write gen: 556601"}}}
{"t":{"$date":"2026-02-26T02:17:52.130+05:30"},"s":"I",  "c":"WTCHKPT",  "id":22430,   "ctx":"Checkpointer","msg":"WiredTiger message","attr":{"message":{"ts_sec":1772052472,"ts_usec":130380,"thread":"67409:0x30dd83000","session_name":"WT_SESSION.checkpoint","category":"WT_VERB_CHECKPOINT_PROGRESS","category_id":6,"verbose_level":"DEBUG","verbose_level_id":1,"msg":"saving checkpoint snapshot min: 9486, snapshot max: 9486 snapshot count: 0, oldest timestamp: (1772052162, 1) , meta checkpoint timestamp: (1772052462, 1) base write gen: 556601"}}}
{"t":{"$date":"2026-02-26T02:18:52.238+05:30"},"s":"I",  "c":"WTCHKPT",  "id":22430,   "ctx":"Checkpointer","msg":"WiredTiger message","attr":{"message":{"ts_sec":1772052532,"ts_usec":238095,"thread":"67409:0x30dd83000","session_name":"WT_SESSION.checkpoint","category":"WT_VERB_CHECKPOINT_PROGRESS","category_id":6,"verbose_level":"DEBUG","verbose_level_id":1,"msg":"saving checkpoint snapshot min: 9501, snapshot max: 9501 snapshot count: 0, oldest timestamp: (1772052222, 1) , meta checkpoint timestamp: (1772052522, 1) base write gen: 556601"}}}
{"t":{"$date":"2026-02-26T02:19:52.586+05:30"},"s":"I",  "c":"WTCHKPT",  "id":22430,   "ctx":"Checkpointer","msg":"WiredTiger message","attr":{"message":{"ts_sec":1772052592,"ts_usec":586026,"thread":"67409:0x30dd83000","session_name":"WT_SESSION.checkpoint","category":"WT_VERB_CHECKPOINT_PROGRESS","category_id":6,"verbose_level":"DEBUG","verbose_level_id":1,"msg":"saving checkpoint snapshot min: 9516, snapshot max: 9516 snapshot count: 0, oldest timestamp: (1772052282, 1) , meta checkpoint timestamp: (1772052582, 1) base write gen: 556601"}}}
{"t":{"$date":"2026-02-26T02:20:53.096+05:30"},"s":"I",  "c":"WTCHKPT",  "id":22430,   "ctx":"Checkpointer","msg":"WiredTiger message","attr":{"message":{"ts_sec":1772052653,"ts_usec":96512,"thread":"67409:0x30dd83000","session_name":"WT_SESSION.checkpoint","category":"WT_VERB_CHECKPOINT_PROGRESS","category_id":6,"verbose_level":"DEBUG","verbose_level_id":1,"msg":"saving checkpoint snapshot min: 9533, snapshot max: 9533 snapshot count: 0, oldest timestamp: (1772052352, 1) , meta checkpoint timestamp: (1772052652, 1) base write gen: 556601"}}}
{"t":{"$date":"2026-02-26T02:21:53.220+05:30"},"s":"I",  "c":"WTCHKPT",  "id":22430,   "ctx":"Checkpointer","msg":"WiredTiger message","attr":{"message":{"ts_sec":1772052713,"ts_usec":216891,"thread":"67409:0x30dd83000","session_name":"WT_SESSION.checkpoint","category":"WT_VERB_CHECKPOINT_PROGRESS","category_id":6,"verbose_level":"DEBUG","verbose_level_id":1,"msg":"saving checkpoint snapshot min: 9548, snapshot max: 9548 snapshot count: 0, oldest timestamp: (1772052412, 1) , meta checkpoint timestamp: (1772052712, 1) base write gen: 556601"}}}
{"t":{"$date":"2026-02-26T02:22:53.400+05:30"},"s":"I",  "c":"WTCHKPT",  "id":22430,   "ctx":"Checkpointer","msg":"WiredTiger message","attr":{"message":{"ts_sec":1772052773,"ts_usec":397289,"thread":"67409:0x30dd83000","session_name":"WT_SESSION.checkpoint","category":"WT_VERB_CHECKPOINT_PROGRESS","category_id":6,"verbose_level":"DEBUG","verbose_level_id":1,"msg":"saving checkpoint snapshot min: 9563, snapshot max: 9563 snapshot count: 0, oldest timestamp: (1772052472, 1) , meta checkpoint timestamp: (1772052772, 1) base write gen: 556601"}}}
{"t":{"$date":"2026-02-26T02:23:53.541+05:30"},"s":"I",  "c":"WTCHKPT",  "id":22430,   "ctx":"Checkpointer","msg":"WiredTiger message","attr":{"message":{"ts_sec":1772052833,"ts_usec":536720,"thread":"67409:0x30dd83000","session_name":"WT_SESSION.checkpoint","category":"WT_VERB_CHECKPOINT_PROGRESS","category_id":6,"verbose_level":"DEBUG","verbose_level_id":1,"msg":"saving checkpoint snapshot min: 9578, snapshot max: 9578 snapshot count: 0, oldest timestamp: (1772052532, 1) , meta checkpoint timestamp: (1772052832, 1) base write gen: 556601"}}}
{"t":{"$date":"2026-02-26T02:24:53.656+05:30"},"s":"I",  "c":"WTCHKPT",  "id":22430,   "ctx":"Checkpointer","msg":"WiredTiger message","attr":{"message":{"ts_sec":1772052893,"ts_usec":650434,"thread":"67409:0x30dd83000","session_name":"WT_SESSION.checkpoint","category":"WT_VERB_CHECKPOINT_PROGRESS","category_id":6,"verbose_level":"DEBUG","verbose_level_id":1,"msg":"saving checkpoint snapshot min: 9593, snapshot max: 9593 snapshot count: 0, oldest timestamp: (1772052592, 1) , meta checkpoint timestamp: (1772052892, 1) base write gen: 556601"}}}
{"t":{"$date":"2026-02-26T02:25:53.827+05:30"},"s":"I",  "c":"WTCHKPT",  "id":22430,   "ctx":"Checkpointer","msg":"WiredTiger message","attr":{"message":{"ts_sec":1772052953,"ts_usec":822613,"thread":"67409:0x30dd83000","session_name":"WT_SESSION.checkpoint","category":"WT_VERB_CHECKPOINT_PROGRESS","category_id":6,"verbose_level":"DEBUG","verbose_level_id":1,"msg":"saving checkpoint snapshot min: 9608, snapshot max: 9608 snapshot count: 0, oldest timestamp: (1772052652, 1) , meta checkpoint timestamp: (1772052952, 1) base write gen: 556601"}}}
{"t":{"$date":"2026-02-26T02:26:54.237+05:30"},"s":"I",  "c":"WTCHKPT",  "id":22430,   "ctx":"Checkpointer","msg":"WiredTiger message","attr":{"message":{"ts_sec":1772053014,"ts_usec":232225,"thread":"67409:0x30dd83000","session_name":"WT_SESSION.checkpoint","category":"WT_VERB_CHECKPOINT_PROGRESS","category_id":6,"verbose_level":"DEBUG","verbose_level_id":1,"msg":"saving checkpoint snapshot min: 9623, snapshot max: 9623 snapshot count: 0, oldest timestamp: (1772052712, 1) , meta checkpoint timestamp: (1772053012, 1) base write gen: 556601"}}}
{"t":{"$date":"2026-02-26T02:27:55.076+05:30"},"s":"I",  "c":"WTCHKPT",  "id":22430,   "ctx":"Checkpointer","msg":"WiredTiger message","attr":{"message":{"ts_sec":1772053075,"ts_usec":76372,"thread":"67409:0x30dd83000","session_name":"WT_SESSION.checkpoint","category":"WT_VERB_CHECKPOINT_PROGRESS","category_id":6,"verbose_level":"DEBUG","verbose_level_id":1,"msg":"saving checkpoint snapshot min: 9638, snapshot max: 9638 snapshot count: 0, oldest timestamp: (1772052772, 1) , meta checkpoint timestamp: (1772053072, 1) base write gen: 556601"}}}
{"t":{"$date":"2026-02-26T02:28:55.196+05:30"},"s":"I",  "c":"WTCHKPT",  "id":22430,   "ctx":"Checkpointer","msg":"WiredTiger message","attr":{"message":{"ts_sec":1772053135,"ts_usec":196393,"thread":"67409:0x30dd83000","session_name":"WT_SESSION.checkpoint","category":"WT_VERB_CHECKPOINT_PROGRESS","category_id":6,"verbose_level":"DEBUG","verbose_level_id":1,"msg":"saving checkpoint snapshot min: 9653, snapshot max: 9653 snapshot count: 0, oldest timestamp: (1772052832, 1) , meta checkpoint timestamp: (1772053132, 1) base write gen: 556601"}}}
{"t":{"$date":"2026-02-26T02:29:55.331+05:30"},"s":"I",  "c":"WTCHKPT",  "id":22430,   "ctx":"Checkpointer","msg":"WiredTiger message","attr":{"message":{"ts_sec":1772053195,"ts_usec":331044,"thread":"67409:0x30dd83000","session_name":"WT_SESSION.checkpoint","category":"WT_VERB_CHECKPOINT_PROGRESS","category_id":6,"verbose_level":"DEBUG","verbose_level_id":1,"msg":"saving checkpoint snapshot min: 9668, snapshot max: 9668 snapshot count: 0, oldest timestamp: (1772052892, 1) , meta checkpoint timestamp: (1772053192, 1) base write gen: 556601"}}}
{"t":{"$date":"2026-02-26T02:30:55.443+05:30"},"s":"I",  "c":"WTCHKPT",  "id":22430,   "ctx":"Checkpointer","msg":"WiredTiger message","attr":{"message":{"ts_sec":1772053255,"ts_usec":442968,"thread":"67409:0x30dd83000","session_name":"WT_SESSION.checkpoint","category":"WT_VERB_CHECKPOINT_PROGRESS","category_id":6,"verbose_level":"DEBUG","verbose_level_id":1,"msg":"saving checkpoint snapshot min: 9683, snapshot max: 9683 snapshot count: 0, oldest timestamp: (1772052952, 1) , meta checkpoint timestamp: (1772053252, 1) base write gen: 556601"}}}
{"t":{"$date":"2026-02-26T02:31:55.567+05:30"},"s":"I",  "c":"WTCHKPT",  "id":22430,   "ctx":"Checkpointer","msg":"WiredTiger message","attr":{"message":{"ts_sec":1772053315,"ts_usec":567839,"thread":"67409:0x30dd83000","session_name":"WT_SESSION.checkpoint","category":"WT_VERB_CHECKPOINT_PROGRESS","category_id":6,"verbose_level":"DEBUG","verbose_level_id":1,"msg":"saving checkpoint snapshot min: 9698, snapshot max: 9698 snapshot count: 0, oldest timestamp: (1772053012, 1) , meta checkpoint timestamp: (1772053312, 1) base write gen: 556601"}}}
{"t":{"$date":"2026-02-26T02:32:55.851+05:30"},"s":"I",  "c":"WTCHKPT",  "id":22430,   "ctx":"Checkpointer","msg":"WiredTiger message","attr":{"message":{"ts_sec":1772053375,"ts_usec":850950,"thread":"67409:0x30dd83000","session_name":"WT_SESSION.checkpoint","category":"WT_VERB_CHECKPOINT_PROGRESS","category_id":6,"verbose_level":"DEBUG","verbose_level_id":1,"msg":"saving checkpoint snapshot min: 9713, snapshot max: 9713 snapshot count: 0, oldest timestamp: (1772053072, 1) , meta checkpoint timestamp: (1772053372, 1) base write gen: 556601"}}}
{"t":{"$date":"2026-02-26T02:33:56.448+05:30"},"s":"I",  "c":"WTCHKPT",  "id":22430,   "ctx":"Checkpointer","msg":"WiredTiger message","attr":{"message":{"ts_sec":1772053436,"ts_usec":448808,"thread":"67409:0x30dd83000","session_name":"WT_SESSION.checkpoint","category":"WT_VERB_CHECKPOINT_PROGRESS","category_id":6,"verbose_level":"DEBUG","verbose_level_id":1,"msg":"saving checkpoint snapshot min: 9728, snapshot max: 9728 snapshot count: 0, oldest timestamp: (1772053132, 1) , meta checkpoint timestamp: (1772053432, 1) base write gen: 556601"}}}
{"t":{"$date":"2026-02-26T02:34:56.604+05:30"},"s":"I",  "c":"WTCHKPT",  "id":22430,   "ctx":"Checkpointer","msg":"WiredTiger message","attr":{"message":{"ts_sec":1772053496,"ts_usec":604520,"thread":"67409:0x30dd83000","session_name":"WT_SESSION.checkpoint","category":"WT_VERB_CHECKPOINT_PROGRESS","category_id":6,"verbose_level":"DEBUG","verbose_level_id":1,"msg":"saving checkpoint snapshot min: 9743, snapshot max: 9743 snapshot count: 0, oldest timestamp: (1772053192, 1) , meta checkpoint timestamp: (1772053492, 1) base write gen: 556601"}}}
{"t":{"$date":"2026-02-26T02:35:56.735+05:30"},"s":"I",  "c":"WTCHKPT",  "id":22430,   "ctx":"Checkpointer","msg":"WiredTiger message","attr":{"message":{"ts_sec":1772053556,"ts_usec":735506,"thread":"67409:0x30dd83000","session_name":"WT_SESSION.checkpoint","category":"WT_VERB_CHECKPOINT_PROGRESS","category_id":6,"verbose_level":"DEBUG","verbose_level_id":1,"msg":"saving checkpoint snapshot min: 9758, snapshot max: 9758 snapshot count: 0, oldest timestamp: (1772053252, 1) , meta checkpoint timestamp: (1772053552, 1) base write gen: 556601"}}}
{"t":{"$date":"2026-02-26T02:36:56.890+05:30"},"s":"I",  "c":"WTCHKPT",  "id":22430,   "ctx":"Checkpointer","msg":"WiredTiger message","attr":{"message":{"ts_sec":1772053616,"ts_usec":889929,"thread":"67409:0x30dd83000","session_name":"WT_SESSION.checkpoint","category":"WT_VERB_CHECKPOINT_PROGRESS","category_id":6,"verbose_level":"DEBUG","verbose_level_id":1,"msg":"saving checkpoint snapshot min: 9773, snapshot max: 9773 snapshot count: 0, oldest timestamp: (1772053312, 1) , meta checkpoint timestamp: (1772053612, 1) base write gen: 556601"}}}
{"t":{"$date":"2026-02-26T02:37:57.027+05:30"},"s":"I",  "c":"WTCHKPT",  "id":22430,   "ctx":"Checkpointer","msg":"WiredTiger message","attr":{"message":{"ts_sec":1772053677,"ts_usec":27345,"thread":"67409:0x30dd83000","session_name":"WT_SESSION.checkpoint","category":"WT_VERB_CHECKPOINT_PROGRESS","category_id":6,"verbose_level":"DEBUG","verbose_level_id":1,"msg":"saving checkpoint snapshot min: 9788, snapshot max: 9788 snapshot count: 0, oldest timestamp: (1772053372, 1) , meta checkpoint timestamp: (1772053672, 1) base write gen: 556601"}}}
{"t":{"$date":"2026-02-26T02:38:57.355+05:30"},"s":"I",  "c":"WTCHKPT",  "id":22430,   "ctx":"Checkpointer","msg":"WiredTiger message","attr":{"message":{"ts_sec":1772053737,"ts_usec":355364,"thread":"67409:0x30dd83000","session_name":"WT_SESSION.checkpoint","category":"WT_VERB_CHECKPOINT_PROGRESS","category_id":6,"verbose_level":"DEBUG","verbose_level_id":1,"msg":"saving checkpoint snapshot min: 9803, snapshot max: 9803 snapshot count: 0, oldest timestamp: (1772053433, 1) , meta checkpoint timestamp: (1772053733, 1) base write gen: 556601"}}}
{"t":{"$date":"2026-02-26T02:39:57.493+05:30"},"s":"I",  "c":"WTCHKPT",  "id":22430,   "ctx":"Checkpointer","msg":"WiredTiger message","attr":{"message":{"ts_sec":1772053797,"ts_usec":493267,"thread":"67409:0x30dd83000","session_name":"WT_SESSION.checkpoint","category":"WT_VERB_CHECKPOINT_PROGRESS","category_id":6,"verbose_level":"DEBUG","verbose_level_id":1,"msg":"saving checkpoint snapshot min: 9818, snapshot max: 9818 snapshot count: 0, oldest timestamp: (1772053493, 1) , meta checkpoint timestamp: (1772053793, 1) base write gen: 556601"}}}
{"t":{"$date":"2026-02-26T02:40:57.597+05:30"},"s":"I",  "c":"WTCHKPT",  "id":22430,   "ctx":"Checkpointer","msg":"WiredTiger message","attr":{"message":{"ts_sec":1772053857,"ts_usec":597317,"thread":"67409:0x30dd83000","session_name":"WT_SESSION.checkpoint","category":"WT_VERB_CHECKPOINT_PROGRESS","category_id":6,"verbose_level":"DEBUG","verbose_level_id":1,"msg":"saving checkpoint snapshot min: 9833, snapshot max: 9833 snapshot count: 0, oldest timestamp: (1772053553, 1) , meta checkpoint timestamp: (1772053853, 1) base write gen: 556601"}}}
{"t":{"$date":"2026-02-26T02:41:57.858+05:30"},"s":"I",  "c":"WTCHKPT",  "id":22430,   "ctx":"Checkpointer","msg":"WiredTiger message","attr":{"message":{"ts_sec":1772053917,"ts_usec":858187,"thread":"67409:0x30dd83000","session_name":"WT_SESSION.checkpoint","category":"WT_VERB_CHECKPOINT_PROGRESS","category_id":6,"verbose_level":"DEBUG","verbose_level_id":1,"msg":"saving checkpoint snapshot min: 9848, snapshot max: 9848 snapshot count: 0, oldest timestamp: (1772053613, 1) , meta checkpoint timestamp: (1772053913, 1) base write gen: 556601"}}}
{"t":{"$date":"2026-02-26T02:42:58.164+05:30"},"s":"I",  "c":"WTCHKPT",  "id":22430,   "ctx":"Checkpointer","msg":"WiredTiger message","attr":{"message":{"ts_sec":1772053978,"ts_usec":164488,"thread":"67409:0x30dd83000","session_name":"WT_SESSION.checkpoint","category":"WT_VERB_CHECKPOINT_PROGRESS","category_id":6,"verbose_level":"DEBUG","verbose_level_id":1,"msg":"saving checkpoint snapshot min: 9863, snapshot max: 9863 snapshot count: 0, oldest timestamp: (1772053673, 1) , meta checkpoint timestamp: (1772053973, 1) base write gen: 556601"}}}
{"t":{"$date":"2026-02-26T02:43:58.302+05:30"},"s":"I",  "c":"WTCHKPT",  "id":22430,   "ctx":"Checkpointer","msg":"WiredTiger message","attr":{"message":{"ts_sec":1772054038,"ts_usec":302099,"thread":"67409:0x30dd83000","session_name":"WT_SESSION.checkpoint","category":"WT_VERB_CHECKPOINT_PROGRESS","category_id":6,"verbose_level":"DEBUG","verbose_level_id":1,"msg":"saving checkpoint snapshot min: 9878, snapshot max: 9878 snapshot count: 0, oldest timestamp: (1772053733, 1) , meta checkpoint timestamp: (1772054033, 1) base write gen: 556601"}}}
{"t":{"$date":"2026-02-26T02:44:58.434+05:30"},"s":"I",  "c":"WTCHKPT",  "id":22430,   "ctx":"Checkpointer","msg":"WiredTiger message","attr":{"message":{"ts_sec":1772054098,"ts_usec":430016,"thread":"67409:0x30dd83000","session_name":"WT_SESSION.checkpoint","category":"WT_VERB_CHECKPOINT_PROGRESS","category_id":6,"verbose_level":"DEBUG","verbose_level_id":1,"msg":"saving checkpoint snapshot min: 9893, snapshot max: 9893 snapshot count: 0, oldest timestamp: (1772053793, 1) , meta checkpoint timestamp: (1772054093, 1) base write gen: 556601"}}}
{"t":{"$date":"2026-02-26T02:45:58.601+05:30"},"s":"I",  "c":"WTCHKPT",  "id":22430,   "ctx":"Checkpointer","msg":"WiredTiger message","attr":{"message":{"ts_sec":1772054158,"ts_usec":601738,"thread":"67409:0x30dd83000","session_name":"WT_SESSION.checkpoint","category":"WT_VERB_CHECKPOINT_PROGRESS","category_id":6,"verbose_level":"DEBUG","verbose_level_id":1,"msg":"saving checkpoint snapshot min: 9908, snapshot max: 9908 snapshot count: 0, oldest timestamp: (1772053853, 1) , meta checkpoint timestamp: (1772054153, 1) base write gen: 556601"}}}
{"t":{"$date":"2026-02-26T02:46:59.209+05:30"},"s":"I",  "c":"WTCHKPT",  "id":22430,   "ctx":"Checkpointer","msg":"WiredTiger message","attr":{"message":{"ts_sec":1772054219,"ts_usec":209637,"thread":"67409:0x30dd83000","session_name":"WT_SESSION.checkpoint","category":"WT_VERB_CHECKPOINT_PROGRESS","category_id":6,"verbose_level":"DEBUG","verbose_level_id":1,"msg":"saving checkpoint snapshot min: 9923, snapshot max: 9923 snapshot count: 0, oldest timestamp: (1772053913, 1) , meta checkpoint timestamp: (1772054213, 1) base write gen: 556601"}}}
{"t":{"$date":"2026-02-26T02:48:00.223+05:30"},"s":"I",  "c":"WTCHKPT",  "id":22430,   "ctx":"Checkpointer","msg":"WiredTiger message","attr":{"message":{"ts_sec":1772054280,"ts_usec":223603,"thread":"67409:0x30dd83000","session_name":"WT_SESSION.checkpoint","category":"WT_VERB_CHECKPOINT_PROGRESS","category_id":6,"verbose_level":"DEBUG","verbose_level_id":1,"msg":"saving checkpoint snapshot min: 9938, snapshot max: 9938 snapshot count: 0, oldest timestamp: (1772053973, 1) , meta checkpoint timestamp: (1772054273, 1) base write gen: 556601"}}}
{"t":{"$date":"2026-02-26T02:49:00.378+05:30"},"s":"I",  "c":"WTCHKPT",  "id":22430,   "ctx":"Checkpointer","msg":"WiredTiger message","attr":{"message":{"ts_sec":1772054340,"ts_usec":378148,"thread":"67409:0x30dd83000","session_name":"WT_SESSION.checkpoint","category":"WT_VERB_CHECKPOINT_PROGRESS","category_id":6,"verbose_level":"DEBUG","verbose_level_id":1,"msg":"saving checkpoint snapshot min: 9953, snapshot max: 9953 snapshot count: 0, oldest timestamp: (1772054033, 1) , meta checkpoint timestamp: (1772054333, 1) base write gen: 556601"}}}
{"t":{"$date":"2026-02-26T02:50:00.547+05:30"},"s":"I",  "c":"WTCHKPT",  "id":22430,   "ctx":"Checkpointer","msg":"WiredTiger message","attr":{"message":{"ts_sec":1772054400,"ts_usec":547058,"thread":"67409:0x30dd83000","session_name":"WT_SESSION.checkpoint","category":"WT_VERB_CHECKPOINT_PROGRESS","category_id":6,"verbose_level":"DEBUG","verbose_level_id":1,"msg":"saving checkpoint snapshot min: 9968, snapshot max: 9968 snapshot count: 0, oldest timestamp: (1772054093, 1) , meta checkpoint timestamp: (1772054393, 1) base write gen: 556601"}}}
{"t":{"$date":"2026-02-26T02:51:01.074+05:30"},"s":"F",  "c":"CONTROL",  "id":6384300, "ctx":"ftdc","msg":"Writing fatal message","attr":{"message":"terminate() called. An exception is active; attempting to gather more information\n"}}
{"t":{"$date":"2026-02-26T02:51:01.081+05:30"},"s":"F",  "c":"CONTROL",  "id":6384300, "ctx":"ftdc","msg":"Writing fatal message","attr":{"message":"DBException::toString(): FileNotOpen: Failed to open interim file /usr/local/var/mongodb/diagnostic.data/metrics.interim.temp\nActual exception type: mongo::error_details::ExceptionForImpl<(mongo::ErrorCodes::Error)38, mongo::AssertionException>\n\n"}}
